alias_index	form_id	mnemonic	source_form_id	selectable	condition_status	preferred_status	depends_on_it_block
0	23	ldrd	A32/dp/xldst/ldstximm/LDRD_l_A1	1	exact	exact	0
1	24	ldrh	A32/dp/xldst/ldstximm/LDRH_l_A1	1	exact	exact	0
2	25	ldrsb	A32/dp/xldst/ldstximm/LDRSB_l_A1	1	exact	exact	0
3	26	ldrsh	A32/dp/xldst/ldstximm/LDRSH_l_A1	1	exact	exact	0
4	176	rrx	A32/dp/dpregis/logic3reg_immsh/MOV_r_A1_RRX	1	exact	exact	0
5	177	lsr	A32/dp/dpregis/logic3reg_immsh/MOV_r_A1	1	exact	exact	0
6	177	lsl	A32/dp/dpregis/logic3reg_immsh/MOV_r_A1	1	exact	exact	0
7	177	asr	A32/dp/dpregis/logic3reg_immsh/MOV_r_A1	1	exact	exact	0
8	177	ror	A32/dp/dpregis/logic3reg_immsh/MOV_r_A1	1	exact	exact	0
9	178	rrxs	A32/dp/dpregis/logic3reg_immsh/MOVS_r_A1_RRX	1	exact	exact	0
10	179	asrs	A32/dp/dpregis/logic3reg_immsh/MOVS_r_A1	1	exact	exact	0
11	179	rors	A32/dp/dpregis/logic3reg_immsh/MOVS_r_A1	1	exact	exact	0
12	179	lsls	A32/dp/dpregis/logic3reg_immsh/MOVS_r_A1	1	exact	exact	0
13	179	lsrs	A32/dp/dpregis/logic3reg_immsh/MOVS_r_A1	1	exact	exact	0
14	210	asrs	A32/dp/dpregrs/logic3reg_regsh/MOVS_rr_A1	1	exact	exact	0
15	210	rors	A32/dp/dpregrs/logic3reg_regsh/MOVS_rr_A1	1	exact	exact	0
16	210	lsrs	A32/dp/dpregrs/logic3reg_regsh/MOVS_rr_A1	1	exact	exact	0
17	210	lsls	A32/dp/dpregrs/logic3reg_regsh/MOVS_rr_A1	1	exact	exact	0
18	211	ror	A32/dp/dpregrs/logic3reg_regsh/MOV_rr_A1	1	exact	exact	0
19	211	asr	A32/dp/dpregrs/logic3reg_regsh/MOV_rr_A1	1	exact	exact	0
20	211	lsl	A32/dp/dpregrs/logic3reg_regsh/MOV_rr_A1	1	exact	exact	0
21	211	lsr	A32/dp/dpregrs/logic3reg_regsh/MOV_rr_A1	1	exact	exact	0
22	224	sub	A32/dp/dpimm/intdp2reg_imm/ADR_A2	1	exact	exact	0
23	231	add	A32/dp/dpimm/intdp2reg_imm/ADR_A1	1	exact	exact	0
24	238	movw	A32/dp/dpimm/movw/MOV_i_A2	1	exact	exact	0
25	264	ldr	A32/ldstimm/LDR_l_A1	1	exact	exact	0
26	265	ldrb	A32/ldstimm/LDRB_l_A1	1	exact	exact	0
27	268	push	A32/ldstimm/STR_i_A1_pre	1	exact	exact	0
28	270	pop	A32/ldstimm/LDR_i_A1_post	1	exact	exact	0
29	386	rfefa	A32/brblk/ldstexcept/RFEDA_A1_AS	1	exact	exact	0
30	387	rfeea	A32/brblk/ldstexcept/RFEDB_A1_AS	1	exact	exact	0
31	388	rfefd	A32/brblk/ldstexcept/RFEIA_A1_AS	1	exact	exact	0
32	389	rfeed	A32/brblk/ldstexcept/RFEIB_A1_AS	1	exact	exact	0
33	394	stmed	A32/brblk/ldstm/STMDA_A1	1	exact	exact	0
34	395	ldmfa	A32/brblk/ldstm/LDMDA_A1	1	exact	exact	0
35	396	stmea	A32/brblk/ldstm/STM_A1	1	exact	exact	0
36	397	ldmfd	A32/brblk/ldstm/LDM_A1	1	exact	exact	0
37	397	pop	A32/brblk/ldstm/LDM_A1	1	exact	exact	0
38	399	push	A32/brblk/ldstm/STMDB_A1	1	exact	exact	0
39	399	stmfd	A32/brblk/ldstm/STMDB_A1	1	exact	exact	0
40	400	ldmea	A32/brblk/ldstm/LDMDB_A1	1	exact	exact	0
41	402	stmfa	A32/brblk/ldstm/STMIB_A1	1	exact	exact	0
42	403	ldmed	A32/brblk/ldstm/LDMIB_A1	1	exact	exact	0
43	499	vpush	A32/cops_as/sysldst_mov64/ldstsimdfp/VSTMDB_A2	1	exact	exact	0
44	500	vstmia	A32/cops_as/sysldst_mov64/ldstsimdfp/VSTM_A2	1	exact	exact	0
45	501	vpush	A32/cops_as/sysldst_mov64/ldstsimdfp/VSTMDB_A1	1	exact	exact	0
46	502	vstmia	A32/cops_as/sysldst_mov64/ldstsimdfp/VSTM_A1	1	exact	exact	0
47	506	vldmia	A32/cops_as/sysldst_mov64/ldstsimdfp/VLDM_A2	1	exact	exact	0
48	506	vpop	A32/cops_as/sysldst_mov64/ldstsimdfp/VLDM_A2	1	exact	exact	0
49	508	vldmia	A32/cops_as/sysldst_mov64/ldstsimdfp/VLDM_A1	1	exact	exact	0
50	508	vpop	A32/cops_as/sysldst_mov64/ldstsimdfp/VLDM_A1	1	exact	exact	0
51	517	vldr	A32/cops_as/sysldst_mov64/ldstsimdfp/VLDR_l_A1_H	1	exact	exact	0
52	518	vldr	A32/cops_as/sysldst_mov64/ldstsimdfp/VLDR_l_A1_S	1	exact	exact	0
53	519	vldr	A32/cops_as/sysldst_mov64/ldstsimdfp/VLDR_l_A1_D	1	exact	exact	0
54	520	ldc	A32/cops_as/sysldst_mov64/ldstcp/LDC_l_A1	1	exact	exact	0
55	520	ldc	A32/cops_as/sysldst_mov64/ldstcp/LDC_l_A1	1	exact	exact	0
56	683	vclt	A32/uncond_as/advsimddp/simd3reg_same/VCGT_r_A1_D	1	exact	exact	0
57	684	vclt	A32/uncond_as/advsimddp/simd3reg_same/VCGT_r_A1_Q	1	exact	exact	0
58	685	vcle	A32/uncond_as/advsimddp/simd3reg_same/VCGE_r_A1_D	1	exact	exact	0
59	686	vcle	A32/uncond_as/advsimddp/simd3reg_same/VCGE_r_A1_Q	1	exact	exact	0
60	702	vrshr	A32/uncond_as/advsimddp/simd3reg_same/VORR_r_A1_D	1	exact	exact	0
61	702	vshr	A32/uncond_as/advsimddp/simd3reg_same/VORR_r_A1_D	1	exact	exact	0
62	702	vmov	A32/uncond_as/advsimddp/simd3reg_same/VORR_r_A1_D	1	exact	exact	0
63	703	vrshr	A32/uncond_as/advsimddp/simd3reg_same/VORR_r_A1_Q	1	exact	exact	0
64	703	vshr	A32/uncond_as/advsimddp/simd3reg_same/VORR_r_A1_Q	1	exact	exact	0
65	703	vmov	A32/uncond_as/advsimddp/simd3reg_same/VORR_r_A1_Q	1	exact	exact	0
66	732	vcle	A32/uncond_as/advsimddp/simd3reg_same/VCGE_r_A2_D	1	exact	exact	0
67	733	vcle	A32/uncond_as/advsimddp/simd3reg_same/VCGE_r_A2_Q	1	exact	exact	0
68	734	vacle	A32/uncond_as/advsimddp/simd3reg_same/VACGE_A1_D	1	exact	exact	0
69	735	vacle	A32/uncond_as/advsimddp/simd3reg_same/VACGE_A1_Q	1	exact	exact	0
70	751	vclt	A32/uncond_as/advsimddp/simd3reg_same/VCGT_r_A2_D	1	exact	exact	0
71	752	vclt	A32/uncond_as/advsimddp/simd3reg_same/VCGT_r_A2_Q	1	exact	exact	0
72	753	vaclt	A32/uncond_as/advsimddp/simd3reg_same/VACGT_A1_D	1	exact	exact	0
73	754	vaclt	A32/uncond_as/advsimddp/simd3reg_same/VACGT_A1_Q	1	exact	exact	0
74	775	vext	A32/uncond_as/advsimddp/a_simd_mulreg/simd3reg_ext/VEXT_A1_D	1	exact	exact	0
75	776	vext	A32/uncond_as/advsimddp/a_simd_mulreg/simd3reg_ext/VEXT_A1_Q	1	exact	exact	0
76	821	vzip	A32/uncond_as/advsimddp/a_simd_mulreg/simd2reg_misc/VTRN_A1_D	1	exact	exact	0
77	821	vuzp	A32/uncond_as/advsimddp/a_simd_mulreg/simd2reg_misc/VTRN_A1_D	1	exact	exact	0
78	827	vrshrn	A32/uncond_as/advsimddp/a_simd_mulreg/simd2reg_misc/VMOVN_A1	1	exact	exact	0
79	827	vshrn	A32/uncond_as/advsimddp/a_simd_mulreg/simd2reg_misc/VMOVN_A1	1	exact	exact	0
80	828	vqrshrn	A32/uncond_as/advsimddp/a_simd_mulreg/simd2reg_misc/VQMOVN_A1	1	exact	exact	0
81	828	vqshrn	A32/uncond_as/advsimddp/a_simd_mulreg/simd2reg_misc/VQMOVN_A1	1	exact	exact	0
82	829	vqshrun	A32/uncond_as/advsimddp/a_simd_mulreg/simd2reg_misc/VQMOVUN_A1	1	exact	exact	0
83	829	vqrshrun	A32/uncond_as/advsimddp/a_simd_mulreg/simd2reg_misc/VQMOVUN_A1	1	exact	exact	0
84	905	vorn	A32/uncond_as/advsimddp/a_simd_12reg/simd1reg_imm/VORR_i_A1_D	1	exact	exact	0
85	906	vorn	A32/uncond_as/advsimddp/a_simd_12reg/simd1reg_imm/VORR_i_A1_Q	1	exact	exact	0
86	907	vand	A32/uncond_as/advsimddp/a_simd_12reg/simd1reg_imm/VBIC_i_A1_D	1	exact	exact	0
87	908	vand	A32/uncond_as/advsimddp/a_simd_12reg/simd1reg_imm/VBIC_i_A1_Q	1	exact	exact	0
88	913	vorn	A32/uncond_as/advsimddp/a_simd_12reg/simd1reg_imm/VORR_i_A2_D	1	exact	exact	0
89	914	vorn	A32/uncond_as/advsimddp/a_simd_12reg/simd1reg_imm/VORR_i_A2_Q	1	exact	exact	0
90	915	vand	A32/uncond_as/advsimddp/a_simd_12reg/simd1reg_imm/VBIC_i_A2_D	1	exact	exact	0
91	916	vand	A32/uncond_as/advsimddp/a_simd_12reg/simd1reg_imm/VBIC_i_A2_Q	1	exact	exact	0
92	958	pli	A32/uncond_as/uncondhints/preload_imm/PLI_i_A1	1	exact	exact	0
93	958	pli	A32/uncond_as/uncondhints/preload_imm/PLI_i_A1	1	exact	exact	0
94	959	pld	A32/uncond_as/uncondhints/preload_imm/PLD_l_A1	1	exact	exact	0
95	1100	adds	T32/n/sftdpi/addsub16_3l/ADD_r_T1	1	exact	exact	1
96	1101	subs	T32/n/sftdpi/addsub16_3l/SUB_r_T1	1	exact	exact	1
97	1102	adds	T32/n/sftdpi/addsub16_2l_imm/ADD_i_T1	1	exact	exact	1
98	1103	subs	T32/n/sftdpi/addsub16_2l_imm/SUB_i_T1	1	exact	exact	1
99	1104	asrs	T32/n/sftdpi/shift16_imm/MOV_r_T2	1	exact	exact	1
100	1104	lsr	T32/n/sftdpi/shift16_imm/MOV_r_T2	1	exact	exact	1
101	1104	lsl	T32/n/sftdpi/shift16_imm/MOV_r_T2	1	exact	exact	1
102	1104	movs	T32/n/sftdpi/shift16_imm/MOV_r_T2	1	exact	exact	1
103	1104	lsls	T32/n/sftdpi/shift16_imm/MOV_r_T2	1	exact	exact	1
104	1104	lsrs	T32/n/sftdpi/shift16_imm/MOV_r_T2	1	exact	exact	1
105	1104	asr	T32/n/sftdpi/shift16_imm/MOV_r_T2	1	exact	exact	1
106	1105	movs	T32/n/sftdpi/addsub16_1l_imm/MOV_i_T1	1	exact	exact	1
107	1107	add	T32/n/sftdpi/addsub16_1l_imm/ADD_i_T2	1	exact	exact	1
108	1107	adds	T32/n/sftdpi/addsub16_1l_imm/ADD_i_T2	1	exact	exact	1
109	1107	adds	T32/n/sftdpi/addsub16_1l_imm/ADD_i_T2	1	exact	exact	1
110	1108	sub	T32/n/sftdpi/addsub16_1l_imm/SUB_i_T2	1	exact	exact	1
111	1108	subs	T32/n/sftdpi/addsub16_1l_imm/SUB_i_T2	1	exact	exact	1
112	1108	subs	T32/n/sftdpi/addsub16_1l_imm/SUB_i_T2	1	exact	exact	1
113	1109	ands	T32/n/dpint16_2l/AND_r_T1	1	exact	exact	1
114	1110	eors	T32/n/dpint16_2l/EOR_r_T1	1	exact	exact	1
115	1111	asrs	T32/n/dpint16_2l/MOV_rr_T1_ASR	1	exact	exact	1
116	1111	asr	T32/n/dpint16_2l/MOV_rr_T1_ASR	1	exact	exact	1
117	1111	movs	T32/n/dpint16_2l/MOV_rr_T1_ASR	1	exact	exact	1
118	1112	lsl	T32/n/dpint16_2l/MOV_rr_T1_LSL	1	exact	exact	1
119	1112	movs	T32/n/dpint16_2l/MOV_rr_T1_LSL	1	exact	exact	1
120	1112	lsls	T32/n/dpint16_2l/MOV_rr_T1_LSL	1	exact	exact	1
121	1113	lsr	T32/n/dpint16_2l/MOV_rr_T1_LSR	1	exact	exact	1
122	1113	lsrs	T32/n/dpint16_2l/MOV_rr_T1_LSR	1	exact	exact	1
123	1113	movs	T32/n/dpint16_2l/MOV_rr_T1_LSR	1	exact	exact	1
124	1114	ror	T32/n/dpint16_2l/MOV_rr_T1_ROR	1	exact	exact	1
125	1114	rors	T32/n/dpint16_2l/MOV_rr_T1_ROR	1	exact	exact	1
126	1114	movs	T32/n/dpint16_2l/MOV_rr_T1_ROR	1	exact	exact	1
127	1115	adcs	T32/n/dpint16_2l/ADC_r_T1	1	exact	exact	1
128	1116	sbcs	T32/n/dpint16_2l/SBC_r_T1	1	exact	exact	1
129	1118	rsbs	T32/n/dpint16_2l/RSB_i_T1	1	exact	exact	1
130	1121	orrs	T32/n/dpint16_2l/ORR_r_T1	1	exact	exact	1
131	1122	muls	T32/n/dpint16_2l/MUL_T1	1	exact	exact	1
132	1123	bics	T32/n/dpint16_2l/BIC_r_T1	1	exact	exact	1
133	1124	mvns	T32/n/dpint16_2l/MVN_r_T1	1	exact	exact	1
134	1127	add	T32/n/spcd/addsub16_2h/ADD_r_T2	1	exact	exact	1
135	1149	add	T32/n/addpcsp16/ADR_T1	1	exact	exact	0
136	1175	stmdb	T32/n/misc16/pushpop16/PUSH_T1	1	exact	exact	0
137	1176	ldm	T32/n/misc16/pushpop16/POP_T1	1	exact	exact	0
138	1177	stmea	T32/n/ldstm16/STM_T1	1	exact	exact	0
139	1178	ldmfd	T32/n/ldstm16/LDM_T1	1	exact	exact	0
140	1210	vclt	T32/w/cpaf/simddp/simd_3same/VCGT_r_T1_D	1	exact	exact	0
141	1211	vclt	T32/w/cpaf/simddp/simd_3same/VCGT_r_T1_Q	1	exact	exact	0
142	1212	vcle	T32/w/cpaf/simddp/simd_3same/VCGE_r_T1_D	1	exact	exact	0
143	1213	vcle	T32/w/cpaf/simddp/simd_3same/VCGE_r_T1_Q	1	exact	exact	0
144	1229	vrshr	T32/w/cpaf/simddp/simd_3same/VORR_r_T1_D	1	exact	exact	0
145	1229	vshr	T32/w/cpaf/simddp/simd_3same/VORR_r_T1_D	1	exact	exact	0
146	1229	vmov	T32/w/cpaf/simddp/simd_3same/VORR_r_T1_D	1	exact	exact	0
147	1230	vrshr	T32/w/cpaf/simddp/simd_3same/VORR_r_T1_Q	1	exact	exact	0
148	1230	vshr	T32/w/cpaf/simddp/simd_3same/VORR_r_T1_Q	1	exact	exact	0
149	1230	vmov	T32/w/cpaf/simddp/simd_3same/VORR_r_T1_Q	1	exact	exact	0
150	1259	vcle	T32/w/cpaf/simddp/simd_3same/VCGE_r_T2_D	1	exact	exact	0
151	1260	vcle	T32/w/cpaf/simddp/simd_3same/VCGE_r_T2_Q	1	exact	exact	0
152	1261	vacle	T32/w/cpaf/simddp/simd_3same/VACGE_T1_D	1	exact	exact	0
153	1262	vacle	T32/w/cpaf/simddp/simd_3same/VACGE_T1_Q	1	exact	exact	0
154	1278	vclt	T32/w/cpaf/simddp/simd_3same/VCGT_r_T2_D	1	exact	exact	0
155	1279	vclt	T32/w/cpaf/simddp/simd_3same/VCGT_r_T2_Q	1	exact	exact	0
156	1280	vaclt	T32/w/cpaf/simddp/simd_3same/VACGT_T1_D	1	exact	exact	0
157	1281	vaclt	T32/w/cpaf/simddp/simd_3same/VACGT_T1_Q	1	exact	exact	0
158	1302	vext	T32/w/cpaf/simddp/t_simd_mulreg/simd_ext/VEXT_T1_D	1	exact	exact	0
159	1303	vext	T32/w/cpaf/simddp/t_simd_mulreg/simd_ext/VEXT_T1_Q	1	exact	exact	0
160	1348	vzip	T32/w/cpaf/simddp/t_simd_mulreg/simd_2r_misc/VTRN_T1_D	1	exact	exact	0
161	1348	vuzp	T32/w/cpaf/simddp/t_simd_mulreg/simd_2r_misc/VTRN_T1_D	1	exact	exact	0
162	1354	vrshrn	T32/w/cpaf/simddp/t_simd_mulreg/simd_2r_misc/VMOVN_T1	1	exact	exact	0
163	1354	vshrn	T32/w/cpaf/simddp/t_simd_mulreg/simd_2r_misc/VMOVN_T1	1	exact	exact	0
164	1355	vqrshrn	T32/w/cpaf/simddp/t_simd_mulreg/simd_2r_misc/VQMOVN_T1	1	exact	exact	0
165	1355	vqshrn	T32/w/cpaf/simddp/t_simd_mulreg/simd_2r_misc/VQMOVN_T1	1	exact	exact	0
166	1356	vqshrun	T32/w/cpaf/simddp/t_simd_mulreg/simd_2r_misc/VQMOVUN_T1	1	exact	exact	0
167	1356	vqrshrun	T32/w/cpaf/simddp/t_simd_mulreg/simd_2r_misc/VQMOVUN_T1	1	exact	exact	0
168	1432	vorn	T32/w/cpaf/simddp/t_simd_12reg/simd_1r_imm/VORR_i_T1_D	1	exact	exact	0
169	1433	vorn	T32/w/cpaf/simddp/t_simd_12reg/simd_1r_imm/VORR_i_T1_Q	1	exact	exact	0
170	1434	vand	T32/w/cpaf/simddp/t_simd_12reg/simd_1r_imm/VBIC_i_T1_D	1	exact	exact	0
171	1435	vand	T32/w/cpaf/simddp/t_simd_12reg/simd_1r_imm/VBIC_i_T1_Q	1	exact	exact	0
172	1440	vorn	T32/w/cpaf/simddp/t_simd_12reg/simd_1r_imm/VORR_i_T2_D	1	exact	exact	0
173	1441	vorn	T32/w/cpaf/simddp/t_simd_12reg/simd_1r_imm/VORR_i_T2_Q	1	exact	exact	0
174	1442	vand	T32/w/cpaf/simddp/t_simd_12reg/simd_1r_imm/VBIC_i_T2_D	1	exact	exact	0
175	1443	vand	T32/w/cpaf/simddp/t_simd_12reg/simd_1r_imm/VBIC_i_T2_Q	1	exact	exact	0
176	1484	vpush	T32/w/cpaf/sysldst_mov64/simdfp_ldst/VSTMDB_T2	1	exact	exact	0
177	1485	vstmia	T32/w/cpaf/sysldst_mov64/simdfp_ldst/VSTM_T2	1	exact	exact	0
178	1486	vpush	T32/w/cpaf/sysldst_mov64/simdfp_ldst/VSTMDB_T1	1	exact	exact	0
179	1487	vstmia	T32/w/cpaf/sysldst_mov64/simdfp_ldst/VSTM_T1	1	exact	exact	0
180	1491	vldmia	T32/w/cpaf/sysldst_mov64/simdfp_ldst/VLDM_T2	1	exact	exact	0
181	1491	vpop	T32/w/cpaf/sysldst_mov64/simdfp_ldst/VLDM_T2	1	exact	exact	0
182	1493	vldmia	T32/w/cpaf/sysldst_mov64/simdfp_ldst/VLDM_T1	1	exact	exact	0
183	1493	vpop	T32/w/cpaf/sysldst_mov64/simdfp_ldst/VLDM_T1	1	exact	exact	0
184	1502	vldr	T32/w/cpaf/sysldst_mov64/simdfp_ldst/VLDR_l_T1_H	1	exact	exact	0
185	1503	vldr	T32/w/cpaf/sysldst_mov64/simdfp_ldst/VLDR_l_T1_S	1	exact	exact	0
186	1504	vldr	T32/w/cpaf/sysldst_mov64/simdfp_ldst/VLDR_l_T1_D	1	exact	exact	0
187	1505	ldc	T32/w/cpaf/sysldst_mov64/cp_ldst/LDC_l_T1	1	exact	exact	0
188	1719	rfefa	T32/w/ldstm/RFE_T1_AS	1	exact	exact	0
189	1720	stmea	T32/w/ldstm/STM_T2	1	exact	exact	0
190	1720	stm	T32/w/ldstm/STM_T2	1	exact	exact	0
191	1720	stmea	T32/w/ldstm/STM_T2	1	exact	exact	0
192	1721	ldmfd	T32/w/ldstm/LDM_T2	1	exact	exact	0
193	1721	ldm	T32/w/ldstm/LDM_T2	1	exact	exact	0
194	1721	ldmfd	T32/w/ldstm/LDM_T2	1	exact	exact	0
195	1721	pop	T32/w/ldstm/LDM_T2	1	exact	exact	0
196	1721	pop	T32/w/ldstm/LDM_T2	1	exact	exact	0
197	1722	push	T32/w/ldstm/STMDB_T1	1	exact	exact	0
198	1722	push	T32/w/ldstm/STMDB_T1	1	exact	exact	0
199	1722	stmfd	T32/w/ldstm/STMDB_T1	1	exact	exact	0
200	1723	ldmea	T32/w/ldstm/LDMDB_T1	1	exact	exact	0
201	1725	rfefd	T32/w/ldstm/RFE_T2_AS	1	exact	exact	0
202	1756	ldrd	T32/w/dstd/lddlit/LDRD_l_T1	1	exact	exact	0
203	1758	and	T32/w/dpint_shiftr/AND_r_T2	1	exact	exact	1
204	1760	ands	T32/w/dpint_shiftr/ANDS_r_T2	1	exact	exact	1
205	1762	tst	T32/w/dpint_shiftr/TST_r_T2	1	exact	exact	0
206	1764	bic	T32/w/dpint_shiftr/BIC_r_T2	1	exact	exact	1
207	1766	bics	T32/w/dpint_shiftr/BICS_r_T2	1	exact	exact	1
208	1768	orr	T32/w/dpint_shiftr/ORR_r_T2	1	exact	exact	1
209	1770	orrs	T32/w/dpint_shiftr/ORRS_r_T2	1	exact	exact	1
210	1771	rrx	T32/w/dpint_shiftr/MOV_r_T3_RRX	1	exact	exact	0
211	1772	lsr	T32/w/dpint_shiftr/MOV_r_T3	1	exact	exact	0
212	1772	lsr	T32/w/dpint_shiftr/MOV_r_T3	1	exact	exact	0
213	1772	lsl	T32/w/dpint_shiftr/MOV_r_T3	1	exact	exact	0
214	1772	lsl	T32/w/dpint_shiftr/MOV_r_T3	1	exact	exact	0
215	1772	mov	T32/w/dpint_shiftr/MOV_r_T3	1	exact	exact	0
216	1772	mov	T32/w/dpint_shiftr/MOV_r_T3	1	exact	exact	1
217	1772	asr	T32/w/dpint_shiftr/MOV_r_T3	1	exact	exact	0
218	1772	asr	T32/w/dpint_shiftr/MOV_r_T3	1	exact	exact	0
219	1772	ror	T32/w/dpint_shiftr/MOV_r_T3	1	exact	exact	0
220	1773	rrxs	T32/w/dpint_shiftr/MOVS_r_T3_RRX	1	exact	exact	0
221	1774	asrs	T32/w/dpint_shiftr/MOVS_r_T3	1	exact	exact	0
222	1774	asrs	T32/w/dpint_shiftr/MOVS_r_T3	1	exact	exact	0
223	1774	rors	T32/w/dpint_shiftr/MOVS_r_T3	1	exact	exact	0
224	1774	movs	T32/w/dpint_shiftr/MOVS_r_T3	1	exact	exact	1
225	1774	lsls	T32/w/dpint_shiftr/MOVS_r_T3	1	exact	exact	0
226	1774	lsls	T32/w/dpint_shiftr/MOVS_r_T3	1	exact	exact	0
227	1774	lsrs	T32/w/dpint_shiftr/MOVS_r_T3	1	exact	exact	0
228	1774	lsrs	T32/w/dpint_shiftr/MOVS_r_T3	1	exact	exact	0
229	1780	mvn	T32/w/dpint_shiftr/MVN_r_T2	1	exact	exact	1
230	1782	mvns	T32/w/dpint_shiftr/MVNS_r_T2	1	exact	exact	1
231	1784	eor	T32/w/dpint_shiftr/EOR_r_T2	1	exact	exact	1
232	1786	eors	T32/w/dpint_shiftr/EORS_r_T2	1	exact	exact	1
233	1792	add	T32/w/dpint_shiftr/ADD_r_T3	1	exact	exact	1
234	1792	add	T32/w/dpint_shiftr/ADD_r_T3	1	exact	exact	0
235	1794	adds	T32/w/dpint_shiftr/ADDS_r_T3	1	exact	exact	1
236	1796	add	T32/w/dpint_shiftr/ADD_SP_r_T3	1	exact	exact	0
237	1800	cmn	T32/w/dpint_shiftr/CMN_r_T2	1	exact	exact	0
238	1802	adc	T32/w/dpint_shiftr/ADC_r_T2	1	exact	exact	1
239	1804	adcs	T32/w/dpint_shiftr/ADCS_r_T2	1	exact	exact	1
240	1806	sbc	T32/w/dpint_shiftr/SBC_r_T2	1	exact	exact	1
241	1808	sbcs	T32/w/dpint_shiftr/SBCS_r_T2	1	exact	exact	1
242	1810	sub	T32/w/dpint_shiftr/SUB_r_T2	1	exact	exact	1
243	1812	subs	T32/w/dpint_shiftr/SUBS_r_T2	1	exact	exact	1
244	1814	sub	T32/w/dpint_shiftr/SUB_SP_r_T1	1	exact	exact	0
245	1818	cmp	T32/w/dpint_shiftr/CMP_r_T3	1	exact	exact	0
246	1858	udf	T32/w/bcrtrl/except/UDF_T2	1	exact	exact	0
247	1859	b	T32/w/bcrtrl/bcond/B_T3	1	exact	exact	1
248	1860	b	T32/w/bcrtrl/b/B_T4	1	exact	exact	0
249	1870	mov	T32/w/dpint_immm/MOV_i_T2	1	exact	exact	1
250	1871	movs	T32/w/dpint_immm/MOVS_i_T2	1	exact	exact	1
251	1879	add	T32/w/dpint_immm/ADD_i_T3	1	exact	exact	1
252	1880	adds	T32/w/dpint_immm/ADDS_i_T3	1	exact	exact	1
253	1881	add	T32/w/dpint_immm/ADD_SP_i_T3	1	exact	exact	0
254	1888	sub	T32/w/dpint_immm/SUB_i_T3	1	exact	exact	1
255	1889	subs	T32/w/dpint_immm/SUBS_i_T3	1	exact	exact	1
256	1890	sub	T32/w/dpint_immm/SUB_SP_i_T2	1	exact	exact	0
257	1892	cmp	T32/w/dpint_immm/CMP_i_T2	1	exact	exact	0
258	1893	rsb	T32/w/dpint_immm/RSB_i_T2	1	exact	exact	1
259	1894	rsbs	T32/w/dpint_immm/RSBS_i_T2	1	exact	exact	1
260	1895	addw	T32/w/imm/dpint_imms/ADD_i_T4	1	exact	exact	0
261	1896	addw	T32/w/imm/dpint_imms/ADD_SP_i_T4	1	exact	exact	0
262	1897	adr	T32/w/imm/dpint_imms/ADR_T3	1	exact	exact	0
263	1897	add	T32/w/imm/dpint_imms/ADR_T3	1	exact	exact	0
264	1897	addw	T32/w/imm/dpint_imms/ADR_T3	1	exact	exact	0
265	1898	subw	T32/w/imm/dpint_imms/SUB_i_T4	1	exact	exact	0
266	1899	subw	T32/w/imm/dpint_imms/SUB_SP_i_T3	1	exact	exact	0
267	1900	sub	T32/w/imm/dpint_imms/ADR_T2	1	exact	exact	0
268	1901	movw	T32/w/imm/movw/MOV_i_T3	1	exact	exact	0
269	2045	strb	T32/w/ldst/ldst_unsigned_reg/STRB_r_T2	1	exact	exact	0
270	2046	ldrb	T32/w/ldst/ldst_unsigned_reg/LDRB_r_T2	1	exact	exact	0
271	2049	strh	T32/w/ldst/ldst_unsigned_reg/STRH_r_T2	1	exact	exact	0
272	2050	ldrh	T32/w/ldst/ldst_unsigned_reg/LDRH_r_T2	1	exact	exact	0
273	2051	str	T32/w/ldst/ldst_unsigned_reg/STR_r_T2	1	exact	exact	0
274	2052	ldr	T32/w/ldst/ldst_unsigned_reg/LDR_r_T2	1	exact	exact	0
275	2058	pop	T32/w/ldst/ldst_unsigned_post/LDR_i_T4_post	1	exact	exact	0
276	2077	push	T32/w/ldst/ldst_unsigned_pre/STR_i_T4_pre	1	exact	exact	0
277	2079	strb	T32/w/ldst/ldst_unsigned_pimm/STRB_i_T2	1	exact	exact	0
278	2080	ldrb	T32/w/ldst/ldst_unsigned_pimm/LDRB_i_T2	1	exact	exact	0
279	2083	strh	T32/w/ldst/ldst_unsigned_pimm/STRH_i_T2	1	exact	exact	0
280	2084	ldrh	T32/w/ldst/ldst_unsigned_pimm/LDRH_i_T2	1	exact	exact	0
281	2085	str	T32/w/ldst/ldst_unsigned_pimm/STR_i_T3	1	exact	exact	0
282	2086	ldr	T32/w/ldst/ldst_unsigned_pimm/LDR_i_T3	1	exact	exact	0
283	2087	pld	T32/w/ldst/ldlit_unsigned/PLD_l_T1	1	exact	exact	0
284	2088	ldrb	T32/w/ldst/ldlit_unsigned/LDRB_l_T1	1	exact	exact	0
285	2089	ldrh	T32/w/ldst/ldlit_unsigned/LDRH_l_T1	1	exact	exact	0
286	2090	ldr	T32/w/ldst/ldlit_unsigned/LDR_l_T2	1	exact	exact	0
287	2090	ldr	T32/w/ldst/ldlit_unsigned/LDR_l_T2	1	exact	exact	0
288	2091	ldrsb	T32/w/ldst/ldst_signed_reg/LDRSB_r_T2	1	exact	exact	0
289	2093	ldrsh	T32/w/ldst/ldst_signed_reg/LDRSH_r_T2	1	exact	exact	0
290	2106	ldrsb	T32/w/ldst/ldlit_signed/LDRSB_l_T1	1	exact	exact	0
291	2107	pli	T32/w/ldst/ldlit_signed/PLI_i_T3	1	exact	exact	0
292	2108	ldrsh	T32/w/ldst/ldlit_signed/LDRSH_l_T1	1	exact	exact	0
293	2109	asrs	T32/w/reg/shiftr/MOVS_rr_T2	1	exact	exact	0
294	2109	asrs	T32/w/reg/shiftr/MOVS_rr_T2	1	exact	exact	0
295	2109	rors	T32/w/reg/shiftr/MOVS_rr_T2	1	exact	exact	0
296	2109	rors	T32/w/reg/shiftr/MOVS_rr_T2	1	exact	exact	0
297	2109	lsrs	T32/w/reg/shiftr/MOVS_rr_T2	1	exact	exact	0
298	2109	lsrs	T32/w/reg/shiftr/MOVS_rr_T2	1	exact	exact	0
299	2109	movs	T32/w/reg/shiftr/MOVS_rr_T2	1	exact	exact	1
300	2109	lsls	T32/w/reg/shiftr/MOVS_rr_T2	1	exact	exact	0
301	2109	lsls	T32/w/reg/shiftr/MOVS_rr_T2	1	exact	exact	0
302	2110	ror	T32/w/reg/shiftr/MOV_rr_T2	1	exact	exact	0
303	2110	ror	T32/w/reg/shiftr/MOV_rr_T2	1	exact	exact	0
304	2110	asr	T32/w/reg/shiftr/MOV_rr_T2	1	exact	exact	0
305	2110	asr	T32/w/reg/shiftr/MOV_rr_T2	1	exact	exact	0
306	2110	lsl	T32/w/reg/shiftr/MOV_rr_T2	1	exact	exact	0
307	2110	lsl	T32/w/reg/shiftr/MOV_rr_T2	1	exact	exact	0
308	2110	lsr	T32/w/reg/shiftr/MOV_rr_T2	1	exact	exact	0
309	2110	lsr	T32/w/reg/shiftr/MOV_rr_T2	1	exact	exact	0
310	2110	mov	T32/w/reg/shiftr/MOV_rr_T2	1	exact	exact	1
311	2112	sxth	T32/w/reg/extendr/SXTH_T2	1	exact	exact	0
312	2114	uxth	T32/w/reg/extendr/UXTH_T2	1	exact	exact	0
313	2120	sxtb	T32/w/reg/extendr/SXTB_T2	1	exact	exact	0
314	2122	uxtb	T32/w/reg/extendr/UXTB_T2	1	exact	exact	0
315	2163	rev	T32/w/reg/dpint_2r/REV_T2	1	exact	exact	0
316	2164	rev16	T32/w/reg/dpint_2r/REV16_T2	1	exact	exact	0
317	2166	revsh	T32/w/reg/dpint_2r/REVSH_T2	1	exact	exact	0
318	2177	mul	T32/w/mul/mul_abd/MUL_T2	1	exact	exact	1
319	2322	mov	A64/sve/sve_int_unpred_logical/sve_int_bin_cons_log/orr_z_zz_	1	exact	exact	0
320	2424	orn	A64/sve/sve_maskimm/sve_int_log_imm/orr_z_zi_	1	exact	exact	0
321	2425	eon	A64/sve/sve_maskimm/sve_int_log_imm/eor_z_zi_	1	exact	exact	0
322	2426	bic	A64/sve/sve_maskimm/sve_int_log_imm/and_z_zi_	1	exact	exact	0
323	2427	mov	A64/sve/sve_maskimm/sve_int_dup_mask_imm/dupm_z_i_	1	exact	exact	0
324	2428	mov	A64/sve/sve_wideimm_pred/sve_int_dup_imm_pred/cpy_z_o_i_	1	exact	exact	0
325	2429	fmov	A64/sve/sve_wideimm_pred/sve_int_dup_imm_pred/cpy_z_p_i_	1	exact	exact	0
326	2429	mov	A64/sve/sve_wideimm_pred/sve_int_dup_imm_pred/cpy_z_p_i_	1	exact	exact	0
327	2430	fmov	A64/sve/sve_wideimm_pred/sve_int_dup_fpimm_pred/fcpy_z_p_i_	1	exact	exact	0
328	2439	mov	A64/sve/sve_perm_unpred_a/sve_int_perm_dup_i/dup_z_zi_	1	exact	exact	0
329	2439	mov	A64/sve/sve_perm_unpred_a/sve_int_perm_dup_i/dup_z_zi_	1	exact	exact	0
330	2446	mov	A64/sve/sve_perm_unpred_d/sve_int_perm_dup_r/dup_z_r_	1	exact	exact	0
331	2477	mov	A64/sve/sve_perm_pred/sve_int_perm_cpy_v/cpy_z_p_v_	1	exact	exact	0
332	2498	mov	A64/sve/sve_perm_pred/sve_int_perm_cpy_r/cpy_z_p_r_	1	exact	exact	0
333	2504	mov	A64/sve/sve_int_select/sve_int_sel_vvv/sel_z_p_zz_	1	exact	exact	0
334	2505	cmpls	A64/sve/sve_cmpvec/sve_int_cmp_0/cmphs_p_p_zz_	1	exact	exact	0
335	2506	cmple	A64/sve/sve_cmpvec/sve_int_cmp_0/cmpge_p_p_zz_	1	exact	exact	0
336	2509	cmplo	A64/sve/sve_cmpvec/sve_int_cmp_0/cmphi_p_p_zz_	1	exact	exact	0
337	2510	cmplt	A64/sve/sve_cmpvec/sve_int_cmp_0/cmpgt_p_p_zz_	1	exact	exact	0
338	2531	mov	A64/sve/sve_pred_gen_a/sve_int_pred_log/and_p_p_pp_z	1	exact	exact	0
339	2533	mov	A64/sve/sve_pred_gen_a/sve_int_pred_log/orr_p_p_pp_z	1	exact	exact	0
340	2535	not	A64/sve/sve_pred_gen_a/sve_int_pred_log/eor_p_p_pp_z	1	exact	exact	0
341	2536	mov	A64/sve/sve_pred_gen_a/sve_int_pred_log/sel_p_p_pp_	1	exact	exact	0
342	2539	movs	A64/sve/sve_pred_gen_a/sve_int_pred_log/ands_p_p_pp_z	1	exact	exact	0
343	2541	movs	A64/sve/sve_pred_gen_a/sve_int_pred_log/orrs_p_p_pp_z	1	exact	exact	0
344	2543	nots	A64/sve/sve_pred_gen_a/sve_int_pred_log/eors_p_p_pp_z	1	exact	exact	0
345	2631	fmov	A64/sve/sve_wideimm_unpred/sve_int_dup_imm/dup_z_i_	1	exact	exact	0
346	2631	mov	A64/sve/sve_wideimm_unpred/sve_int_dup_imm/dup_z_i_	1	exact	exact	0
347	2632	fmov	A64/sve/sve_wideimm_unpred/sve_int_dup_fpimm/fdup_z_i_	1	exact	exact	0
348	3068	fcmle	A64/sve/sve_fp_cmpvev/sve_fp_3op_p_pd/fcmge_p_p_zz_	1	exact	exact	0
349	3070	facle	A64/sve/sve_fp_cmpvev/sve_fp_3op_p_pd/facge_p_p_zz_	1	exact	exact	0
350	3071	faclt	A64/sve/sve_fp_cmpvev/sve_fp_3op_p_pd/facgt_p_p_zz_	1	exact	exact	0
351	3072	fcmlt	A64/sve/sve_fp_cmpvev/sve_fp_3op_p_pd/fcmgt_p_p_zz_	1	exact	exact	0
352	3862	mov	A64/sme/mortlach_ins/mortlach_insert_pred/mova_za_p_rz_b	1	exact	exact	0
353	3863	mov	A64/sme/mortlach_ins/mortlach_insert_pred/mova_za_p_rz_h	1	exact	exact	0
354	3864	mov	A64/sme/mortlach_ins/mortlach_insert_pred/mova_za_p_rz_w	1	exact	exact	0
355	3865	mov	A64/sme/mortlach_ins/mortlach_insert_pred/mova_za_p_rz_d	1	exact	exact	0
356	3866	mov	A64/sme/mortlach_ins/mortlach_insert_pred/mova_za_p_rz_q	1	exact	exact	0
357	3867	mov	A64/sme/mortlach_ins/mortlach_multi2_insert_ctg/mova_za2_z_b1	1	exact	exact	0
358	3868	mov	A64/sme/mortlach_ins/mortlach_multi2_insert_ctg/mova_za2_z_h1	1	exact	exact	0
359	3869	mov	A64/sme/mortlach_ins/mortlach_multi2_insert_ctg/mova_za2_z_w1	1	exact	exact	0
360	3870	mov	A64/sme/mortlach_ins/mortlach_multi2_insert_ctg/mova_za2_z_d1	1	exact	exact	0
361	3871	mov	A64/sme/mortlach_ins/mortlach_multi4_insert_ctg/mova_za4_z_b1	1	exact	exact	0
362	3872	mov	A64/sme/mortlach_ins/mortlach_multi4_insert_ctg/mova_za4_z_h1	1	exact	exact	0
363	3873	mov	A64/sme/mortlach_ins/mortlach_multi4_insert_ctg/mova_za4_z_w1	1	exact	exact	0
364	3874	mov	A64/sme/mortlach_ins/mortlach_multi4_insert_ctg/mova_za4_z_d1	1	exact	exact	0
365	3875	mov	A64/sme/mortlach_ins/mortlach_multi2_za_insert_ctg/mova_za_mz2_1	1	exact	exact	0
366	3876	mov	A64/sme/mortlach_ins/mortlach_multi4_za_insert_ctg/mova_za_mz4_1	1	exact	exact	0
367	3877	mov	A64/sme/mortlach_ext/mortlach_extract_pred/mova_z_p_rza_b	1	exact	exact	0
368	3878	mov	A64/sme/mortlach_ext/mortlach_extract_pred/mova_z_p_rza_h	1	exact	exact	0
369	3879	mov	A64/sme/mortlach_ext/mortlach_extract_pred/mova_z_p_rza_w	1	exact	exact	0
370	3880	mov	A64/sme/mortlach_ext/mortlach_extract_pred/mova_z_p_rza_d	1	exact	exact	0
371	3881	mov	A64/sme/mortlach_ext/mortlach_extract_pred/mova_z_p_rza_q	1	exact	exact	0
372	3882	mov	A64/sme/mortlach_ext/mortlach_multi2_extract_ctg/mova_mz2_za_b1	1	exact	exact	0
373	3883	mov	A64/sme/mortlach_ext/mortlach_multi2_extract_ctg/mova_mz2_za_h1	1	exact	exact	0
374	3884	mov	A64/sme/mortlach_ext/mortlach_multi2_extract_ctg/mova_mz2_za_w1	1	exact	exact	0
375	3885	mov	A64/sme/mortlach_ext/mortlach_multi2_extract_ctg/mova_mz2_za_d1	1	exact	exact	0
376	3886	mov	A64/sme/mortlach_ext/mortlach_multi4_extract_ctg/mova_mz4_za_b1	1	exact	exact	0
377	3887	mov	A64/sme/mortlach_ext/mortlach_multi4_extract_ctg/mova_mz4_za_h1	1	exact	exact	0
378	3888	mov	A64/sme/mortlach_ext/mortlach_multi4_extract_ctg/mova_mz4_za_w1	1	exact	exact	0
379	3889	mov	A64/sme/mortlach_ext/mortlach_multi4_extract_ctg/mova_mz4_za_d1	1	exact	exact	0
380	3890	mov	A64/sme/mortlach_ext/mortlach_multi2_za_extract_ctg/mova_mz_za2_1	1	exact	exact	0
381	3891	mov	A64/sme/mortlach_ext/mortlach_multi4_za_extract_ctg/mova_mz_za4_1	1	exact	exact	0
382	4390	ror	A64/dpimm/extract/EXTR_32_extract	1	exact	exact	0
383	4391	ror	A64/dpimm/extract/EXTR_64_extract	1	exact	exact	0
384	4394	mov	A64/dpimm/addsub_imm/ADD_32_addsub_imm	1	exact	exact	0
385	4395	cmn	A64/dpimm/addsub_imm/ADDS_32S_addsub_imm	1	exact	exact	0
386	4397	cmp	A64/dpimm/addsub_imm/SUBS_32S_addsub_imm	1	exact	exact	0
387	4398	mov	A64/dpimm/addsub_imm/ADD_64_addsub_imm	1	exact	exact	0
388	4399	cmn	A64/dpimm/addsub_imm/ADDS_64S_addsub_imm	1	exact	exact	0
389	4401	cmp	A64/dpimm/addsub_imm/SUBS_64S_addsub_imm	1	exact	exact	0
390	4413	mov	A64/dpimm/log_imm/ORR_32_log_imm	1	exact	exact	0
391	4415	tst	A64/dpimm/log_imm/ANDS_32S_log_imm	1	exact	exact	0
392	4417	mov	A64/dpimm/log_imm/ORR_64_log_imm	1	exact	exact	0
393	4419	tst	A64/dpimm/log_imm/ANDS_64S_log_imm	1	exact	exact	0
394	4420	mov	A64/dpimm/movewide/MOVN_32_movewide	1	exact	exact	0
395	4421	mov	A64/dpimm/movewide/MOVZ_32_movewide	1	exact	exact	0
396	4423	mov	A64/dpimm/movewide/MOVN_64_movewide	1	exact	exact	0
397	4424	mov	A64/dpimm/movewide/MOVZ_64_movewide	1	exact	exact	0
398	4426	sbfiz	A64/dpimm/bitfield/SBFM_32M_bitfield	1	exact	exact	0
399	4426	asr	A64/dpimm/bitfield/SBFM_32M_bitfield	1	exact	exact	0
400	4426	sbfx	A64/dpimm/bitfield/SBFM_32M_bitfield	1	exact	exact	0
401	4426	sxth	A64/dpimm/bitfield/SBFM_32M_bitfield	1	exact	exact	0
402	4426	sxtb	A64/dpimm/bitfield/SBFM_32M_bitfield	1	exact	exact	0
403	4427	bfxil	A64/dpimm/bitfield/BFM_32M_bitfield	1	exact	exact	0
404	4427	bfi	A64/dpimm/bitfield/BFM_32M_bitfield	1	exact	exact	0
405	4427	bfc	A64/dpimm/bitfield/BFM_32M_bitfield	1	exact	exact	0
406	4428	ubfiz	A64/dpimm/bitfield/UBFM_32M_bitfield	1	exact	exact	0
407	4428	uxtb	A64/dpimm/bitfield/UBFM_32M_bitfield	1	exact	exact	0
408	4428	ubfx	A64/dpimm/bitfield/UBFM_32M_bitfield	1	exact	exact	0
409	4428	uxth	A64/dpimm/bitfield/UBFM_32M_bitfield	1	exact	exact	0
410	4428	lsr	A64/dpimm/bitfield/UBFM_32M_bitfield	1	exact	exact	0
411	4428	lsl	A64/dpimm/bitfield/UBFM_32M_bitfield	1	exact	exact	0
412	4429	sbfiz	A64/dpimm/bitfield/SBFM_64M_bitfield	1	exact	exact	0
413	4429	asr	A64/dpimm/bitfield/SBFM_64M_bitfield	1	exact	exact	0
414	4429	sxtw	A64/dpimm/bitfield/SBFM_64M_bitfield	1	exact	exact	0
415	4429	sbfx	A64/dpimm/bitfield/SBFM_64M_bitfield	1	exact	exact	0
416	4429	sxth	A64/dpimm/bitfield/SBFM_64M_bitfield	1	exact	exact	0
417	4429	sxtb	A64/dpimm/bitfield/SBFM_64M_bitfield	1	exact	exact	0
418	4430	bfxil	A64/dpimm/bitfield/BFM_64M_bitfield	1	exact	exact	0
419	4430	bfi	A64/dpimm/bitfield/BFM_64M_bitfield	1	exact	exact	0
420	4430	bfc	A64/dpimm/bitfield/BFM_64M_bitfield	1	exact	exact	0
421	4431	ubfiz	A64/dpimm/bitfield/UBFM_64M_bitfield	1	exact	exact	0
422	4431	ubfx	A64/dpimm/bitfield/UBFM_64M_bitfield	1	exact	exact	0
423	4431	lsr	A64/dpimm/bitfield/UBFM_64M_bitfield	1	exact	exact	0
424	4431	lsl	A64/dpimm/bitfield/UBFM_64M_bitfield	1	exact	exact	0
425	4436	cbblt	A64/control/compbranch_regs2/CBBGT_8_regs	1	exact	exact	0
426	4437	cbble	A64/control/compbranch_regs2/CBBGE_8_regs	1	exact	exact	0
427	4438	cbblo	A64/control/compbranch_regs2/CBBHI_8_regs	1	exact	exact	0
428	4439	cbbls	A64/control/compbranch_regs2/CBBHS_8_regs	1	exact	exact	0
429	4442	cbhlt	A64/control/compbranch_regs2/CBHGT_16_regs	1	exact	exact	0
430	4443	cbhle	A64/control/compbranch_regs2/CBHGE_16_regs	1	exact	exact	0
431	4444	cbhlo	A64/control/compbranch_regs2/CBHHI_16_regs	1	exact	exact	0
432	4445	cbhls	A64/control/compbranch_regs2/CBHHS_16_regs	1	exact	exact	0
433	4493	pssbb	A64/control/barriers/DSB_BO_barriers	1	exact	exact	0
434	4493	ssbb	A64/control/barriers/DSB_BO_barriers	1	exact	exact	0
435	4498	smstart	A64/control/pstate/MSR_SI_pstate	1	exact	exact	0
436	4498	smstop	A64/control/pstate/MSR_SI_pstate	1	exact	exact	0
437	4502	cosp	A64/control/systeminstrs/SYS_CR_systeminstrs	1	exact	exact	0
438	4502	trcit	A64/control/systeminstrs/SYS_CR_systeminstrs	1	exact	exact	0
439	4502	dc	A64/control/systeminstrs/SYS_CR_systeminstrs	1	exact	exact	0
440	4502	cfp	A64/control/systeminstrs/SYS_CR_systeminstrs	1	exact	exact	0
441	4502	tlbi	A64/control/systeminstrs/SYS_CR_systeminstrs	1	exact	exact	0
442	4502	ic	A64/control/systeminstrs/SYS_CR_systeminstrs	1	exact	exact	0
443	4502	gcspushx	A64/control/systeminstrs/SYS_CR_systeminstrs	1	exact	exact	0
444	4502	gcspushm	A64/control/systeminstrs/SYS_CR_systeminstrs	1	exact	exact	0
445	4502	at	A64/control/systeminstrs/SYS_CR_systeminstrs	1	exact	exact	0
446	4502	brb	A64/control/systeminstrs/SYS_CR_systeminstrs	1	exact	exact	0
447	4502	gcsss1	A64/control/systeminstrs/SYS_CR_systeminstrs	1	exact	exact	0
448	4502	gcspopcx	A64/control/systeminstrs/SYS_CR_systeminstrs	1	exact	exact	0
449	4502	dvp	A64/control/systeminstrs/SYS_CR_systeminstrs	1	exact	exact	0
450	4502	cpp	A64/control/systeminstrs/SYS_CR_systeminstrs	1	exact	exact	0
451	4502	gcspopx	A64/control/systeminstrs/SYS_CR_systeminstrs	1	exact	exact	0
452	4502	gsb	A64/control/systeminstrs/SYS_CR_systeminstrs	1	exact	exact	0
453	4502	gic	A64/control/systeminstrs/SYS_CR_systeminstrs	1	exact	exact	0
454	4502	apas	A64/control/systeminstrs/SYS_CR_systeminstrs	1	exact	exact	0
455	4502	plbi	A64/control/systeminstrs/SYS_CR_systeminstrs	1	exact	exact	0
456	4503	gcspopm	A64/control/systeminstrs/SYSL_RC_systeminstrs	1	exact	exact	0
457	4503	gcsss2	A64/control/systeminstrs/SYSL_RC_systeminstrs	1	exact	exact	0
458	4503	gicr	A64/control/systeminstrs/SYSL_RC_systeminstrs	1	exact	exact	0
459	4506	tlbip	A64/control/syspairinstrs/SYSP_CR_syspairinstrs	1	exact	exact	0
460	4539	cblt	A64/control/compbranch_regs/CBGT_32_regs	1	exact	exact	0
461	4540	cble	A64/control/compbranch_regs/CBGE_32_regs	1	exact	exact	0
462	4541	cblo	A64/control/compbranch_regs/CBHI_32_regs	1	exact	exact	0
463	4542	cbls	A64/control/compbranch_regs/CBHS_32_regs	1	exact	exact	0
464	4545	cblt	A64/control/compbranch_regs/CBGT_64_regs	1	exact	exact	0
465	4546	cble	A64/control/compbranch_regs/CBGE_64_regs	1	exact	exact	0
466	4547	cblo	A64/control/compbranch_regs/CBHI_64_regs	1	exact	exact	0
467	4548	cbls	A64/control/compbranch_regs/CBHS_64_regs	1	exact	exact	0
468	4551	cbge	A64/control/compbranch_imm/CBGT_32_imm	1	exact	exact	0
469	4552	cble	A64/control/compbranch_imm/CBLT_32_imm	1	exact	exact	0
470	4553	cbhs	A64/control/compbranch_imm/CBHI_32_imm	1	exact	exact	0
471	4554	cbls	A64/control/compbranch_imm/CBLO_32_imm	1	exact	exact	0
472	4557	cbge	A64/control/compbranch_imm/CBGT_64_imm	1	exact	exact	0
473	4558	cble	A64/control/compbranch_imm/CBLT_64_imm	1	exact	exact	0
474	4559	cbhs	A64/control/compbranch_imm/CBHI_64_imm	1	exact	exact	0
475	4560	cbls	A64/control/compbranch_imm/CBLO_64_imm	1	exact	exact	0
476	5044	sttadd	A64/ldst/memop_unpriv/LDTADD_32_memop_unpriv	1	exact	exact	0
477	5045	sttclr	A64/ldst/memop_unpriv/LDTCLR_32_memop_unpriv	1	exact	exact	0
478	5046	sttset	A64/ldst/memop_unpriv/LDTSET_32_memop_unpriv	1	exact	exact	0
479	5048	sttaddl	A64/ldst/memop_unpriv/LDTADDL_32_memop_unpriv	1	exact	exact	0
480	5049	sttclrl	A64/ldst/memop_unpriv/LDTCLRL_32_memop_unpriv	1	exact	exact	0
481	5050	sttsetl	A64/ldst/memop_unpriv/LDTSETL_32_memop_unpriv	1	exact	exact	0
482	5060	sttadd	A64/ldst/memop_unpriv/LDTADD_64_memop_unpriv	1	exact	exact	0
483	5061	sttclr	A64/ldst/memop_unpriv/LDTCLR_64_memop_unpriv	1	exact	exact	0
484	5062	sttset	A64/ldst/memop_unpriv/LDTSET_64_memop_unpriv	1	exact	exact	0
485	5064	sttaddl	A64/ldst/memop_unpriv/LDTADDL_64_memop_unpriv	1	exact	exact	0
486	5065	sttclrl	A64/ldst/memop_unpriv/LDTCLRL_64_memop_unpriv	1	exact	exact	0
487	5066	sttsetl	A64/ldst/memop_unpriv/LDTSETL_64_memop_unpriv	1	exact	exact	0
488	5221	staddb	A64/ldst/memop/LDADDB_32_memop	1	exact	exact	0
489	5222	stclrb	A64/ldst/memop/LDCLRB_32_memop	1	exact	exact	0
490	5223	steorb	A64/ldst/memop/LDEORB_32_memop	1	exact	exact	0
491	5224	stsetb	A64/ldst/memop/LDSETB_32_memop	1	exact	exact	0
492	5225	stsmaxb	A64/ldst/memop/LDSMAXB_32_memop	1	exact	exact	0
493	5226	stsminb	A64/ldst/memop/LDSMINB_32_memop	1	exact	exact	0
494	5227	stumaxb	A64/ldst/memop/LDUMAXB_32_memop	1	exact	exact	0
495	5228	stuminb	A64/ldst/memop/LDUMINB_32_memop	1	exact	exact	0
496	5233	staddlb	A64/ldst/memop/LDADDLB_32_memop	1	exact	exact	0
497	5234	stclrlb	A64/ldst/memop/LDCLRLB_32_memop	1	exact	exact	0
498	5235	steorlb	A64/ldst/memop/LDEORLB_32_memop	1	exact	exact	0
499	5236	stsetlb	A64/ldst/memop/LDSETLB_32_memop	1	exact	exact	0
500	5237	stsmaxlb	A64/ldst/memop/LDSMAXLB_32_memop	1	exact	exact	0
501	5238	stsminlb	A64/ldst/memop/LDSMINLB_32_memop	1	exact	exact	0
502	5239	stumaxlb	A64/ldst/memop/LDUMAXLB_32_memop	1	exact	exact	0
503	5240	stuminlb	A64/ldst/memop/LDUMINLB_32_memop	1	exact	exact	0
504	5270	staddh	A64/ldst/memop/LDADDH_32_memop	1	exact	exact	0
505	5271	stclrh	A64/ldst/memop/LDCLRH_32_memop	1	exact	exact	0
506	5272	steorh	A64/ldst/memop/LDEORH_32_memop	1	exact	exact	0
507	5273	stseth	A64/ldst/memop/LDSETH_32_memop	1	exact	exact	0
508	5274	stsmaxh	A64/ldst/memop/LDSMAXH_32_memop	1	exact	exact	0
509	5275	stsminh	A64/ldst/memop/LDSMINH_32_memop	1	exact	exact	0
510	5276	stumaxh	A64/ldst/memop/LDUMAXH_32_memop	1	exact	exact	0
511	5277	stuminh	A64/ldst/memop/LDUMINH_32_memop	1	exact	exact	0
512	5282	staddlh	A64/ldst/memop/LDADDLH_32_memop	1	exact	exact	0
513	5283	stclrlh	A64/ldst/memop/LDCLRLH_32_memop	1	exact	exact	0
514	5284	steorlh	A64/ldst/memop/LDEORLH_32_memop	1	exact	exact	0
515	5285	stsetlh	A64/ldst/memop/LDSETLH_32_memop	1	exact	exact	0
516	5286	stsmaxlh	A64/ldst/memop/LDSMAXLH_32_memop	1	exact	exact	0
517	5287	stsminlh	A64/ldst/memop/LDSMINLH_32_memop	1	exact	exact	0
518	5288	stumaxlh	A64/ldst/memop/LDUMAXLH_32_memop	1	exact	exact	0
519	5289	stuminlh	A64/ldst/memop/LDUMINLH_32_memop	1	exact	exact	0
520	5319	stadd	A64/ldst/memop/LDADD_32_memop	1	exact	exact	0
521	5320	stclr	A64/ldst/memop/LDCLR_32_memop	1	exact	exact	0
522	5321	steor	A64/ldst/memop/LDEOR_32_memop	1	exact	exact	0
523	5322	stset	A64/ldst/memop/LDSET_32_memop	1	exact	exact	0
524	5323	stsmax	A64/ldst/memop/LDSMAX_32_memop	1	exact	exact	0
525	5324	stsmin	A64/ldst/memop/LDSMIN_32_memop	1	exact	exact	0
526	5325	stumax	A64/ldst/memop/LDUMAX_32_memop	1	exact	exact	0
527	5326	stumin	A64/ldst/memop/LDUMIN_32_memop	1	exact	exact	0
528	5328	staddl	A64/ldst/memop/LDADDL_32_memop	1	exact	exact	0
529	5329	stclrl	A64/ldst/memop/LDCLRL_32_memop	1	exact	exact	0
530	5330	steorl	A64/ldst/memop/LDEORL_32_memop	1	exact	exact	0
531	5331	stsetl	A64/ldst/memop/LDSETL_32_memop	1	exact	exact	0
532	5332	stsmaxl	A64/ldst/memop/LDSMAXL_32_memop	1	exact	exact	0
533	5333	stsminl	A64/ldst/memop/LDSMINL_32_memop	1	exact	exact	0
534	5334	stumaxl	A64/ldst/memop/LDUMAXL_32_memop	1	exact	exact	0
535	5335	stuminl	A64/ldst/memop/LDUMINL_32_memop	1	exact	exact	0
536	5356	stadd	A64/ldst/memop/LDADD_64_memop	1	exact	exact	0
537	5357	stclr	A64/ldst/memop/LDCLR_64_memop	1	exact	exact	0
538	5358	steor	A64/ldst/memop/LDEOR_64_memop	1	exact	exact	0
539	5359	stset	A64/ldst/memop/LDSET_64_memop	1	exact	exact	0
540	5360	stsmax	A64/ldst/memop/LDSMAX_64_memop	1	exact	exact	0
541	5361	stsmin	A64/ldst/memop/LDSMIN_64_memop	1	exact	exact	0
542	5362	stumax	A64/ldst/memop/LDUMAX_64_memop	1	exact	exact	0
543	5363	stumin	A64/ldst/memop/LDUMIN_64_memop	1	exact	exact	0
544	5369	staddl	A64/ldst/memop/LDADDL_64_memop	1	exact	exact	0
545	5370	stclrl	A64/ldst/memop/LDCLRL_64_memop	1	exact	exact	0
546	5371	steorl	A64/ldst/memop/LDEORL_64_memop	1	exact	exact	0
547	5372	stsetl	A64/ldst/memop/LDSETL_64_memop	1	exact	exact	0
548	5373	stsmaxl	A64/ldst/memop/LDSMAXL_64_memop	1	exact	exact	0
549	5374	stsminl	A64/ldst/memop/LDSMINL_64_memop	1	exact	exact	0
550	5375	stumaxl	A64/ldst/memop/LDUMAXL_64_memop	1	exact	exact	0
551	5376	stuminl	A64/ldst/memop/LDUMINL_64_memop	1	exact	exact	0
552	5578	lsl	A64/dpreg/dp_2src/LSLV_32_dp_2src	1	exact	exact	0
553	5579	lsr	A64/dpreg/dp_2src/LSRV_32_dp_2src	1	exact	exact	0
554	5580	asr	A64/dpreg/dp_2src/ASRV_32_dp_2src	1	exact	exact	0
555	5581	ror	A64/dpreg/dp_2src/RORV_32_dp_2src	1	exact	exact	0
556	5597	lsl	A64/dpreg/dp_2src/LSLV_64_dp_2src	1	exact	exact	0
557	5598	lsr	A64/dpreg/dp_2src/LSRV_64_dp_2src	1	exact	exact	0
558	5599	asr	A64/dpreg/dp_2src/ASRV_64_dp_2src	1	exact	exact	0
559	5600	ror	A64/dpreg/dp_2src/RORV_64_dp_2src	1	exact	exact	0
560	5608	cmpp	A64/dpreg/dp_2src/SUBPS_64S_dp_2src	1	exact	exact	0
561	5620	rev64	A64/dpreg/dp_1src/REV_64_dp_1src	1	exact	exact	0
562	5656	mov	A64/dpreg/log_shift/ORR_32_log_shift	1	exact	exact	0
563	5657	mvn	A64/dpreg/log_shift/ORN_32_log_shift	1	exact	exact	0
564	5660	tst	A64/dpreg/log_shift/ANDS_32_log_shift	1	exact	exact	0
565	5664	mov	A64/dpreg/log_shift/ORR_64_log_shift	1	exact	exact	0
566	5665	mvn	A64/dpreg/log_shift/ORN_64_log_shift	1	exact	exact	0
567	5668	tst	A64/dpreg/log_shift/ANDS_64_log_shift	1	exact	exact	0
568	5671	cmn	A64/dpreg/addsub_shift/ADDS_32_addsub_shift	1	exact	exact	0
569	5672	neg	A64/dpreg/addsub_shift/SUB_32_addsub_shift	1	exact	exact	0
570	5673	negs	A64/dpreg/addsub_shift/SUBS_32_addsub_shift	1	exact	exact	0
571	5673	cmp	A64/dpreg/addsub_shift/SUBS_32_addsub_shift	1	exact	exact	0
572	5675	cmn	A64/dpreg/addsub_shift/ADDS_64_addsub_shift	1	exact	exact	0
573	5676	neg	A64/dpreg/addsub_shift/SUB_64_addsub_shift	1	exact	exact	0
574	5677	negs	A64/dpreg/addsub_shift/SUBS_64_addsub_shift	1	exact	exact	0
575	5677	cmp	A64/dpreg/addsub_shift/SUBS_64_addsub_shift	1	exact	exact	0
576	5679	cmn	A64/dpreg/addsub_ext/ADDS_32S_addsub_ext	1	exact	exact	0
577	5681	cmp	A64/dpreg/addsub_ext/SUBS_32S_addsub_ext	1	exact	exact	0
578	5683	cmn	A64/dpreg/addsub_ext/ADDS_64S_addsub_ext	1	exact	exact	0
579	5685	cmp	A64/dpreg/addsub_ext/SUBS_64S_addsub_ext	1	exact	exact	0
580	5688	ngc	A64/dpreg/addsub_carry/SBC_32_addsub_carry	1	exact	exact	0
581	5689	ngcs	A64/dpreg/addsub_carry/SBCS_32_addsub_carry	1	exact	exact	0
582	5692	ngc	A64/dpreg/addsub_carry/SBC_64_addsub_carry	1	exact	exact	0
583	5693	ngcs	A64/dpreg/addsub_carry/SBCS_64_addsub_carry	1	exact	exact	0
584	5708	cset	A64/dpreg/condsel/CSINC_32_condsel	1	exact	exact	0
585	5708	cinc	A64/dpreg/condsel/CSINC_32_condsel	1	exact	exact	0
586	5709	csetm	A64/dpreg/condsel/CSINV_32_condsel	1	exact	exact	0
587	5709	cinv	A64/dpreg/condsel/CSINV_32_condsel	1	exact	exact	0
588	5710	cneg	A64/dpreg/condsel/CSNEG_32_condsel	1	exact	exact	0
589	5712	cset	A64/dpreg/condsel/CSINC_64_condsel	1	exact	exact	0
590	5712	cinc	A64/dpreg/condsel/CSINC_64_condsel	1	exact	exact	0
591	5713	csetm	A64/dpreg/condsel/CSINV_64_condsel	1	exact	exact	0
592	5713	cinv	A64/dpreg/condsel/CSINV_64_condsel	1	exact	exact	0
593	5714	cneg	A64/dpreg/condsel/CSNEG_64_condsel	1	exact	exact	0
594	5715	mul	A64/dpreg/dp_3src/MADD_32A_dp_3src	1	exact	exact	0
595	5716	mneg	A64/dpreg/dp_3src/MSUB_32A_dp_3src	1	exact	exact	0
596	5717	mul	A64/dpreg/dp_3src/MADD_64A_dp_3src	1	exact	exact	0
597	5718	mneg	A64/dpreg/dp_3src/MSUB_64A_dp_3src	1	exact	exact	0
598	5719	smull	A64/dpreg/dp_3src/SMADDL_64WA_dp_3src	1	exact	exact	0
599	5720	smnegl	A64/dpreg/dp_3src/SMSUBL_64WA_dp_3src	1	exact	exact	0
600	5724	umull	A64/dpreg/dp_3src/UMADDL_64WA_dp_3src	1	exact	exact	0
601	5725	umnegl	A64/dpreg/dp_3src/UMSUBL_64WA_dp_3src	1	exact	exact	0
602	5741	mov	A64/simd_dp/asisdone/DUP_asisdone_only	1	exact	exact	0
603	5914	mov	A64/simd_dp/asimdins/UMOV_asimdins_W_w	1	exact	exact	0
604	5915	mov	A64/simd_dp/asimdins/INS_asimdins_IR_r	1	exact	exact	0
605	5917	mov	A64/simd_dp/asimdins/UMOV_asimdins_X_x	1	exact	exact	0
606	5918	mov	A64/simd_dp/asimdins/INS_asimdins_IV_v	1	exact	exact	0
607	6059	mvn	A64/simd_dp/asimdmisc/NOT_asimdmisc_R	1	exact	exact	0
608	6154	mov	A64/simd_dp/asimdsame/ORR_asimdsame_only	1	exact	exact	0
609	6225	sxtl	A64/simd_dp/asimdshf/SSHLL_asimdshf_L	1	exact	exact	0
610	6240	uxtl	A64/simd_dp/asimdshf/USHLL_asimdshf_L	1	exact	exact	0
