instruction_index	opcode	a	b
0	1	0	0
1	1	1	0
2	2	0	4
3	2	16	4
4	34	0	0
5	2	0	4
6	5	3	0
7	35	0	0
8	2	0	4
9	5	26	0
10	7	1	0
11	39	0	0
12	16	0	0
13	2	0	4
14	5	49	0
15	7	1	0
16	39	0	0
17	16	0	0
18	2	0	5
19	2	16	5
20	34	0	0
21	2	0	5
22	5	44	0
23	34	0	0
24	2	0	5
25	5	44	0
26	34	0	0
27	2	5	5
28	5	44	0
29	34	0	0
30	33	0	0
31	2	0	5
32	5	50	0
33	7	1	0
34	39	0	0
35	16	0	0
36	2	0	12
37	5	7	0
38	34	0	0
39	2	0	16
40	48	2	1
41	6	1	0
42	37	0	0
43	2	3	4
44	5	40	0
45	35	0	0
46	2	4	2
47	48	15	1
48	6	0	0
49	34	0	0
50	2	12	3
51	2	6	2
52	40	0	0
53	48	15	1
54	6	0	0
55	34	0	0
56	32	0	0
57	2	5	5
58	2	16	5
59	34	0	0
60	2	5	5
61	5	44	0
62	34	0	0
63	2	5	5
64	5	44	0
65	34	0	0
66	2	0	5
67	5	44	0
68	35	0	0
69	32	0	0
70	2	5	5
71	5	44	0
72	35	0	0
73	2	5	13
74	48	9	1
75	2	5	16
76	48	6	1
77	2	21	2
78	5	1	0
79	35	0	0
80	32	0	0
81	16	0	0
82	2	5	16
83	48	6	1
84	2	21	2
85	5	1	0
86	35	0	0
87	32	0	0
88	16	0	0
89	2	5	16
90	48	5	1
91	16	0	0
92	32	0	0
93	2	6	2
94	5	31	0
95	35	0	0
96	2	6	4
97	5	13	0
98	34	0	0
99	2	6	4
100	5	15	0
101	34	0	0
102	2	6	4
103	5	21	0
104	34	0	0
105	2	6	4
106	5	24	0
107	34	0	0
108	2	7	1
109	2	16	4
110	40	0	0
111	2	5	1
112	2	0	4
113	40	0	0
114	34	0	0
115	2	7	1
116	5	30	0
117	34	0	0
118	2	0	3
119	5	35	0
120	34	0	0
121	32	0	0
122	16	0	0
123	2	3	4
124	5	40	0
125	35	0	0
126	32	0	0
127	2	7	5
128	5	4	0
129	34	0	0
130	2	5	2
131	5	37	0
132	34	0	0
133	32	0	0
134	16	0	0
135	2	8	2
136	5	1	0
137	35	0	0
138	2	8	2
139	5	37	0
140	35	0	0
141	2	8	4
142	2	0	4
143	34	0	0
144	2	8	4
145	48	15	1
146	6	13	0
147	34	0	0
148	2	0	4
149	48	15	1
150	6	13	0
151	35	0	0
152	32	0	0
153	33	0	0
154	2	8	4
155	2	16	4
156	34	0	0
157	2	0	4
158	48	15	1
159	6	13	0
160	35	0	0
161	32	0	0
162	2	8	4
163	5	3	0
164	34	0	0
165	2	8	4
166	5	21	0
167	34	0	0
168	2	8	4
169	5	43	0
170	35	0	0
171	2	8	4
172	5	43	0
173	35	0	0
174	2	16	4
175	5	40	0
176	35	0	0
177	32	0	0
178	2	8	4
179	5	46	0
180	7	1	0
181	39	0	0
182	16	0	0
183	2	8	4
184	48	15	1
185	6	8	0
186	36	0	0
187	2	0	4
188	48	15	1
189	6	8	0
190	36	0	0
191	32	0	0
192	2	8	4
193	48	15	1
194	6	8	0
195	36	0	0
196	2	0	4
197	48	15	1
198	6	8	0
199	36	0	0
200	32	0	0
201	2	4	2
202	48	15	1
203	6	0	0
204	34	0	0
205	32	0	0
206	2	8	4
207	48	15	1
208	6	8	0
209	36	0	0
210	2	16	4
211	2	26	1
212	40	0	0
213	2	12	3
214	40	0	0
215	2	0	8
216	40	0	0
217	48	15	1
218	6	256	0
219	36	0	0
220	32	0	0
221	2	16	4
222	2	26	1
223	40	0	0
224	2	12	3
225	40	0	0
226	2	0	8
227	40	0	0
228	48	13	1
229	33	0	0
230	2	8	4
231	48	15	1
232	6	8	0
233	36	0	0
234	2	16	4
235	48	15	1
236	6	8	0
237	36	0	0
238	32	0	0
239	2	26	1
240	2	12	3
241	40	0	0
242	2	0	8
243	40	0	0
244	48	15	1
245	6	8	0
246	36	0	0
247	32	0	0
248	2	8	4
249	48	15	1
250	6	8	0
251	36	0	0
252	2	8	4
253	2	16	4
254	34	0	0
255	32	0	0
256	2	26	1
257	2	12	3
258	40	0	0
259	2	0	8
260	40	0	0
261	48	15	1
262	6	256	0
263	36	0	0
264	32	0	0
265	33	0	0
266	2	26	1
267	2	12	3
268	40	0	0
269	2	0	8
270	40	0	0
271	48	13	1
272	33	0	0
273	2	8	4
274	48	15	1
275	6	8	0
276	36	0	0
277	2	26	1
278	2	12	3
279	40	0	0
280	2	0	8
281	40	0	0
282	48	14	1
283	6	256	0
284	36	0	0
285	32	0	0
286	2	8	4
287	48	15	1
288	6	13	0
289	34	0	0
290	2	26	1
291	2	12	3
292	40	0	0
293	2	0	8
294	40	0	0
295	48	14	1
296	6	128	0
297	36	0	0
298	32	0	0
299	33	0	0
300	2	8	4
301	48	15	1
302	6	8	0
303	36	0	0
304	2	26	1
305	2	12	3
306	40	0	0
307	2	0	8
308	40	0	0
309	48	15	1
310	6	256	0
311	36	0	0
312	32	0	0
313	2	8	4
314	48	15	1
315	6	8	0
316	36	0	0
317	2	26	1
318	2	12	3
319	40	0	0
320	2	0	8
321	40	0	0
322	48	15	1
323	6	256	0
324	36	0	0
325	32	0	0
326	2	8	4
327	48	15	1
328	6	13	0
329	34	0	0
330	2	26	1
331	2	12	3
332	40	0	0
333	2	0	8
334	40	0	0
335	48	15	1
336	6	128	0
337	36	0	0
338	32	0	0
339	33	0	0
340	2	26	1
341	2	12	3
342	40	0	0
343	2	0	8
344	40	0	0
345	48	13	1
346	33	0	0
347	2	8	4
348	48	15	1
349	6	13	0
350	34	0	0
351	2	26	1
352	2	12	3
353	40	0	0
354	2	0	8
355	40	0	0
356	48	14	1
357	6	512	0
358	36	0	0
359	32	0	0
360	2	26	1
361	2	12	3
362	40	0	0
363	2	0	8
364	40	0	0
365	48	14	1
366	6	4	0
367	42	0	0
368	6	0	0
369	34	0	0
370	32	0	0
371	2	8	4
372	48	15	1
373	6	13	0
374	34	0	0
375	2	26	1
376	2	12	3
377	40	0	0
378	2	0	8
379	40	0	0
380	48	14	1
381	6	512	0
382	36	0	0
383	32	0	0
384	2	26	1
385	2	12	3
386	40	0	0
387	2	0	8
388	40	0	0
389	48	14	1
390	6	4	0
391	42	0	0
392	6	0	0
393	34	0	0
394	32	0	0
395	2	26	1
396	2	12	3
397	40	0	0
398	2	0	8
399	40	0	0
400	48	13	1
401	33	0	0
402	2	9	2
403	5	1	0
404	34	0	0
405	2	8	1
406	5	0	0
407	34	0	0
408	32	0	0
409	16	0	0
410	2	10	2
411	5	37	0
412	35	0	0
413	2	10	5
414	5	44	0
415	34	0	0
416	2	10	6
417	5	25	0
418	34	0	0
419	2	10	6
420	5	25	0
421	35	0	0
422	2	10	6
423	5	45	0
424	34	0	0
425	2	10	6
426	5	45	0
427	35	0	0
428	2	10	6
429	5	47	0
430	7	1	0
431	39	0	0
432	16	0	0
433	2	10	6
434	48	15	1
435	2	16	6
436	48	15	1
437	36	0	0
438	2	10	6
439	48	15	1
440	2	16	6
441	48	15	1
442	38	0	0
443	2	10	6
444	48	15	1
445	6	1	0
446	43	0	0
447	2	16	6
448	48	15	1
449	34	0	0
450	2	11	2
451	5	37	0
452	35	0	0
453	2	11	2
454	5	37	0
455	35	0	0
456	2	11	2
457	5	1	0
458	34	0	0
459	2	6	5
460	5	4	0
461	35	0	0
462	32	0	0
463	32	0	0
464	2	11	2
465	5	37	0
466	35	0	0
467	2	11	2
468	5	19	0
469	34	0	0
470	32	0	0
471	2	11	2
472	5	37	0
473	35	0	0
474	2	11	2
475	5	31	0
476	34	0	0
477	32	0	0
478	2	12	3
479	5	2	0
480	34	0	0
481	2	6	2
482	5	1	0
483	34	0	0
484	32	0	0
485	2	4	2
486	5	37	0
487	34	0	0
488	32	0	0
489	16	0	0
490	2	12	3
491	5	2	0
492	34	0	0
493	2	6	2
494	5	1	0
495	34	0	0
496	32	0	0
497	2	4	2
498	5	37	0
499	34	0	0
500	32	0	0
501	16	0	0
502	2	8	4
503	5	43	0
504	35	0	0
505	32	0	0
506	2	12	3
507	5	2	0
508	34	0	0
509	2	6	2
510	5	1	0
511	34	0	0
512	32	0	0
513	2	4	2
514	5	37	0
515	34	0	0
516	32	0	0
517	16	0	0
518	2	8	4
519	5	43	0
520	35	0	0
521	32	0	0
522	2	16	4
523	5	40	0
524	35	0	0
525	32	0	0
526	2	12	3
527	5	2	0
528	34	0	0
529	2	6	2
530	5	1	0
531	34	0	0
532	32	0	0
533	2	4	2
534	5	37	0
535	34	0	0
536	32	0	0
537	16	0	0
538	2	16	4
539	5	40	0
540	35	0	0
541	32	0	0
542	2	12	3
543	5	2	0
544	34	0	0
545	2	6	2
546	5	1	0
547	34	0	0
548	32	0	0
549	2	4	2
550	5	37	0
551	34	0	0
552	32	0	0
553	16	0	0
554	2	16	4
555	5	43	0
556	35	0	0
557	32	0	0
558	2	12	3
559	5	2	0
560	34	0	0
561	2	6	2
562	5	1	0
563	34	0	0
564	32	0	0
565	2	4	2
566	5	37	0
567	34	0	0
568	32	0	0
569	16	0	0
570	2	20	1
571	5	0	0
572	34	0	0
573	2	4	2
574	5	19	0
575	34	0	0
576	32	0	0
577	32	0	0
578	2	12	3
579	5	2	0
580	34	0	0
581	2	6	2
582	5	1	0
583	34	0	0
584	32	0	0
585	2	4	2
586	5	37	0
587	34	0	0
588	32	0	0
589	16	0	0
590	2	20	1
591	5	0	0
592	34	0	0
593	2	4	2
594	5	31	0
595	34	0	0
596	32	0	0
597	32	0	0
598	2	12	3
599	5	2	0
600	34	0	0
601	2	6	2
602	5	1	0
603	34	0	0
604	32	0	0
605	2	4	2
606	5	37	0
607	34	0	0
608	32	0	0
609	16	0	0
610	2	20	1
611	5	0	0
612	34	0	0
613	2	12	3
614	5	2	0
615	34	0	0
616	2	6	2
617	5	1	0
618	34	0	0
619	32	0	0
620	16	0	0
621	32	0	0
622	2	4	2
623	5	1	0
624	34	0	0
625	32	0	0
626	32	0	0
627	2	12	3
628	5	2	0
629	34	0	0
630	2	6	2
631	5	1	0
632	34	0	0
633	32	0	0
634	2	4	2
635	5	37	0
636	34	0	0
637	32	0	0
638	16	0	0
639	2	20	1
640	5	0	0
641	34	0	0
642	2	12	3
643	5	2	0
644	34	0	0
645	2	6	2
646	5	1	0
647	34	0	0
648	32	0	0
649	16	0	0
650	32	0	0
651	2	4	2
652	5	37	0
653	34	0	0
654	32	0	0
655	32	0	0
656	2	12	3
657	5	2	0
658	34	0	0
659	2	6	2
660	5	1	0
661	34	0	0
662	32	0	0
663	2	4	2
664	5	37	0
665	34	0	0
666	32	0	0
667	16	0	0
668	2	20	1
669	5	30	0
670	34	0	0
671	2	4	2
672	5	19	0
673	34	0	0
674	32	0	0
675	32	0	0
676	2	12	3
677	5	2	0
678	34	0	0
679	2	6	2
680	5	1	0
681	34	0	0
682	32	0	0
683	2	4	2
684	5	37	0
685	34	0	0
686	32	0	0
687	16	0	0
688	2	20	1
689	5	30	0
690	34	0	0
691	2	4	2
692	5	31	0
693	34	0	0
694	32	0	0
695	32	0	0
696	2	12	3
697	5	2	0
698	34	0	0
699	2	6	2
700	5	1	0
701	34	0	0
702	32	0	0
703	2	4	2
704	5	37	0
705	34	0	0
706	32	0	0
707	16	0	0
708	2	20	1
709	5	30	0
710	34	0	0
711	2	12	3
712	5	2	0
713	34	0	0
714	2	6	2
715	5	1	0
716	34	0	0
717	32	0	0
718	16	0	0
719	32	0	0
720	2	4	2
721	5	1	0
722	34	0	0
723	32	0	0
724	32	0	0
725	2	12	3
726	5	2	0
727	34	0	0
728	2	6	2
729	5	1	0
730	34	0	0
731	32	0	0
732	2	4	2
733	5	37	0
734	34	0	0
735	32	0	0
736	16	0	0
737	2	20	1
738	5	30	0
739	34	0	0
740	2	12	3
741	5	2	0
742	34	0	0
743	2	6	2
744	5	1	0
745	34	0	0
746	32	0	0
747	16	0	0
748	32	0	0
749	2	4	2
750	5	37	0
751	34	0	0
752	32	0	0
753	32	0	0
754	2	12	3
755	5	2	0
756	34	0	0
757	2	6	2
758	5	1	0
759	34	0	0
760	32	0	0
761	16	0	0
762	2	12	4
763	5	24	0
764	34	0	0
765	2	12	4
766	5	24	0
767	34	0	0
768	2	8	4
769	5	34	0
770	7	1	0
771	39	0	0
772	32	0	0
773	2	12	4
774	5	34	0
775	7	1	0
776	39	0	0
777	2	12	4
778	5	43	0
779	35	0	0
780	2	12	4
781	5	46	0
782	7	1	0
783	39	0	0
784	16	0	0
785	2	12	4
786	48	15	1
787	6	8	0
788	36	0	0
789	2	0	12
790	48	15	1
791	6	1024	0
792	36	0	0
793	32	0	0
794	2	0	12
795	6	1	0
796	6	0	0
797	8	0	0
798	9	1	0
799	5	0	0
800	34	0	0
801	32	0	0
802	2	23	1
803	5	30	0
804	34	0	0
805	32	0	0
806	2	12	4
807	48	15	1
808	6	8	0
809	36	0	0
810	2	16	4
811	48	15	1
812	6	8	0
813	36	0	0
814	32	0	0
815	2	0	4
816	48	15	1
817	6	8	0
818	36	0	0
819	32	0	0
820	2	12	4
821	48	15	1
822	6	8	0
823	36	0	0
824	2	16	4
825	48	15	1
826	6	8	0
827	36	0	0
828	32	0	0
829	2	0	4
830	48	15	1
831	6	8	0
832	36	0	0
833	32	0	0
834	2	4	2
835	48	15	1
836	6	0	0
837	34	0	0
838	32	0	0
839	2	12	4
840	48	15	1
841	6	8	0
842	36	0	0
843	2	16	4
844	48	15	1
845	6	8	0
846	36	0	0
847	32	0	0
848	2	0	12
849	48	15	1
850	6	32	0
851	36	0	0
852	32	0	0
853	2	12	4
854	48	15	1
855	6	8	0
856	36	0	0
857	2	16	4
858	48	15	1
859	6	8	0
860	36	0	0
861	32	0	0
862	2	0	12
863	48	15	1
864	6	64	0
865	36	0	0
866	32	0	0
867	2	0	12
868	6	0	0
869	9	1	0
870	5	0	0
871	34	0	0
872	32	0	0
873	2	12	4
874	48	15	1
875	6	8	0
876	36	0	0
877	2	16	4
878	48	15	1
879	6	8	0
880	36	0	0
881	32	0	0
882	2	0	12
883	48	15	1
884	6	128	0
885	36	0	0
886	32	0	0
887	2	0	12
888	6	1	0
889	6	0	0
890	8	0	0
891	9	1	0
892	5	1	0
893	34	0	0
894	32	0	0
895	2	12	4
896	48	15	1
897	6	8	0
898	36	0	0
899	2	16	4
900	48	15	1
901	6	13	0
902	34	0	0
903	32	0	0
904	2	0	12
905	48	15	1
906	6	1024	0
907	36	0	0
908	32	0	0
909	2	0	12
910	6	1	0
911	6	0	0
912	8	0	0
913	9	1	0
914	5	1	0
915	34	0	0
916	32	0	0
917	33	0	0
918	2	13	3
919	5	23	0
920	35	0	0
921	2	14	1
922	2	0	14
923	40	0	0
924	48	2	1
925	6	1	0
926	37	0	0
927	2	15	1
928	2	14	1
929	40	0	0
930	2	0	14
931	40	0	0
932	48	2	1
933	6	1	0
934	37	0	0
935	2	16	3
936	2	12	4
937	2	8	4
938	2	5	3
939	48	11	4
940	4	7	0
941	34	0	0
942	2	16	3
943	2	12	4
944	2	8	4
945	2	5	3
946	48	12	4
947	4	8	0
948	34	0	0
949	2	16	3
950	5	2	0
951	34	0	0
952	2	5	3
953	5	17	0
954	5	20	0
955	7	2	0
956	39	0	0
957	32	0	0
958	16	0	0
959	2	16	3
960	5	2	0
961	34	0	0
962	2	5	3
963	5	17	0
964	5	20	0
965	7	2	0
966	39	0	0
967	32	0	0
968	16	0	0
969	3	77	0
970	48	4	1
971	2	16	3
972	5	23	0
973	34	0	0
974	32	0	0
975	2	8	4
976	5	28	0
977	7	1	0
978	39	0	0
979	32	0	0
980	2	5	3
981	5	23	0
982	34	0	0
983	32	0	0
984	32	0	0
985	2	16	3
986	5	2	0
987	34	0	0
988	2	5	3
989	5	17	0
990	5	20	0
991	7	2	0
992	39	0	0
993	32	0	0
994	16	0	0
995	3	77	0
996	48	4	1
997	2	16	3
998	5	23	0
999	34	0	0
1000	32	0	0
1001	2	8	4
1002	5	29	0
1003	7	1	0
1004	39	0	0
1005	32	0	0
1006	2	5	3
1007	5	23	0
1008	34	0	0
1009	32	0	0
1010	32	0	0
1011	2	16	3
1012	5	24	0
1013	2	8	4
1014	2	5	3
1015	48	11	4
1016	4	0	0
1017	34	0	0
1018	2	16	3
1019	5	24	0
1020	2	8	4
1021	2	5	3
1022	48	11	4
1023	4	2	0
1024	34	0	0
1025	2	16	3
1026	5	24	0
1027	2	8	4
1028	2	5	3
1029	48	11	4
1030	4	5	0
1031	34	0	0
1032	2	16	3
1033	5	36	0
1034	2	8	4
1035	2	5	3
1036	48	11	4
1037	4	6	0
1038	34	0	0
1039	2	16	3
1040	5	39	0
1041	2	8	4
1042	2	5	3
1043	48	11	4
1044	4	3	0
1045	34	0	0
1046	2	16	4
1047	2	0	12
1048	40	0	0
1049	48	0	1
1050	2	16	4
1051	2	0	12
1052	40	0	0
1053	48	15	1
1054	6	256	0
1055	36	0	0
1056	2	16	4
1057	2	10	4
1058	34	0	0
1059	2	16	4
1060	5	40	0
1061	35	0	0
1062	2	16	4
1063	5	42	0
1064	34	0	0
1065	2	0	8
1066	5	6	0
1067	34	0	0
1068	32	0	0
1069	16	0	0
1070	2	16	4
1071	5	43	0
1072	35	0	0
1073	2	16	4
1074	5	43	0
1075	35	0	0
1076	2	12	4
1077	5	43	0
1078	35	0	0
1079	32	0	0
1080	2	16	4
1081	5	43	0
1082	35	0	0
1083	2	16	4
1084	5	40	0
1085	34	0	0
1086	2	10	1
1087	5	0	0
1088	34	0	0
1089	32	0	0
1090	2	9	1
1091	5	30	0
1092	34	0	0
1093	32	0	0
1094	2	8	1
1095	5	30	0
1096	34	0	0
1097	32	0	0
1098	2	0	8
1099	5	9	0
1100	34	0	0
1101	32	0	0
1102	32	0	0
1103	2	16	4
1104	5	43	0
1105	35	0	0
1106	2	16	4
1107	5	40	0
1108	34	0	0
1109	2	10	1
1110	5	30	0
1111	34	0	0
1112	32	0	0
1113	2	9	1
1114	5	0	0
1115	34	0	0
1116	32	0	0
1117	2	8	1
1118	5	30	0
1119	34	0	0
1120	32	0	0
1121	2	0	8
1122	5	9	0
1123	34	0	0
1124	32	0	0
1125	32	0	0
1126	2	16	4
1127	5	49	0
1128	7	1	0
1129	39	0	0
1130	16	0	0
1131	2	16	4
1132	48	15	1
1133	6	8	0
1134	36	0	0
1135	2	0	4
1136	48	15	1
1137	6	8	0
1138	36	0	0
1139	32	0	0
1140	2	16	4
1141	48	15	1
1142	6	8	0
1143	36	0	0
1144	2	15	1
1145	5	0	0
1146	34	0	0
1147	32	0	0
1148	2	14	1
1149	5	0	0
1150	34	0	0
1151	32	0	0
1152	2	0	14
1153	6	13	0
1154	6	8	0
1155	8	0	0
1156	9	1	0
1157	48	15	1
1158	6	0	0
1159	34	0	0
1160	32	0	0
1161	2	0	14
1162	2	16	4
1163	48	15	1
1164	9	1	0
1165	2	21	1
1166	35	0	0
1167	32	0	0
1168	2	16	4
1169	48	15	1
1170	6	8	0
1171	36	0	0
1172	2	21	1
1173	5	30	0
1174	34	0	0
1175	32	0	0
1176	2	14	1
1177	5	0	0
1178	34	0	0
1179	32	0	0
1180	2	0	14
1181	6	13	0
1182	6	8	0
1183	8	0	0
1184	9	1	0
1185	48	15	1
1186	6	0	0
1187	34	0	0
1188	32	0	0
1189	2	16	4
1190	48	15	1
1191	6	8	0
1192	36	0	0
1193	2	26	1
1194	2	12	3
1195	40	0	0
1196	2	0	8
1197	40	0	0
1198	48	14	1
1199	6	256	0
1200	36	0	0
1201	32	0	0
1202	2	16	5
1203	2	5	5
1204	34	0	0
1205	2	16	5
1206	5	44	0
1207	34	0	0
1208	2	12	4
1209	5	46	0
1210	7	1	0
1211	39	0	0
1212	16	0	0
1213	32	0	0
1214	2	5	5
1215	5	44	0
1216	34	0	0
1217	32	0	0
1218	2	16	5
1219	5	44	0
1220	35	0	0
1221	2	12	4
1222	5	46	0
1223	7	1	0
1224	39	0	0
1225	16	0	0
1226	32	0	0
1227	2	5	5
1228	5	44	0
1229	35	0	0
1230	32	0	0
1231	2	16	5
1232	5	44	0
1233	35	0	0
1234	3	22	0
1235	48	4	1
1236	32	0	0
1237	2	16	5
1238	5	44	0
1239	35	0	0
1240	3	98	0
1241	48	4	1
1242	3	77	0
1243	48	4	1
1244	33	0	0
1245	32	0	0
1246	2	16	6
1247	5	5	0
1248	34	0	0
1249	2	10	6
1250	5	11	0
1251	34	0	0
1252	32	0	0
1253	2	16	6
1254	5	5	0
1255	34	0	0
1256	2	10	6
1257	5	16	0
1258	34	0	0
1259	32	0	0
1260	2	16	6
1261	5	5	0
1262	34	0	0
1263	2	10	6
1264	5	25	0
1265	34	0	0
1266	32	0	0
1267	2	16	6
1268	6	5	0
1269	6	3	0
1270	8	0	0
1271	9	1	0
1272	5	2	0
1273	34	0	0
1274	2	7	1
1275	5	0	0
1276	34	0	0
1277	32	0	0
1278	16	0	0
1279	2	16	6
1280	6	5	0
1281	6	3	0
1282	8	0	0
1283	9	1	0
1284	5	2	0
1285	34	0	0
1286	16	0	0
1287	2	16	6
1288	6	5	0
1289	6	3	0
1290	8	0	0
1291	9	1	0
1292	5	2	0
1293	34	0	0
1294	16	0	0
1295	2	16	6
1296	5	14	0
1297	5	22	0
1298	5	33	0
1299	7	3	0
1300	39	0	0
1301	16	0	0
1302	32	0	0
1303	2	18	2
1304	5	31	0
1305	34	0	0
1306	2	19	3
1307	5	2	0
1308	34	0	0
1309	2	7	1
1310	5	0	0
1311	34	0	0
1312	32	0	0
1313	16	0	0
1314	2	19	3
1315	5	2	0
1316	34	0	0
1317	16	0	0
1318	2	19	3
1319	5	12	0
1320	5	20	0
1321	5	32	0
1322	7	3	0
1323	39	0	0
1324	32	0	0
1325	2	19	4
1326	5	3	0
1327	35	0	0
1328	2	19	4
1329	5	3	0
1330	35	0	0
1331	3	4	0
1332	48	4	1
1333	2	19	4
1334	5	3	0
1335	35	0	0
1336	32	0	0
1337	32	0	0
1338	2	19	4
1339	5	3	0
1340	35	0	0
1341	3	4	0
1342	48	4	1
1343	2	19	4
1344	5	3	0
1345	35	0	0
1346	32	0	0
1347	32	0	0
1348	2	16	3
1349	5	2	0
1350	34	0	0
1351	32	0	0
1352	2	19	4
1353	48	2	1
1354	6	1	0
1355	34	0	0
1356	2	20	1
1357	5	0	0
1358	34	0	0
1359	2	12	3
1360	5	2	0
1361	34	0	0
1362	32	0	0
1363	2	6	2
1364	5	1	0
1365	34	0	0
1366	32	0	0
1367	2	4	2
1368	5	37	0
1369	34	0	0
1370	32	0	0
1371	2	20	1
1372	5	30	0
1373	34	0	0
1374	2	12	3
1375	5	2	0
1376	34	0	0
1377	32	0	0
1378	2	6	2
1379	5	1	0
1380	34	0	0
1381	32	0	0
1382	2	4	2
1383	5	37	0
1384	34	0	0
1385	32	0	0
1386	2	20	2
1387	5	37	0
1388	35	0	0
1389	2	20	2
1390	5	37	0
1391	35	0	0
1392	3	66	0
1393	48	4	1
1394	32	0	0
1395	2	20	3
1396	5	27	0
1397	7	1	0
1398	39	0	0
1399	16	0	0
1400	2	21	1
1401	5	30	0
1402	34	0	0
1403	2	16	4
1404	5	40	0
1405	34	0	0
1406	32	0	0
1407	2	21	2
1408	5	1	0
1409	34	0	0
1410	2	20	1
1411	5	0	0
1412	34	0	0
1413	32	0	0
1414	2	21	2
1415	5	1	0
1416	34	0	0
1417	2	20	1
1418	5	30	0
1419	34	0	0
1420	32	0	0
1421	2	21	2
1422	5	1	0
1423	35	0	0
1424	3	98	0
1425	48	4	1
1426	3	77	0
1427	48	4	1
1428	33	0	0
1429	32	0	0
1430	2	21	2
1431	5	19	0
1432	34	0	0
1433	2	20	1
1434	5	0	0
1435	34	0	0
1436	32	0	0
1437	2	21	2
1438	5	19	0
1439	34	0	0
1440	2	20	1
1441	5	30	0
1442	34	0	0
1443	32	0	0
1444	2	21	2
1445	5	31	0
1446	34	0	0
1447	2	20	1
1448	5	0	0
1449	34	0	0
1450	32	0	0
1451	2	21	2
1452	5	31	0
1453	34	0	0
1454	2	20	1
1455	5	30	0
1456	34	0	0
1457	32	0	0
1458	2	21	2
1459	5	37	0
1460	34	0	0
1461	2	20	1
1462	5	0	0
1463	34	0	0
1464	32	0	0
1465	2	21	2
1466	5	37	0
1467	34	0	0
1468	2	20	1
1469	5	30	0
1470	34	0	0
1471	32	0	0
1472	2	22	1
1473	5	0	0
1474	34	0	0
1475	2	5	4
1476	2	16	4
1477	34	0	0
1478	32	0	0
1479	2	22	1
1480	5	0	0
1481	34	0	0
1482	2	5	4
1483	2	16	4
1484	34	0	0
1485	32	0	0
1486	2	16	4
1487	2	10	4
1488	34	0	0
1489	32	0	0
1490	2	22	1
1491	5	0	0
1492	34	0	0
1493	2	10	12
1494	5	7	0
1495	34	0	0
1496	32	0	0
1497	2	22	1
1498	5	30	0
1499	34	0	0
1500	2	5	4
1501	2	16	4
1502	34	0	0
1503	32	0	0
1504	2	22	1
1505	5	30	0
1506	34	0	0
1507	2	5	4
1508	2	16	4
1509	34	0	0
1510	32	0	0
1511	2	16	4
1512	2	10	4
1513	34	0	0
1514	32	0	0
1515	2	22	2
1516	2	16	5
1517	40	0	0
1518	48	2	1
1519	6	1	0
1520	34	0	0
1521	2	22	2
1522	2	16	5
1523	40	0	0
1524	48	2	1
1525	6	1	0
1526	37	0	0
1527	2	22	2
1528	5	1	0
1529	34	0	0
1530	2	10	6
1531	5	5	0
1532	34	0	0
1533	32	0	0
1534	2	5	5
1535	5	44	0
1536	34	0	0
1537	32	0	0
1538	2	22	3
1539	5	38	0
1540	35	0	0
1541	2	22	4
1542	5	46	0
1543	7	1	0
1544	39	0	0
1545	16	0	0
1546	2	23	1
1547	5	30	0
1548	34	0	0
1549	2	20	2
1550	5	37	0
1551	34	0	0
1552	32	0	0
1553	16	0	0
1554	2	23	2
1555	5	1	0
1556	35	0	0
1557	3	98	0
1558	48	4	1
1559	32	0	0
1560	2	23	2
1561	5	37	0
1562	35	0	0
1563	3	98	0
1564	48	4	1
1565	32	0	0
1566	2	23	2
1567	5	51	0
1568	7	1	0
1569	39	0	0
1570	2	20	1
1571	5	0	0
1572	34	0	0
1573	32	0	0
1574	16	0	0
1575	2	23	3
1576	5	48	0
1577	7	1	0
1578	39	0	0
1579	16	0	0
1580	2	24	1
1581	5	0	0
1582	34	0	0
1583	2	21	1
1584	5	0	0
1585	34	0	0
1586	32	0	0
1587	16	0	0
1588	2	24	1
1589	5	0	0
1590	34	0	0
1591	2	23	1
1592	5	0	0
1593	34	0	0
1594	32	0	0
1595	2	21	1
1596	5	0	0
1597	34	0	0
1598	32	0	0
1599	16	0	0
1600	2	24	1
1601	5	0	0
1602	34	0	0
1603	2	23	1
1604	5	30	0
1605	34	0	0
1606	32	0	0
1607	2	21	1
1608	5	30	0
1609	34	0	0
1610	32	0	0
1611	2	16	4
1612	5	40	0
1613	34	0	0
1614	32	0	0
1615	2	24	1
1616	5	30	0
1617	34	0	0
1618	2	23	1
1619	5	0	0
1620	34	0	0
1621	32	0	0
1622	2	21	1
1623	5	30	0
1624	34	0	0
1625	32	0	0
1626	2	16	4
1627	5	40	0
1628	34	0	0
1629	32	0	0
1630	2	25	4
1631	5	18	0
1632	7	1	0
1633	39	0	0
1634	16	0	0
1635	2	26	1
1636	2	12	3
1637	40	0	0
1638	2	0	8
1639	40	0	0
1640	5	7	0
1641	34	0	0
1642	2	26	1
1643	2	13	1
1644	2	26	1
1645	41	0	0
1646	17	0	0
1647	40	0	0
1648	2	11	1
1649	2	26	1
1650	41	0	0
1651	17	0	0
1652	40	0	0
1653	2	16	10
1654	40	0	0
1655	2	0	11
1656	40	0	0
1657	48	8	1
1658	6	2047	0
1659	36	0	0
1660	2	26	1
1661	2	13	1
1662	2	26	1
1663	41	0	0
1664	17	0	0
1665	40	0	0
1666	2	11	1
1667	2	26	1
1668	41	0	0
1669	17	0	0
1670	40	0	0
1671	2	16	10
1672	40	0	0
1673	2	0	11
1674	40	0	0
1675	48	8	1
1676	6	-2048	0
1677	38	0	0
1678	32	0	0
1679	2	28	4
1680	5	43	0
1681	35	0	0
1682	2	28	4
1683	5	43	0
1684	35	0	0
1685	2	0	4
1686	5	43	0
1687	35	0	0
1688	32	0	0
1689	2	28	4
1690	5	43	0
1691	35	0	0
1692	2	5	2
1693	5	1	0
1694	35	0	0
1695	32	0	0
1696	2	28	4
1697	5	43	0
1698	35	0	0
1699	2	7	5
1700	5	4	0
1701	34	0	0
1702	2	5	2
1703	5	37	0
1704	34	0	0
1705	32	0	0
1706	16	0	0
1707	2	16	4
1708	5	40	0
1709	35	0	0
1710	32	0	0
1711	32	0	0
1712	2	28	4
1713	5	43	0
1714	35	0	0
1715	2	7	5
1716	5	4	0
1717	34	0	0
1718	2	5	2
1719	5	37	0
1720	34	0	0
1721	32	0	0
1722	16	0	0
1723	32	0	0
1724	2	28	4
1725	5	43	0
1726	35	0	0
1727	2	7	5
1728	5	4	0
1729	34	0	0
1730	2	5	2
1731	5	37	0
1732	34	0	0
1733	32	0	0
1734	16	0	0
1735	32	0	0
1736	2	20	1
1737	5	0	0
1738	34	0	0
1739	2	5	2
1740	5	19	0
1741	34	0	0
1742	32	0	0
1743	32	0	0
1744	2	28	4
1745	5	43	0
1746	35	0	0
1747	2	7	5
1748	5	4	0
1749	34	0	0
1750	2	5	2
1751	5	37	0
1752	34	0	0
1753	32	0	0
1754	16	0	0
1755	32	0	0
1756	2	20	1
1757	5	0	0
1758	34	0	0
1759	2	5	2
1760	5	31	0
1761	34	0	0
1762	32	0	0
1763	32	0	0
1764	2	28	4
1765	5	43	0
1766	35	0	0
1767	2	7	5
1768	5	4	0
1769	34	0	0
1770	2	5	2
1771	5	37	0
1772	34	0	0
1773	32	0	0
1774	16	0	0
1775	32	0	0
1776	2	20	1
1777	5	0	0
1778	34	0	0
1779	2	7	5
1780	5	4	0
1781	35	0	0
1782	32	0	0
1783	2	5	2
1784	5	1	0
1785	34	0	0
1786	32	0	0
1787	32	0	0
1788	2	28	4
1789	5	43	0
1790	35	0	0
1791	2	7	5
1792	5	4	0
1793	34	0	0
1794	2	5	2
1795	5	37	0
1796	34	0	0
1797	32	0	0
1798	16	0	0
1799	32	0	0
1800	2	20	1
1801	5	0	0
1802	34	0	0
1803	2	7	5
1804	5	4	0
1805	35	0	0
1806	32	0	0
1807	2	5	2
1808	5	37	0
1809	34	0	0
1810	32	0	0
1811	32	0	0
1812	2	28	4
1813	5	43	0
1814	35	0	0
1815	2	7	5
1816	5	4	0
1817	34	0	0
1818	2	5	2
1819	5	37	0
1820	34	0	0
1821	32	0	0
1822	16	0	0
1823	32	0	0
1824	2	20	1
1825	5	30	0
1826	34	0	0
1827	2	5	2
1828	5	19	0
1829	34	0	0
1830	32	0	0
1831	32	0	0
1832	2	28	4
1833	5	43	0
1834	35	0	0
1835	2	7	5
1836	5	4	0
1837	34	0	0
1838	2	5	2
1839	5	37	0
1840	34	0	0
1841	32	0	0
1842	16	0	0
1843	32	0	0
1844	2	20	1
1845	5	30	0
1846	34	0	0
1847	2	5	2
1848	5	31	0
1849	34	0	0
1850	32	0	0
1851	32	0	0
1852	2	28	4
1853	5	43	0
1854	35	0	0
1855	2	7	5
1856	5	4	0
1857	34	0	0
1858	2	5	2
1859	5	37	0
1860	34	0	0
1861	32	0	0
1862	16	0	0
1863	32	0	0
1864	2	20	1
1865	5	30	0
1866	34	0	0
1867	2	7	5
1868	5	4	0
1869	35	0	0
1870	32	0	0
1871	2	5	2
1872	5	1	0
1873	34	0	0
1874	32	0	0
1875	32	0	0
1876	2	28	4
1877	5	43	0
1878	35	0	0
1879	2	7	5
1880	5	4	0
1881	34	0	0
1882	2	5	2
1883	5	37	0
1884	34	0	0
1885	32	0	0
1886	16	0	0
1887	32	0	0
1888	2	20	1
1889	5	30	0
1890	34	0	0
1891	2	7	5
1892	5	4	0
1893	35	0	0
1894	32	0	0
1895	2	5	2
1896	5	37	0
1897	34	0	0
1898	32	0	0
1899	32	0	0
1900	2	28	4
1901	5	43	0
1902	35	0	0
1903	2	12	4
1904	5	43	0
1905	35	0	0
1906	32	0	0
1907	2	28	4
1908	5	43	0
1909	35	0	0
1910	2	16	4
1911	5	40	0
1912	35	0	0
1913	32	0	0
1914	2	28	4
1915	5	43	0
1916	35	0	0
1917	2	16	4
1918	5	43	0
1919	35	0	0
1920	32	0	0
1921	2	28	4
1922	5	43	0
1923	35	0	0
1924	2	16	4
1925	5	43	0
1926	35	0	0
1927	32	0	0
1928	2	24	1
1929	5	0	0
1930	34	0	0
1931	2	23	1
1932	5	30	0
1933	34	0	0
1934	32	0	0
1935	2	21	1
1936	5	0	0
1937	34	0	0
1938	32	0	0
1939	2	16	4
1940	5	40	0
1941	34	0	0
1942	32	0	0
1943	2	0	12
1944	5	8	0
1945	34	0	0
1946	32	0	0
1947	32	0	0
1948	2	28	4
1949	5	43	0
1950	35	0	0
1951	2	16	4
1952	5	49	0
1953	7	1	0
1954	39	0	0
1955	16	0	0
1956	32	0	0
1957	2	28	4
1958	5	43	0
1959	35	0	0
1960	2	20	1
1961	5	0	0
1962	34	0	0
1963	2	5	2
1964	5	1	0
1965	34	0	0
1966	32	0	0
1967	32	0	0
1968	2	28	4
1969	5	43	0
1970	35	0	0
1971	2	20	1
1972	5	0	0
1973	34	0	0
1974	2	5	2
1975	5	19	0
1976	34	0	0
1977	32	0	0
1978	32	0	0
1979	2	28	4
1980	5	43	0
1981	35	0	0
1982	2	20	1
1983	5	0	0
1984	34	0	0
1985	2	5	2
1986	5	31	0
1987	34	0	0
1988	32	0	0
1989	32	0	0
1990	2	28	4
1991	5	43	0
1992	35	0	0
1993	2	20	1
1994	5	0	0
1995	34	0	0
1996	2	5	2
1997	5	37	0
1998	34	0	0
1999	32	0	0
2000	32	0	0
2001	2	28	4
2002	5	43	0
2003	35	0	0
2004	2	20	1
2005	5	0	0
2006	34	0	0
2007	2	7	5
2008	5	4	0
2009	34	0	0
2010	32	0	0
2011	2	5	2
2012	5	37	0
2013	34	0	0
2014	32	0	0
2015	32	0	0
2016	2	28	4
2017	5	43	0
2018	35	0	0
2019	2	20	1
2020	5	30	0
2021	34	0	0
2022	2	5	2
2023	5	1	0
2024	34	0	0
2025	32	0	0
2026	32	0	0
2027	2	28	4
2028	5	43	0
2029	35	0	0
2030	2	20	1
2031	5	30	0
2032	34	0	0
2033	2	5	2
2034	5	19	0
2035	34	0	0
2036	32	0	0
2037	32	0	0
2038	2	28	4
2039	5	43	0
2040	35	0	0
2041	2	20	1
2042	5	30	0
2043	34	0	0
2044	2	5	2
2045	5	31	0
2046	34	0	0
2047	32	0	0
2048	32	0	0
2049	2	28	4
2050	5	43	0
2051	35	0	0
2052	2	20	1
2053	5	30	0
2054	34	0	0
2055	2	5	2
2056	5	37	0
2057	34	0	0
2058	32	0	0
2059	32	0	0
2060	2	28	4
2061	5	43	0
2062	35	0	0
2063	2	20	1
2064	5	30	0
2065	34	0	0
2066	2	7	5
2067	5	4	0
2068	34	0	0
2069	32	0	0
2070	2	5	2
2071	5	37	0
2072	34	0	0
2073	32	0	0
2074	32	0	0
2075	2	28	4
2076	5	43	0
2077	35	0	0
2078	2	21	1
2079	5	30	0
2080	34	0	0
2081	2	16	4
2082	5	40	0
2083	34	0	0
2084	32	0	0
2085	32	0	0
2086	2	28	4
2087	5	43	0
2088	35	0	0
2089	2	22	1
2090	5	0	0
2091	34	0	0
2092	2	16	4
2093	5	3	0
2094	34	0	0
2095	32	0	0
2096	16	0	0
2097	32	0	0
2098	2	28	4
2099	5	43	0
2100	35	0	0
2101	2	23	1
2102	5	30	0
2103	34	0	0
2104	2	20	2
2105	5	37	0
2106	34	0	0
2107	32	0	0
2108	16	0	0
2109	32	0	0
2110	2	28	4
2111	5	43	0
2112	35	0	0
2113	2	23	2
2114	5	31	0
2115	34	0	0
2116	2	20	1
2117	5	0	0
2118	34	0	0
2119	32	0	0
2120	16	0	0
2121	32	0	0
2122	2	28	4
2123	5	43	0
2124	35	0	0
2125	2	24	1
2126	5	0	0
2127	34	0	0
2128	2	21	1
2129	5	30	0
2130	34	0	0
2131	32	0	0
2132	16	0	0
2133	32	0	0
2134	2	28	4
2135	5	43	0
2136	35	0	0
2137	2	24	1
2138	5	0	0
2139	34	0	0
2140	2	23	1
2141	5	0	0
2142	34	0	0
2143	32	0	0
2144	2	21	1
2145	5	0	0
2146	34	0	0
2147	32	0	0
2148	16	0	0
2149	32	0	0
2150	2	28	4
2151	5	43	0
2152	35	0	0
2153	2	24	1
2154	5	0	0
2155	34	0	0
2156	2	23	1
2157	5	30	0
2158	34	0	0
2159	32	0	0
2160	2	21	1
2161	5	30	0
2162	34	0	0
2163	32	0	0
2164	2	16	4
2165	5	40	0
2166	34	0	0
2167	32	0	0
2168	32	0	0
2169	2	28	4
2170	5	43	0
2171	35	0	0
2172	2	24	1
2173	5	30	0
2174	34	0	0
2175	2	23	1
2176	5	0	0
2177	34	0	0
2178	32	0	0
2179	2	21	1
2180	5	30	0
2181	34	0	0
2182	32	0	0
2183	2	16	4
2184	5	40	0
2185	34	0	0
2186	32	0	0
2187	2	0	12
2188	5	8	0
2189	34	0	0
2190	32	0	0
2191	32	0	0
2192	2	28	4
2193	5	43	0
2194	35	0	0
2195	2	24	1
2196	5	30	0
2197	34	0	0
2198	2	23	1
2199	5	0	0
2200	34	0	0
2201	32	0	0
2202	2	21	1
2203	5	30	0
2204	34	0	0
2205	32	0	0
2206	2	16	4
2207	5	40	0
2208	34	0	0
2209	32	0	0
2210	32	0	0
2211	2	28	4
2212	5	43	0
2213	35	0	0
2214	3	0	0
2215	48	4	1
2216	32	0	0
2217	2	28	4
2218	5	43	0
2219	35	0	0
2220	3	9	0
2221	48	4	1
2222	32	0	0
2223	2	28	4
2224	5	43	0
2225	35	0	0
2226	3	13	0
2227	48	4	1
2228	32	0	0
2229	2	28	4
2230	5	43	0
2231	35	0	0
2232	3	29	0
2233	48	4	1
2234	2	16	4
2235	5	43	0
2236	35	0	0
2237	32	0	0
2238	32	0	0
2239	2	28	4
2240	5	43	0
2241	35	0	0
2242	3	29	0
2243	48	4	1
2244	32	0	0
2245	2	28	4
2246	5	43	0
2247	35	0	0
2248	3	43	0
2249	48	4	1
2250	32	0	0
2251	2	28	4
2252	5	43	0
2253	35	0	0
2254	3	65	0
2255	48	4	1
2256	32	0	0
2257	2	28	4
2258	5	43	0
2259	35	0	0
2260	3	117	0
2261	48	4	1
2262	32	0	0
2263	2	29	2
2264	5	37	0
2265	35	0	0
2266	2	31	1
2267	2	22	1
2268	2	10	6
2269	2	16	6
2270	48	7	4
2271	16	0	0
2272	2	31	1
2273	2	29	2
2274	6	1	0
2275	9	1	0
2276	2	10	6
2277	2	16	6
2278	48	1	4
2279	3	0	0
2280	48	4	1
2281	3	1	0
2282	48	4	1
2283	3	2	0
2284	48	4	1
2285	3	3	0
2286	48	4	1
2287	2	5	5
2288	5	44	0
2289	34	0	0
2290	32	0	0
2291	3	4	0
2292	48	4	1
2293	3	4	0
2294	48	4	1
2295	2	16	5
2296	5	44	0
2297	35	0	0
2298	32	0	0
2299	3	4	0
2300	48	4	1
2301	2	16	5
2302	5	52	0
2303	7	1	0
2304	39	0	0
2305	32	0	0
2306	3	4	0
2307	48	4	1
2308	2	16	5
2309	5	53	0
2310	7	1	0
2311	39	0	0
2312	32	0	0
2313	3	4	0
2314	48	4	1
2315	2	19	4
2316	5	3	0
2317	35	0	0
2318	32	0	0
2319	3	4	0
2320	48	4	1
2321	3	25	0
2322	48	4	1
2323	32	0	0
2324	3	4	0
2325	48	4	1
2326	3	29	0
2327	48	4	1
2328	32	0	0
2329	3	4	0
2330	48	4	1
2331	3	47	0
2332	48	4	1
2333	32	0	0
2334	3	4	0
2335	48	4	1
2336	3	56	0
2337	48	4	1
2338	32	0	0
2339	3	5	0
2340	48	4	1
2341	3	6	0
2342	48	4	1
2343	2	16	3
2344	5	12	0
2345	34	0	0
2346	32	0	0
2347	2	12	4
2348	5	24	0
2349	34	0	0
2350	32	0	0
2351	2	8	4
2352	5	13	0
2353	34	0	0
2354	32	0	0
2355	3	7	0
2356	48	4	1
2357	3	8	0
2358	48	4	1
2359	3	9	0
2360	48	4	1
2361	3	10	0
2362	48	4	1
2363	3	11	0
2364	48	4	1
2365	3	12	0
2366	48	4	1
2367	3	13	0
2368	48	4	1
2369	3	14	0
2370	48	4	1
2371	3	15	0
2372	48	4	1
2373	3	116	0
2374	48	4	1
2375	32	0	0
2376	3	16	0
2377	48	4	1
2378	3	17	0
2379	48	4	1
2380	3	18	0
2381	48	4	1
2382	3	19	0
2383	48	4	1
2384	3	20	0
2385	48	4	1
2386	3	21	0
2387	48	4	1
2388	3	22	0
2389	48	4	1
2390	3	23	0
2391	48	4	1
2392	3	24	0
2393	48	4	1
2394	3	26	0
2395	48	4	1
2396	3	27	0
2397	48	4	1
2398	3	28	0
2399	48	4	1
2400	3	28	0
2401	48	4	1
2402	2	13	3
2403	5	23	0
2404	35	0	0
2405	32	0	0
2406	3	28	0
2407	48	4	1
2408	3	47	0
2409	48	4	1
2410	32	0	0
2411	3	28	0
2412	48	4	1
2413	3	55	0
2414	48	4	1
2415	32	0	0
2416	3	29	0
2417	48	4	1
2418	3	29	0
2419	48	4	1
2420	2	16	4
2421	5	43	0
2422	35	0	0
2423	32	0	0
2424	3	30	0
2425	48	4	1
2426	3	31	0
2427	48	4	1
2428	3	32	0
2429	48	4	1
2430	3	33	0
2431	48	4	1
2432	3	34	0
2433	48	4	1
2434	3	35	0
2435	48	4	1
2436	3	36	0
2437	48	4	1
2438	3	37	0
2439	48	4	1
2440	3	38	0
2441	48	4	1
2442	2	12	4
2443	5	39	0
2444	34	0	0
2445	32	0	0
2446	2	8	4
2447	5	10	0
2448	5	13	0
2449	7	2	0
2450	39	0	0
2451	32	0	0
2452	3	38	0
2453	48	4	1
2454	2	16	3
2455	5	2	0
2456	34	0	0
2457	32	0	0
2458	2	12	4
2459	5	39	0
2460	34	0	0
2461	32	0	0
2462	2	8	4
2463	5	3	0
2464	34	0	0
2465	32	0	0
2466	3	38	0
2467	48	4	1
2468	2	16	3
2469	5	2	0
2470	34	0	0
2471	32	0	0
2472	2	12	4
2473	5	39	0
2474	34	0	0
2475	32	0	0
2476	2	8	4
2477	5	15	0
2478	34	0	0
2479	32	0	0
2480	3	39	0
2481	48	4	1
2482	3	39	0
2483	48	4	1
2484	2	16	3
2485	5	2	0
2486	34	0	0
2487	32	0	0
2488	2	12	4
2489	5	24	0
2490	34	0	0
2491	32	0	0
2492	2	8	4
2493	5	24	0
2494	34	0	0
2495	32	0	0
2496	2	5	3
2497	5	32	0
2498	34	0	0
2499	32	0	0
2500	3	39	0
2501	48	4	1
2502	2	16	3
2503	5	2	0
2504	34	0	0
2505	32	0	0
2506	2	12	4
2507	5	24	0
2508	34	0	0
2509	32	0	0
2510	2	8	4
2511	5	24	0
2512	34	0	0
2513	32	0	0
2514	2	5	3
2515	5	35	0
2516	34	0	0
2517	32	0	0
2518	3	39	0
2519	48	4	1
2520	2	16	3
2521	5	2	0
2522	34	0	0
2523	32	0	0
2524	2	12	4
2525	5	24	0
2526	34	0	0
2527	32	0	0
2528	2	8	4
2529	5	24	0
2530	34	0	0
2531	32	0	0
2532	2	5	3
2533	5	38	0
2534	34	0	0
2535	32	0	0
2536	3	39	0
2537	48	4	1
2538	2	16	3
2539	5	23	0
2540	34	0	0
2541	32	0	0
2542	2	12	4
2543	5	24	0
2544	34	0	0
2545	32	0	0
2546	2	8	4
2547	5	24	0
2548	34	0	0
2549	32	0	0
2550	2	5	3
2551	5	2	0
2552	34	0	0
2553	32	0	0
2554	3	39	0
2555	48	4	1
2556	2	16	3
2557	5	23	0
2558	34	0	0
2559	32	0	0
2560	2	12	4
2561	5	24	0
2562	34	0	0
2563	32	0	0
2564	2	8	4
2565	5	24	0
2566	34	0	0
2567	32	0	0
2568	2	5	3
2569	5	12	0
2570	34	0	0
2571	32	0	0
2572	3	39	0
2573	48	4	1
2574	2	16	3
2575	5	23	0
2576	34	0	0
2577	32	0	0
2578	2	12	4
2579	5	24	0
2580	34	0	0
2581	32	0	0
2582	2	8	4
2583	5	24	0
2584	34	0	0
2585	32	0	0
2586	2	5	3
2587	5	20	0
2588	34	0	0
2589	32	0	0
2590	3	39	0
2591	48	4	1
2592	2	16	3
2593	5	23	0
2594	34	0	0
2595	32	0	0
2596	2	12	4
2597	5	24	0
2598	34	0	0
2599	32	0	0
2600	2	8	4
2601	5	24	0
2602	34	0	0
2603	32	0	0
2604	2	5	3
2605	5	23	0
2606	34	0	0
2607	32	0	0
2608	3	40	0
2609	48	4	1
2610	3	41	0
2611	48	4	1
2612	3	42	0
2613	48	4	1
2614	2	16	3
2615	5	23	0
2616	34	0	0
2617	32	0	0
2618	2	12	4
2619	5	24	0
2620	34	0	0
2621	32	0	0
2622	2	8	4
2623	5	13	0
2624	34	0	0
2625	32	0	0
2626	2	5	3
2627	5	41	0
2628	34	0	0
2629	32	0	0
2630	3	43	0
2631	48	4	1
2632	3	44	0
2633	48	4	1
2634	3	45	0
2635	48	4	1
2636	3	46	0
2637	48	4	1
2638	3	47	0
2639	48	4	1
2640	3	48	0
2641	48	4	1
2642	3	49	0
2643	48	4	1
2644	3	50	0
2645	48	4	1
2646	3	51	0
2647	48	4	1
2648	3	52	0
2649	48	4	1
2650	3	52	0
2651	48	4	1
2652	2	23	1
2653	5	0	0
2654	34	0	0
2655	2	0	5
2656	5	44	0
2657	34	0	0
2658	32	0	0
2659	32	0	0
2660	3	53	0
2661	48	4	1
2662	3	54	0
2663	48	4	1
2664	3	55	0
2665	48	4	1
2666	3	55	0
2667	48	4	1
2668	2	23	1
2669	5	0	0
2670	34	0	0
2671	2	0	5
2672	5	44	0
2673	34	0	0
2674	32	0	0
2675	32	0	0
2676	3	57	0
2677	48	4	1
2678	3	57	0
2679	48	4	1
2680	3	59	0
2681	48	4	1
2682	32	0	0
2683	3	58	0
2684	48	4	1
2685	3	59	0
2686	48	4	1
2687	32	0	0
2688	3	59	0
2689	48	4	1
2690	3	59	0
2691	48	4	1
2692	2	29	1
2693	5	30	0
2694	34	0	0
2695	2	0	5
2696	5	44	0
2697	34	0	0
2698	32	0	0
2699	32	0	0
2700	3	60	0
2701	48	4	1
2702	3	61	0
2703	48	4	1
2704	3	62	0
2705	48	4	1
2706	3	63	0
2707	48	4	1
2708	3	63	0
2709	48	4	1
2710	2	0	5
2711	5	44	0
2712	35	0	0
2713	32	0	0
2714	3	64	0
2715	48	4	1
2716	3	65	0
2717	48	4	1
2718	3	66	0
2719	48	4	1
2720	3	67	0
2721	48	4	1
2722	2	16	3
2723	5	38	0
2724	34	0	0
2725	32	0	0
2726	2	12	4
2727	5	24	0
2728	34	0	0
2729	32	0	0
2730	2	8	4
2731	5	3	0
2732	34	0	0
2733	32	0	0
2734	2	5	3
2735	5	2	0
2736	34	0	0
2737	32	0	0
2738	3	68	0
2739	48	4	1
2740	3	69	0
2741	48	4	1
2742	3	69	0
2743	48	4	1
2744	2	12	4
2745	5	36	0
2746	34	0	0
2747	32	0	0
2748	3	70	0
2749	48	4	1
2750	3	71	0
2751	48	4	1
2752	3	72	0
2753	48	4	1
2754	3	73	0
2755	48	4	1
2756	3	74	0
2757	48	4	1
2758	3	75	0
2759	48	4	1
2760	3	76	0
2761	48	4	1
2762	3	77	0
2763	48	4	1
2764	3	77	0
2765	48	4	1
2766	3	100	0
2767	48	4	1
2768	33	0	0
2769	3	78	0
2770	48	4	1
2771	3	78	0
2772	48	4	1
2773	2	22	1
2774	5	0	0
2775	34	0	0
2776	3	84	0
2777	48	4	1
2778	33	0	0
2779	32	0	0
2780	3	78	0
2781	48	4	1
2782	2	22	1
2783	5	0	0
2784	34	0	0
2785	3	87	0
2786	48	4	1
2787	33	0	0
2788	32	0	0
2789	3	78	0
2790	48	4	1
2791	2	22	2
2792	5	1	0
2793	35	0	0
2794	32	0	0
2795	3	78	0
2796	48	4	1
2797	3	25	0
2798	48	4	1
2799	32	0	0
2800	3	78	0
2801	48	4	1
2802	3	30	0
2803	48	4	1
2804	2	22	2
2805	5	1	0
2806	35	0	0
2807	32	0	0
2808	32	0	0
2809	3	78	0
2810	48	4	1
2811	3	30	0
2812	48	4	1
2813	32	0	0
2814	3	78	0
2815	48	4	1
2816	3	84	0
2817	48	4	1
2818	32	0	0
2819	3	78	0
2820	48	4	1
2821	3	87	0
2822	48	4	1
2823	32	0	0
2824	3	78	0
2825	48	4	1
2826	3	100	0
2827	48	4	1
2828	33	0	0
2829	3	78	0
2830	48	4	1
2831	3	100	0
2832	48	4	1
2833	33	0	0
2834	2	22	2
2835	5	1	0
2836	35	0	0
2837	32	0	0
2838	3	78	0
2839	48	4	1
2840	3	105	0
2841	48	4	1
2842	32	0	0
2843	3	78	0
2844	48	4	1
2845	3	107	0
2846	48	4	1
2847	32	0	0
2848	3	79	0
2849	48	4	1
2850	3	79	0
2851	48	4	1
2852	3	88	0
2853	48	4	1
2854	32	0	0
2855	3	80	0
2856	48	4	1
2857	2	22	2
2858	5	1	0
2859	35	0	0
2860	32	0	0
2861	3	81	0
2862	48	4	1
2863	3	82	0
2864	48	4	1
2865	3	83	0
2866	48	4	1
2867	3	83	0
2868	48	4	1
2869	3	85	0
2870	48	4	1
2871	33	0	0
2872	3	84	0
2873	48	4	1
2874	3	85	0
2875	48	4	1
2876	3	86	0
2877	48	4	1
2878	3	87	0
2879	48	4	1
2880	3	88	0
2881	48	4	1
2882	3	89	0
2883	48	4	1
2884	3	89	0
2885	48	4	1
2886	3	82	0
2887	48	4	1
2888	32	0	0
2889	3	89	0
2890	48	4	1
2891	3	83	0
2892	48	4	1
2893	32	0	0
2894	3	89	0
2895	48	4	1
2896	3	84	0
2897	48	4	1
2898	32	0	0
2899	3	89	0
2900	48	4	1
2901	3	85	0
2902	48	4	1
2903	32	0	0
2904	3	89	0
2905	48	4	1
2906	3	86	0
2907	48	4	1
2908	32	0	0
2909	3	89	0
2910	48	4	1
2911	3	87	0
2912	48	4	1
2913	32	0	0
2914	3	90	0
2915	48	4	1
2916	3	90	0
2917	48	4	1
2918	3	82	0
2919	48	4	1
2920	32	0	0
2921	3	90	0
2922	48	4	1
2923	3	83	0
2924	48	4	1
2925	32	0	0
2926	3	90	0
2927	48	4	1
2928	3	85	0
2929	48	4	1
2930	32	0	0
2931	3	90	0
2932	48	4	1
2933	3	86	0
2934	48	4	1
2935	32	0	0
2936	3	91	0
2937	48	4	1
2938	3	92	0
2939	48	4	1
2940	2	16	3
2941	5	23	0
2942	34	0	0
2943	32	0	0
2944	2	12	4
2945	5	24	0
2946	34	0	0
2947	32	0	0
2948	2	8	4
2949	5	15	0
2950	34	0	0
2951	32	0	0
2952	2	5	3
2953	5	32	0
2954	34	0	0
2955	32	0	0
2956	3	92	0
2957	48	4	1
2958	2	16	3
2959	5	23	0
2960	34	0	0
2961	32	0	0
2962	2	12	4
2963	5	24	0
2964	34	0	0
2965	32	0	0
2966	2	8	4
2967	5	15	0
2968	34	0	0
2969	32	0	0
2970	2	5	3
2971	5	35	0
2972	34	0	0
2973	32	0	0
2974	3	92	0
2975	48	4	1
2976	2	16	3
2977	5	23	0
2978	34	0	0
2979	32	0	0
2980	2	12	4
2981	5	24	0
2982	34	0	0
2983	32	0	0
2984	2	8	4
2985	5	15	0
2986	34	0	0
2987	32	0	0
2988	2	5	3
2989	5	41	0
2990	34	0	0
2991	32	0	0
2992	3	93	0
2993	48	4	1
2994	2	16	3
2995	5	23	0
2996	34	0	0
2997	32	0	0
2998	2	12	4
2999	5	24	0
3000	34	0	0
3001	32	0	0
3002	2	8	4
3003	5	15	0
3004	34	0	0
3005	32	0	0
3006	2	5	3
3007	5	38	0
3008	34	0	0
3009	32	0	0
3010	3	98	0
3011	48	4	1
3012	3	98	0
3013	48	4	1
3014	3	5	0
3015	48	4	1
3016	32	0	0
3017	3	98	0
3018	48	4	1
3019	3	12	0
3020	48	4	1
3021	32	0	0
3022	3	98	0
3023	48	4	1
3024	3	41	0
3025	48	4	1
3026	32	0	0
3027	3	98	0
3028	48	4	1
3029	3	77	0
3030	48	4	1
3031	33	0	0
3032	3	98	0
3033	48	4	1
3034	3	77	0
3035	48	4	1
3036	33	0	0
3037	2	5	8
3038	5	6	0
3039	34	0	0
3040	2	13	1
3041	5	0	0
3042	34	0	0
3043	32	0	0
3044	32	0	0
3045	3	98	0
3046	48	4	1
3047	3	77	0
3048	48	4	1
3049	33	0	0
3050	2	16	5
3051	5	44	0
3052	35	0	0
3053	32	0	0
3054	3	98	0
3055	48	4	1
3056	3	77	0
3057	48	4	1
3058	33	0	0
3059	2	21	2
3060	5	1	0
3061	35	0	0
3062	32	0	0
3063	3	98	0
3064	48	4	1
3065	3	77	0
3066	48	4	1
3067	33	0	0
3068	2	22	2
3069	5	1	0
3070	35	0	0
3071	32	0	0
3072	3	98	0
3073	48	4	1
3074	3	77	0
3075	48	4	1
3076	33	0	0
3077	2	22	2
3078	5	37	0
3079	35	0	0
3080	32	0	0
3081	3	98	0
3082	48	4	1
3083	3	77	0
3084	48	4	1
3085	33	0	0
3086	3	5	0
3087	48	4	1
3088	32	0	0
3089	3	98	0
3090	48	4	1
3091	3	77	0
3092	48	4	1
3093	33	0	0
3094	3	41	0
3095	48	4	1
3096	32	0	0
3097	3	98	0
3098	48	4	1
3099	3	80	0
3100	48	4	1
3101	33	0	0
3102	3	98	0
3103	48	4	1
3104	3	94	0
3105	48	4	1
3106	33	0	0
3107	3	99	0
3108	48	4	1
3109	3	99	0
3110	48	4	1
3111	3	23	0
3112	48	4	1
3113	32	0	0
3114	3	99	0
3115	48	4	1
3116	3	24	0
3117	48	4	1
3118	32	0	0
3119	3	99	0
3120	48	4	1
3121	3	31	0
3122	48	4	1
3123	32	0	0
3124	3	95	0
3125	48	4	1
3126	33	0	0
3127	3	99	0
3128	48	4	1
3129	3	32	0
3130	48	4	1
3131	32	0	0
3132	3	96	0
3133	48	4	1
3134	33	0	0
3135	3	99	0
3136	48	4	1
3137	3	33	0
3138	48	4	1
3139	32	0	0
3140	3	97	0
3141	48	4	1
3142	33	0	0
3143	3	99	0
3144	48	4	1
3145	3	77	0
3146	48	4	1
3147	33	0	0
3148	3	99	0
3149	48	4	1
3150	3	77	0
3151	48	4	1
3152	33	0	0
3153	2	22	2
3154	5	1	0
3155	35	0	0
3156	32	0	0
3157	3	99	0
3158	48	4	1
3159	3	78	0
3160	48	4	1
3161	33	0	0
3162	3	25	0
3163	48	4	1
3164	32	0	0
3165	3	99	0
3166	48	4	1
3167	3	78	0
3168	48	4	1
3169	33	0	0
3170	3	30	0
3171	48	4	1
3172	32	0	0
3173	3	99	0
3174	48	4	1
3175	3	78	0
3176	48	4	1
3177	33	0	0
3178	3	56	0
3179	48	4	1
3180	32	0	0
3181	3	100	0
3182	48	4	1
3183	3	100	0
3184	48	4	1
3185	2	16	5
3186	5	44	0
3187	35	0	0
3188	32	0	0
3189	3	100	0
3190	48	4	1
3191	3	79	0
3192	48	4	1
3193	33	0	0
3194	3	100	0
3195	48	4	1
3196	3	79	0
3197	48	4	1
3198	33	0	0
3199	2	16	5
3200	5	44	0
3201	35	0	0
3202	32	0	0
3203	3	101	0
3204	48	4	1
3205	3	20	0
3206	48	4	1
3207	32	0	0
3208	3	101	0
3209	48	4	1
3210	3	80	0
3211	48	4	1
3212	33	0	0
3213	3	102	0
3214	48	4	1
3215	3	102	0
3216	48	4	1
3217	3	81	0
3218	48	4	1
3219	33	0	0
3220	3	103	0
3221	48	4	1
3222	3	104	0
3223	48	4	1
3224	3	105	0
3225	48	4	1
3226	3	106	0
3227	48	4	1
3228	3	107	0
3229	48	4	1
3230	3	108	0
3231	48	4	1
3232	3	109	0
3233	48	4	1
3234	3	110	0
3235	48	4	1
3236	3	111	0
3237	48	4	1
3238	3	112	0
3239	48	4	1
3240	3	113	0
3241	48	4	1
3242	3	113	0
3243	48	4	1
3244	2	12	4
3245	5	34	0
3246	7	1	0
3247	39	0	0
3248	32	0	0
3249	3	114	0
3250	48	4	1
3251	3	115	0
3252	48	4	1
3253	3	116	0
3254	48	4	1
3255	3	117	0
3256	48	4	1
3257	3	118	0
3258	48	4	1
3259	3	119	0
3260	48	4	1
3261	5	2	0
3262	5	39	0
3263	5	3	0
3264	2	5	3
3265	48	11	4
3266	4	4	0
3267	34	0	0
3268	5	2	0
3269	5	39	0
3270	5	15	0
3271	2	5	3
3272	48	10	4
3273	4	9	0
3274	34	0	0
3275	5	12	0
3276	5	24	0
3277	5	13	0
3278	2	5	3
3279	48	11	4
3280	4	1	0
3281	34	0	0
3282	48	3	0
3283	48	3	0
3284	2	0	8
3285	48	15	1
3286	6	8	0
3287	38	0	0
3288	32	0	0
3289	48	3	0
3290	2	8	3
3291	48	15	1
3292	6	8	0
3293	36	0	0
3294	2	0	8
3295	48	15	1
3296	6	8	0
3297	36	0	0
3298	32	0	0
3299	16	0	0
3300	32	0	0
3301	48	3	0
3302	2	8	4
3303	48	15	1
3304	6	8	0
3305	36	0	0
3306	2	0	4
3307	48	15	1
3308	6	8	0
3309	36	0	0
3310	32	0	0
3311	32	0	0
3312	48	3	0
3313	2	8	4
3314	48	15	1
3315	6	8	0
3316	36	0	0
3317	2	8	4
3318	2	0	4
3319	34	0	0
3320	32	0	0
3321	2	16	4
3322	48	15	1
3323	6	8	0
3324	36	0	0
3325	32	0	0
3326	32	0	0
3327	48	3	0
3328	2	8	4
3329	48	15	1
3330	6	8	0
3331	36	0	0
3332	2	8	4
3333	2	16	4
3334	34	0	0
3335	32	0	0
3336	2	0	4
3337	48	15	1
3338	6	8	0
3339	36	0	0
3340	32	0	0
3341	32	0	0
3342	48	3	0
3343	2	8	4
3344	48	15	1
3345	6	8	0
3346	36	0	0
3347	2	16	4
3348	48	15	1
3349	6	8	0
3350	36	0	0
3351	32	0	0
3352	2	0	4
3353	48	15	1
3354	6	8	0
3355	36	0	0
3356	32	0	0
3357	32	0	0
3358	48	3	0
3359	2	8	4
3360	48	15	1
3361	6	8	0
3362	36	0	0
3363	2	16	4
3364	48	15	1
3365	6	8	0
3366	36	0	0
3367	32	0	0
3368	2	26	1
3369	2	12	3
3370	40	0	0
3371	2	0	8
3372	40	0	0
3373	48	14	1
3374	6	8	0
3375	36	0	0
3376	32	0	0
3377	2	8	4
3378	48	15	1
3379	6	8	0
3380	36	0	0
3381	2	8	4
3382	2	16	4
3383	34	0	0
3384	32	0	0
3385	2	26	1
3386	2	12	3
3387	40	0	0
3388	2	0	8
3389	40	0	0
3390	48	14	1
3391	6	256	0
3392	36	0	0
3393	32	0	0
3394	33	0	0
3395	32	0	0
3396	48	3	0
3397	2	8	4
3398	48	15	1
3399	6	8	0
3400	36	0	0
3401	32	0	0
3402	2	0	4
3403	48	15	1
3404	6	8	0
3405	36	0	0
3406	32	0	0
3407	2	4	2
3408	48	15	1
3409	6	3	0
3410	35	0	0
3411	32	0	0
3412	48	3	0
3413	2	8	4
3414	48	15	1
3415	6	8	0
3416	36	0	0
3417	32	0	0
3418	2	26	1
3419	2	12	3
3420	40	0	0
3421	2	0	8
3422	40	0	0
3423	48	14	1
3424	6	256	0
3425	36	0	0
3426	32	0	0
3427	48	3	0
3428	16	0	0
3429	48	3	0
3430	16	0	0
3431	2	0	8
3432	48	15	1
3433	6	8	0
3434	36	0	0
3435	32	0	0
3436	48	3	0
3437	16	0	0
3438	2	0	8
3439	48	15	1
3440	6	8	0
3441	38	0	0
3442	32	0	0
3443	48	3	0
3444	16	0	0
3445	2	4	2
3446	48	15	1
3447	6	0	0
3448	34	0	0
3449	2	12	3
3450	2	6	2
3451	40	0	0
3452	48	15	1
3453	6	0	0
3454	34	0	0
3455	32	0	0
3456	2	8	4
3457	48	15	1
3458	6	8	0
3459	36	0	0
3460	2	0	4
3461	48	15	1
3462	6	8	0
3463	36	0	0
3464	32	0	0
3465	2	4	2
3466	48	15	1
3467	6	3	0
3468	35	0	0
3469	32	0	0
3470	33	0	0
3471	32	0	0
3472	48	3	0
3473	16	0	0
3474	2	8	3
3475	48	15	1
3476	6	8	0
3477	36	0	0
3478	2	0	8
3479	48	15	1
3480	6	8	0
3481	36	0	0
3482	32	0	0
3483	16	0	0
3484	32	0	0
3485	48	3	0
3486	16	0	0
3487	2	8	3
3488	48	15	1
3489	6	8	0
3490	36	0	0
3491	32	0	0
3492	2	0	8
3493	48	15	1
3494	6	8	0
3495	36	0	0
3496	32	0	0
3497	48	3	0
3498	16	0	0
3499	2	8	4
3500	48	15	1
3501	6	8	0
3502	36	0	0
3503	2	0	4
3504	48	15	1
3505	6	8	0
3506	36	0	0
3507	32	0	0
3508	32	0	0
3509	48	3	0
3510	16	0	0
3511	2	8	4
3512	48	15	1
3513	6	8	0
3514	36	0	0
3515	2	8	4
3516	2	16	4
3517	34	0	0
3518	32	0	0
3519	2	0	4
3520	48	15	1
3521	6	8	0
3522	36	0	0
3523	32	0	0
3524	32	0	0
3525	48	3	0
3526	16	0	0
3527	2	8	4
3528	48	15	1
3529	6	8	0
3530	36	0	0
3531	2	16	4
3532	48	15	1
3533	6	8	0
3534	36	0	0
3535	32	0	0
3536	2	0	4
3537	48	15	1
3538	6	8	0
3539	36	0	0
3540	32	0	0
3541	2	8	4
3542	2	16	4
3543	34	0	0
3544	2	0	4
3545	48	15	1
3546	6	13	0
3547	35	0	0
3548	32	0	0
3549	33	0	0
3550	32	0	0
3551	48	3	0
3552	16	0	0
3553	2	8	4
3554	48	15	1
3555	6	8	0
3556	36	0	0
3557	2	16	4
3558	48	15	1
3559	6	8	0
3560	36	0	0
3561	32	0	0
3562	2	0	4
3563	48	15	1
3564	6	8	0
3565	36	0	0
3566	32	0	0
3567	32	0	0
3568	48	3	0
3569	16	0	0
3570	2	8	4
3571	48	15	1
3572	6	8	0
3573	36	0	0
3574	2	16	4
3575	48	15	1
3576	6	8	0
3577	36	0	0
3578	32	0	0
3579	2	26	1
3580	2	12	3
3581	40	0	0
3582	2	0	8
3583	40	0	0
3584	48	14	1
3585	6	8	0
3586	36	0	0
3587	32	0	0
3588	2	8	4
3589	48	15	1
3590	6	8	0
3591	36	0	0
3592	2	8	4
3593	2	16	4
3594	34	0	0
3595	32	0	0
3596	2	26	1
3597	2	12	3
3598	40	0	0
3599	2	0	8
3600	40	0	0
3601	48	14	1
3602	6	256	0
3603	36	0	0
3604	32	0	0
3605	33	0	0
3606	32	0	0
3607	48	3	0
3608	16	0	0
3609	2	8	4
3610	48	15	1
3611	6	8	0
3612	36	0	0
3613	32	0	0
3614	2	26	1
3615	2	12	3
3616	40	0	0
3617	2	0	8
3618	40	0	0
3619	48	14	1
3620	6	256	0
3621	36	0	0
3622	32	0	0
3623	48	3	0
3624	16	0	0
3625	2	26	1
3626	2	13	1
3627	40	0	0
3628	2	11	1
3629	40	0	0
3630	2	16	6
3631	40	0	0
3632	2	0	11
3633	40	0	0
3634	48	8	1
3635	6	127	0
3636	36	0	0
3637	32	0	0
3638	2	26	1
3639	2	13	1
3640	40	0	0
3641	2	11	1
3642	40	0	0
3643	2	16	6
3644	40	0	0
3645	2	0	11
3646	40	0	0
3647	48	8	1
3648	6	-128	0
3649	38	0	0
3650	32	0	0
