program_id	first_instruction	instruction_count	digest
0	0	1	9995179b267ee1c40c900fe8212f5f64cf8a8daf9c69732ddb20826a56ff25ca
1	1	1	fa81a63939636a8d6184ff498c46e93fc2ab837d080c5852d691bb4f23b8920d
2	2	3	06d44c9345edd4e8bbea9d2e9e48b82242cb7c1bf94a5f617b0e53ab9ed291de
3	5	3	c55d9d9217aa366bf66e3358f365b78e7356a78f467f5217087a10602369e38e
4	8	5	d3f0b9935a87667bfa8ec84b4e12cd5c83817d7a945478e9ca817f56ca22db00
5	13	5	fc97c337942a563640b31105d6a1d61585c6fe477e2206fab6786bec42d1d793
6	18	3	9e7d6c112a59c46c1e690bf595b4b1e5dcd60db994fb73f48ff7eb07e02a6fcb
7	21	3	c5dc082e885cf5728c0c1173f6de40c08346214b5674792720e5acf0571edc3a
8	24	7	11e4813c3c18575e851fe1d19a293c262a123e8e4dc54e8b58ba1483d217823b
9	31	5	a56f9e61978baa2a5b5e37d095f16e081a8ce5cdad3560c2e3536138f0082051
10	36	3	27d4dd3d1f2443d747316ed7c563438670e983d5c4a94a29f0aa58c2fdceeac6
11	39	4	9e77676c860f8723101814e7b6fcbab6fd958b034b5cc2d95715df20bafae73a
12	43	3	de0e5995688793c21eb6429b93f59dcb261eefb15142fc92317f302570fca6a4
13	46	11	f62ca26a404a58190f080c8220add23d21aea93c32a300ce8e428873445de65a
14	57	3	fab65b9eda5eae0aa7a97814540756012504ba39a6d2bfb5e49b3eee32f61311
15	60	3	797ba4d527eaaabf3443a9748735bae2f7df65f5f72f5bdd918930caf7fad119
16	63	7	122bb0840bd7ef6b284a292d593e4b626d53c948970ab94a8d1d1fa01c1b9125
17	70	3	f2f7c289109b05f94041428368f3dc9b7ea65a2efb6f64f071b3b62abb62f16c
18	73	2	2cc677ffbf574eaeb1a05b2d06f3941cb8f15c035927e1412497d018477ba3f1
19	75	7	7ef1eb26bc389a681dbe40475b6c568afe3123641ac0b445be489e6d54543af2
20	82	11	1a682d0225f1dbf10c5f2f4e380caecc11875a6275dca59be51fed2b650bf62e
21	93	3	9eff8e644ecc0508ef7d0669ad1be90edc2bce185eec85d326a8050b07b668f7
22	96	3	520d1a6fe50de0542a66b18ec5e3e6fbc310f197b4ef042dd3c79a157d42a90c
23	99	3	bf911b61f654bc2a42dab0bbf40dba48b35542310adcf64724f21b2436693816
24	102	3	6acaddde28822e580f8a7e8ce7a54f3710b0ad59daa95c6d5d10944e3aea09fb
25	105	3	80875ee5510939c7543f216d4e589b8d25594e58a040d498df7a5d1dc22f4709
26	108	7	05bc4cdabe3af09e125d667f60dd9a2671e939ff59c284992fe93a004ea9fb4c
27	115	12	17db6fc152139b0ba1d62e28261463412a58d07ec3059b1ad018d6b3e8359a37
28	127	8	c385015c5ee55230a9ed8b1cb79638ab87e17aa88724733c2e403cf6edae6fe8
29	135	3	fc312c9e73337a388c2a126963994c5677ad8514c1356c4817c413cdd3225324
30	138	3	d056f05dc964c4a72bdbb9d09372f66412036b603366d07f0e8e99b147d17338
31	141	13	d6980953437dab473f07fde004281263f20b363c87221c44d57d01b1696e6666
32	154	8	771d013ca5ee101aee15e9da8d1dffdb10de7e6d1cfc605ed16c5a7821120a3d
33	162	3	71b42cf5462d704d3b10ebac5db3c19b7d737b412382c9efb05aaa45a71a97ec
34	165	3	fd5f161107a46239006dead97cf6d2fb2003bd11e1908d7361e7181ca58f288f
35	168	3	774c2954432efd64c690ddacd78bf378af57182c3513c72d93742702e8a5eae6
36	171	7	5a81cee9fbd909b372327a59a39f28dbd511cbbe795d9191a35779e4f3a0666d
37	178	5	682c96369c8b21a99b8d7f48fa3a102975fe9154bf2c2a92c62f8f63f27fa430
38	183	9	df11c91e41c410cddaa0cb62e83104da2a3ad3bfab05b009259f4b19d87e3c78
39	192	14	23b33366a081c5e0d3a97a9e3e3c983656bb663ad178700dcdd390ff8911b383
40	206	24	1c2e1905df2981791721a4777d7f7db4241a069e8fcf1190a8ac43b6e0f393c2
41	230	43	73015e0538b1e7636d632461f6c0560d019715719dca252793747ee0fd53ead5
42	273	27	c4b07673d0311cda7a61b26ddfb66dd2d511ec61a923ca1df75e962bd682086f
43	300	13	096590de874d798cc80dd0f5679c9bb3097f9e1285acb71f27a80f8b0b7eda3b
44	313	34	0b2de564b0533ade4f4bb00e5955c1f767d6b8d2e26f9c20f080eb429d73749f
45	347	24	2022225c11225504182179ddd0ff749bebb76fb15fb289a340f58622d0ddd6a0
46	371	31	b446791895cb931f717dcdd2b81ea675201ba7c3daf22bcaf68a006e949662e8
47	402	8	eac758df08a5a743cce60784657576976f56e28f2b4e99628aabed0e51d60716
48	410	3	5efe998331c148d864c28de74000e3902a084ead977abf3b8047bf9f3b36c585
49	413	3	9f57f536ec7d1b03363111f68f81b15fc92e66bc9f02f410c589dcdd6a7e3cce
50	416	3	94f9e74b89e8c1b9d39d6323ea2dcf117c94704f75a1770b70c1f551fd1f4809
51	419	3	81ddd0d2a37f9aa9c6fab726acee3e3482c41029161f0a9947b31783e5e16834
52	422	3	a974a68115e2cb4a1774bfefb121e4d1147c76e9a04c7985379235c8a245bd49
53	425	3	a31dec589ad70f2cf56d1aaa885d8272c208bd35c62246073da03649d85185e8
54	428	5	7e499ab8aa3f75f76b7f60a02b4cc9cce431c994e928a777eb03e965d838fc53
55	433	5	28f1a6cc8902289ccb523f96b85af5298b79e0b9ae47405cf0976a946b212811
56	438	5	fa1764d9c5ac0f98a9eddb0d8ebf02384fafd084b4245e224239d47592dfe74e
57	443	7	7ab7bd48b88b36fce2e121a3e6fc7f8becc86404b0b7cc2c97430bd0176b6a7d
58	450	3	9b90dab66e5239c3926cf69812ea125b364cca11554b46c1bc8925d9199c851a
59	453	11	a8e377d04866ac1c6c3ad79a973e20b11fb5a10825ca1f240c867d8f7f0ccf2d
60	464	7	31d47d3f0132a8994513a06878417ac3829e5f09da6f9dc796686be6adedc415
61	471	7	a96b2ad569877aa379af4a195d8eac4b4b28f39bbf56f47928699519c9a5c0ef
62	478	12	099458061599217457682490bf9d86495115bf9d5eae233f76b7f34ad59add6f
63	490	16	ad3d46db22f9ce69587013884f1f74c666ad9b195f16e5ed29c1b39fb280ea4b
64	506	20	78aff688cbfd7896931762d01742b5d8229bf774e226082f08c4de5e03065379
65	526	16	ae60f3e8520df71dec1e72fe76991848cba07f4b42ec44f574db470be2f23ec5
66	542	16	472a7c8a44569e282237e77255bb2fd1cbb0b3163e2e23a684c2693701ed8b3b
67	558	20	026e0da89ad14c7decb3334c216ec9a77e1e0f2da1f6df642e24cc89733acdab
68	578	20	b9653684c5666276e308dec86b9bb77c83efa06f8e40389d393f4045e9d0da66
69	598	29	6c0f8078d9518bede221f10cafa45bebddf4d0ec9f2615598c399787cd566186
70	627	29	f529486d5aec4cb4642cdcb2b61d6cb05cf4d91ae9230f392e5c51092f3c9c57
71	656	20	31072ab23d8b8878baad1b8f4c94dd095e4eee67c1233a16b6078276c1d39570
72	676	20	f160ebf85ba202991aefbd3537de294f03352b8ea22152a8299a96be8d2860c0
73	696	29	5ce547e501d268866dd01429cdc41133cdf70837de5c8aea3a9ed24c2c596d2d
74	725	29	471fde8cfaf35320f3660b4598edd0630aca39200ba6ffb689d8e9081a1601af
75	754	8	a9b100b76e8b89be4a6450cf8e99d0e1bb388fec4ac58ab604adad363b7f0626
76	762	3	79b46e7234a98e5a781076889572b64b046a8c8b54428f9ea017b657ec269cb5
77	765	8	cba7a36d9484f9d14c50e2506542988a4437a5537044192d87115a5dfbf78194
78	773	4	40ed01a1e890755128962540121825baa426d693ce051dc1494b02e611d5011e
79	777	3	3e9d18441a3900bb696a11925de549da2f754764b208bcd30ec40818977ead8d
80	780	5	af4482f3a053b0b648acb06a70639474a2a695e5687d42b144004a16f85eb3bf
81	785	21	b49d320fff089df23de7f27b2eee9b276f77be99f4bfd910ba0d4689486aaaaa
82	806	14	f0c704458fb525bfa2071e74edd1379c1f029ce419856c0462db793d588fc0cb
83	820	19	dbe672e087889f93a4b3917908fcf3ba4ef928e2802fa0ad218a3ebfe8979f02
84	839	14	612b4c921febb7b3dee9b72c95e1b0b418033e32e8e6fe9912be16f2d33cd56d
85	853	20	5e60f2123bbac1672a5b609ec28bf86fd32a6e65f231ecc045a7725abb9c3c4a
86	873	45	99df52aaab0e0ba1cf588f51007d042bb739a2027a4a6688f623c37c8c5596e4
87	918	3	9eaad9366a49d452b915b44e6c07ffd90240f584f95725d200d6440870716136
88	921	6	d4fff35bf3e5ebd77bb9297b9bd1c04a9197b692c9216620e5a3531c75567726
89	927	8	ad513ae7a2c56a8bb03a4c3a0c1050d46b476030f5b020da77ae3fb401a5b640
90	935	7	f80987c33dd093b342a645200991ed5a79eb38111f09ec73ad653401c7bb015e
91	942	7	d51789f8a2e1b46469c4dddca2311a11da571a45a2023cae44bcd4541a6b5fb4
92	949	10	3ab4d95b5ccc590f171e178544563af0431fff88cd7a8f596bee0fd32257b204
93	959	26	e69dec782d464a287054c1790de80f8874eb81e99b7a6cd05e339e2d71392435
94	985	26	370efdf5b90dd4c71a77f3ad1c7662420a7b3840a9939293591afd4e04dfd554
95	1011	7	eead7c9dbdb5b50a39c5edf0bdb20564ab68864477ce03b2adff0a2e04774256
96	1018	7	5b16923f771b7b94675e1ec753ce2178eb72ae97488baa48125ba77ee81eba19
97	1025	7	f55f162a075f25e7a76ece38c702d5d13f3e2d9c4eefc5f3d135d0c55abbbdcf
98	1032	7	4b1dfac0c02ab9116184568aecde1aa2d1d1202a73c51b85f509ba6905412a54
99	1039	7	15583622cfefa8a6d4efcca8ea3c44a13abad07fed9e0a6ee3232eb3a8e38914
100	1046	4	4f958614801c02b5e9057a2faafafb91aedaf45cbc8a0d305229ad79f514bf21
101	1050	6	116be00af205293cfc18f0b99857408ad3c7881f7fc6d8b256d6410869a3ac7b
102	1056	3	04361c7a02d4cba741628ffb216ab2f5d5854663b1a5e2de583e7d16034f6164
103	1059	3	cf77fbfbce1e26729e7c52f20a540a56e77b14993fd07283aa014a68d2f83d43
104	1062	8	32adbde5becfd3241d9ad2e9c043859bbc20d58a7167ceb73616478a4aa3ffe2
105	1070	3	e3f4cb771919c5d1a5ee07cafbab8467136498a21c344d159bf1ffa20f1b8441
106	1073	7	2a9f532fa00ad0e50f122102fd280db78f5952d96aacfc11cdf2a9e4278939d3
107	1080	23	88e831e7b8b02d0921e207ff1087132f33401ad808ca1569898794216b87bac1
108	1103	23	021b66232cc52f2470c7196bbb026d39fc68063915d2b329e9257583251146cd
109	1126	5	3db9e1de341e150a166892eefdf6cc994e150fea78223e04bebf1a5e4c1aed06
110	1131	9	8dcff6879763174e0872abe77b1987a0c3f5c9ca7fcf9b2945cee7e4282c0e49
111	1140	28	314bf6c981c5d9e9973a5930f45786718bcb2da36d36584f2de5804691fb2fd5
112	1168	21	adf5199a452d5b5d3573d35046acda101af9f560ee53d2fb1a5856dcdaf95bb3
113	1189	13	54cf4bf8a4b694d6296c12e2d337575620720c883c52f375894bce37ea178e13
114	1202	3	05c30ed88483c66f77f824829c49194ab0bd948dee9f8af37a94b46f39e6536a
115	1205	13	9238e4ad5c59600ce06e081ef35599d0d499b89f7039984b98b2a2272323fdbc
116	1218	13	ea9da63721e59e0266b4ba6095e2e79c41a8598dd93f64458b39bf21fdcc635c
117	1231	6	2adb976edf22179dc127b32f470555d128d6c649c66ac9e1ad9556b9ec698499
118	1237	9	a28837959756259add9a9976a35ac43800b3e56ce0f89ee63d95a1ab44738202
119	1246	7	5a945b733494184eef81cd0edafaf7b35a7c98d26912c00733a031e47e3d846a
120	1253	7	4ac73c619436b20240958787a2952024d28c19399ddabbf547c0d9f99bb978c2
121	1260	7	af811dc6b6c9d65a74c81ad9388349e01f00454f5981cf93bcbfdcede0139454
122	1267	12	8716752f30fd07f42398a42ed389f2bddecbfb490e50a23c828a4ee05da3021f
123	1279	8	52919f2d22623af4f53ed1f3d16d0cdb717397f2730e9f1a4c20fd463227c078
124	1287	16	74be138fe06a5993a8459aa4e04860618a3c2b77533a79f21b07fd804f0b683e
125	1303	3	87bdc48404b8ae3346aab25bebb8100336fc09888c2ce8ab66b08706a276ae92
126	1306	8	9a60e9fc8c0e80f0dd778950df0beee7e00d17aa2b2879ca83b8825ab4dc9e1d
127	1314	11	4c20dd9effee1d05bdae862ec6706c663eba3820fc2d6a77dbd7484e20c66136
128	1325	3	1b9e94cf63556534914def83ccd3336a99b41dbe2c163b498b65e74044fe526d
129	1328	10	a932832c6f1afd22017c8c152ba69eff22b6e29d5d555040c34da39d263483b9
130	1338	14	d803a9a4aadcf41e314bc802745eb591da19659146037d13846271d745b3cbdf
131	1352	4	c776c7adadac70c304cf44619dc9d90ba39784db0de9cba8cede6f1a4e6fbf7d
132	1356	15	883eeb7566b2f176bff411fe528f0276652626d56c7bdac50b9d8867e59de86c
133	1371	15	75dd71f579b5de99a2b1355363e3eb1ed4ee5218a47483b15f923b609eef0a65
134	1386	3	913384d88000cc3ffcf3cb9106e35bea2836dd09a049610b14aa10e131e0514d
135	1389	6	5c32f2a84d38cfdfa62d7126c8fc9c2c2228cebbe92e8361fbcdca3a9ca36d5f
136	1395	5	2fa9fc1e0c8196da13cec2d4db6fe94b384c06992c90f38d1f18019361ff436f
137	1400	7	e7b1574cf69d34f70f6e365f524cdc8d94b4fbb28a2550347ec92dd67698f6ca
138	1407	7	102e8b10a5bc08000e447289b62eab0cd19de8d70d6163c1de8ec82df39061d5
139	1414	7	338df5376f616d05a62cacac2c56d8040d33ab7196b8ba34ba3fed3f13e6286f
140	1421	9	4230d6710960d06a6cbe5345249c838280169e83e203a0781db5bddd21bf7e2b
141	1430	7	54c54279b1ab0234b003552c768e625e673980f749668c305d4aef1bc6e56186
142	1437	7	5d9a8c31753f51f4c8470cf3707a95028e7abab37cb23ce24cd3f7eb22d186b6
143	1444	7	5e66567ce7f1a95738656e48f86fb93eb5d7bdc2963acdcaf7fd474d4f5dda58
144	1451	7	4e01889c737820456c63671365e0ca7a3c920b001974cdc1d99cebdac6467684
145	1458	7	bacd6d87d8248539059f7f876c877d4a688faf2a41eb02f99b1f30c5284c67ad
146	1465	7	882adf81266d9d52a53c83475e15eccd88e60486cd12fc016556918dd71894d2
147	1472	7	8b5b8ae5a9179cd24a1c5c99d518b56fdb5a7094bc8e949128182a262bc4eaf5
148	1479	11	e25fb0d9b88aa96a30ef98ecd36e1a4a92fbd451d9a5670ce18b9596401c3044
149	1490	7	b9580802e314e98be2dcdb6bf1ac292091f0cb4ad730f1f0f3e11a84aa9e5db8
150	1497	7	fa0d5bb5251a795668371e40eb249c42361526be47571f74e998effc6b27fb7e
151	1504	11	2eb48c21f420ee5f9a1a938c611424812f726c9191a43563fc1955f0874d53f8
152	1515	6	4e13feea553676fbe4dc20c3950a7a698a80ed5f9aea5577e1c5852456589ec6
153	1521	6	cebcfac71f55c1d8fc148b6a228b55fa71e85deb546c797b29b682a64014f5bb
154	1527	11	6b3e8a7c041634243afe6ce73a8cbff3ac1e16586e5daf6a4a3877b463455fc7
155	1538	3	32ac86583e293a5a0b230b0c08024a0a749ac314f75e33e535359c352f04fb2a
156	1541	5	cda376d25c9e4211a43bb69f257bdd9a1cca1b15f60036e4c75d0a8bb8f85d89
157	1546	8	ac2c0f030a1b08088853b0ad324775693d4c01e4c26a5d586859fb26d0efc5e1
158	1554	6	220969c165b3225952cf1de5af58a5a10d1390b73a7921b319b349255617a339
159	1560	6	cfa83c731a2d39d384a392922883ae1f6f4a1fce6c79b9b17cb72f20fb8aa6d4
160	1566	9	e04a0710725c177e9e691fa8bbf8fa80585c941e81946fb340686e5cfb462a67
161	1575	5	e7b159f394950d550510c6ab3f4af437a843d88966fedc7b452955de2aa0f50e
162	1580	8	d8056ed1790bf549bc78eb4795e19d9101f192423d47cbb8ddc2b25f3d60c5ce
163	1588	12	99667aa8d4f87d15cbe7c6395fdcaeb573bd93d7ab3177aaa2efbf8cd08dd92d
164	1600	15	202e44e5c5397895e5feffe3d318001d8a8e34251419c441fc2459d37edd2900
165	1615	15	249bf4c8d9a62ba00ae5926d6f953789375f943914d6983a56c50eee1e8b0525
166	1630	5	8650c93153f5cfaf860530f23e50750fe24ffe066fdde8bac2194d032ede5510
167	1635	7	b40f28bbfe89082879289371785e7fa7d8ff434da0097f805b9cf9cb9087f1d8
168	1642	37	2e1a7d582d1b1c1930c6c35703db652eca937c9a0d1e2c9ed15b4a1b851ee77f
169	1679	3	a1463930b3a6f09450fc7a5295fc23fdbf6bae1bd63820905b5b59a43cf73ccb
170	1682	7	6422c64e5aaebdcc458bb53e59819049951be991501510110682ef903ca49aa8
171	1689	7	8b573da51beb26b3dda793f0537f843114d30f5d17a0db31b66ae2251baf4d53
172	1696	16	db51c516babe8289d2e45b218e1446a2cf6a9351a8166ddb0b0d99538a294079
173	1712	12	89f39596cb1d72d23ec9650ea0091685e71314e2cbaf2ade385f6af87f19edde
174	1724	20	bf4b456e409f3b2d1463baece9987894df3eaebb9f19ecf28d8a9cb2778cca79
175	1744	20	dc165fa4e41d8949ae622796d08a3c812a58f0eab4bf7ab99b83651a1ea8c842
176	1764	24	7a5e786d8d0dc42f85ef07e77e13540279a09b5b3148fb9c49771346c0c7e5cc
177	1788	24	1827f217c771c7758cd31ca2873b9ef572917934d76cdac90542777088d1a1e5
178	1812	20	1fa606e2cbafc6559b8768c1e4790373d86ff852090920d098f0252f42f31915
179	1832	20	68162b3e946a0dc7ce26ea9710ba320e69c4a73d976e665cb17611c3fca34285
180	1852	24	1830002d0290355c1c7987816839512128d762ba54ad91cb928577e1f7a69f76
181	1876	24	2f08e2b26e799f31c9c0f5860cf786978b9ccc46de6a112b660c83dc98dd18c8
182	1900	7	78ee1d5f09cf7435b6e4df010ace10a78d2cbd5e48497e9eda9572ca48fa44d0
183	1907	7	f3b4c14181c3abb27fe042d37213afe515097547bf0c866743a4496ad7c628fd
184	1914	7	9a9a4229df31f34508eee87ca0a26ab1eac69ba93c9a1f9a5713586065ba1e17
185	1921	27	e6f5c06d904d326ecaacfd28b38ee644e2cbb7a222c0921829c28b3dabc00e00
186	1948	9	7820c8723a5a0a57f851c54a94c0234a4c6ff8b04a918ad01684398aac1c9343
187	1957	11	1082193cebcd6bbc6bded7aad98919eecee44fd1f2c6c08ebced7692bb8e4521
188	1968	11	a9b46343aefb7b0927b212fa06023a041c7b886d4978a5ea070602271d81fe15
189	1979	11	36fe15fdce5c66d4ce9814de9da84b1f0844ad6ef2d4e7578373321512514fe3
190	1990	11	97150c4fdc43cd99e12a066cc043784f6ee036973dc52da4d130501c2cd09abb
191	2001	15	676e70eef8d79d0b6ad04ff9f803445cfb2f433f5201e81ba431f149a5c9c95e
192	2016	11	b5c03f36b267fe7071361d5b8b3b31761bb92a17c285d5449b45b0ef682c75ee
193	2027	11	66e54e690afe7c1d18b64fe5749b7e910934d52034da49555265a3e6d04afbfe
194	2038	11	4000ac3ae247ad3268bd90a1817647318d571bb5ca38bd6f696d60dded456452
195	2049	11	4fe68367c539bdbb97fa65e35c245254a36faf43fcda5dbf74368161363609c0
196	2060	15	1e454cf0f48ea85b75df143cf86db35d13af6afbd5224743a2092f544216d200
197	2075	11	349475dce699614536a50ce27d8c5d334a9d2936cb98b02ba545155e92b17b98
198	2086	12	3aec089bc8f503e78b3522f05bc37afc99322b7780bd9f92c7210c63af472ee4
199	2098	12	6b7debf56b37c13faad1cde12179769857586cd1b0d2d20de87023a02829f0ed
200	2110	12	3ccecd341dc655b5abd058b78b6ea3c4d81a130405d0a07829751c7b4f5bbeb6
201	2122	12	61e2f9832e15520878ca228ecc5a31fe86c77cf28bbd2733ca9b01eabca68575
202	2134	16	b33ee9e3b36b29cf6822d9ef5904938fb7460ddfd530fb225c57fd69d8fb2ab5
203	2150	19	2c8221ea070b5b582fccbaadb6105c9c3949d7a1307640587d1435ad2891ec6d
204	2169	23	96a06a55a7245aecd22d5f2f234a7d4d8e8d2a1ce5aab4b0931376c8831e99ad
205	2192	19	a6e6535baffce74d4fdfa45201b2cebe5d46a9f58e9989c3e14c96c81128ed81
206	2211	6	b1733b45164ab842243153f2a3af271cde68161a5f0cf89d29627b03000f0213
207	2217	6	e85af1a9049a44f7ea278c2c62b1a30a3eb4fed29efc23b7a78b0a15c0680a25
208	2223	6	838d8f4076ef637b20f5892600f6f237d8d4736a18f8c4f2deffe49c028a369a
209	2229	10	4ec4a2311012be6c7b1ac33d044d38495600909702f9608af0141dabc1be8816
210	2239	6	dcbfdcb4dfa390c5f1c714b38d056905b9c3d0ffda99031cdd5b3735d2abc530
211	2245	6	4a917ecdb6f4dc1ce8a16fee87cec35b7bd3ad1150ba6ac978aad1745fff7595
212	2251	6	b223c4297e08196cab3fe60c0a87d45ff59ff9da33e4091b8ce85a81b901bc22
213	2257	6	00303506fe2a7ff3d4d4da3998ac109f377eb60e87777c0fc0c6f05455d5303a
214	2263	3	9ffecc77f801cd5318c93a6ec1540cd35a9b3f286647e9ada60a437da0297f42
215	2266	6	0793d7afb5240376230fa93866c3d8f54ea1e047f9c7bf2271584c3c50e41455
216	2272	7	ead9f0f99da020061daeba491dbdcd39fa9868442c56ecbb07f28a4c9201322b
217	2279	2	75b01bd17fac93108ec1392705c5b6d47501eb66f9a2b649b27abaf5a6784f41
218	2281	2	7b1a8d3cd84f4e68951bb83ea5b61755718ad75c1bbeebf80bfad32e2b31f855
219	2283	2	414fbda7a088a0bac5fc933eda411206cca985882016d91ec1dfa19e43a36d5b
220	2285	6	b60797e4e00fd25ca91f0bc778259bb16a965504c677b2eaa987274ffda7a71c
221	2291	2	ae5472a6a59d866d6d06076f416c6ec2c20a4800f98b28a1ff38b46500d93c60
222	2293	6	244970e0ca3cc860deacee7995aca89f060d21dce83971863a2e68b3d0f9e595
223	2299	7	1120dcb11e4deda16a18b52fd15b419ba2439f165c2414f8269b6380e8b578f6
224	2306	7	ba57d2ab64f5868f52183a2e03dd2769a0e5420f39469dbaec761b96e569fed6
225	2313	6	5666eb0acbbc17a9d6954f3e193f1569436d6d66192c1f78657cfe2c07e7af4b
226	2319	5	451b5aa4fc2be727bf01b8524c8f2c1333fc9efaf1372fa421e342c953b9a7cd
227	2324	5	5241bf2ed1966980a5bd5d09f72694ea7f9d3587a6380394cb7ceba458bac1a4
228	2329	5	272f5ca24130a6b3027244c1d91598eb39438a443a08baa0174d0ba6b4e9b60c
229	2334	5	91f593df49ab799af3bf40e2088f210080f5f62af2ee974880d539a206e09655
230	2339	2	974e7e2fc7bbca1a03e8b8afed124b30879530d6dafe431bda1e7c3dd02364d4
231	2341	14	8590ee1f75f4484496041f7f46f03f0fd0299f46ee5ae61d08314e2696a3074b
232	2355	2	13e1d9137971bdc28e18aab313fb545afe65b74e0c75d3194c891f091c070b03
233	2357	2	3d0eb916bd0d16d94e839b0c415c21d9cc4d9ba6cfb9f46e263ece7b650ab2cb
234	2359	2	b1fb332bb24dcb4ab59c61b252d7da3d675ebe3f3feed0e2005bf6f3ec088130
235	2361	2	f4742b1fcc0c91c3a53d02177ad280d36a832fe24dbe49e35c1e59170d43a25b
236	2363	2	8065258bcb23f9c231a3d60b5e217f93a306f72bb87a3aac341e5e6e63a36c65
237	2365	2	f2b6be115a8ced9a7406a2a1c4c112ab80cf764b81571a654f3c6bb643ebfd2c
238	2367	2	402acc15311dfd5ebcf1f31837f996b5ca9b38a098e7e94e038d8ea3a14ece4c
239	2369	2	6f5710f602e41713716df3d379fd5e79a81e87a6343f53e62949c6c4280df790
240	2371	5	f2de55cc5686f4e7ca57f0e7c5ea0ca2340e21f0913f8a668a2b8b08f9198ecc
241	2376	2	d2968da2a8a1ffad2c6a888f9d1f75d290b80c32fc1118a5f6baab3ff53687ea
242	2378	2	3a7780cf2acc2d758c59008c91a79415ccf83882a7bc5bfc596bffe85b2504ed
243	2380	2	79dc9590e903a17cf5cf495c6061522809006e58caf18d3169f06fc37376e51f
244	2382	2	26fa2f48cd1ce7fcdb7b8c9dcd69d9c1c61f648eb7732922e2599658846eba40
245	2384	2	f3990e7c8713827e2f08a923064ab2f99c84b3adce974c1d869496d2b5aa7aa6
246	2386	2	5794a1b358b31774e1ef9dd96950fbb4fdb5100a7ba92fb4eeb4530f6d57f060
247	2388	2	050d31827c413faaf4580d6aded04fb7d7fe4e7318074dc0164fce701ebff6f8
248	2390	2	7af3d37c83c073b0a1817f328f938759d6f73f0b32e10a8685432239abdb0c1f
249	2392	2	03b8bbf362ae92e2c06b765752fb7b1d59717370f1ab9e0327a930335e985ef8
250	2394	2	748ae5ca987e0396c45e327990a24f27ca4e70ff2da1e1435cbc343829abaa2f
251	2396	2	38840cd11dfdf9b8598a3c9915e026ae086d4d4356160ee3fe71040699b4c012
252	2398	2	7dddfaa5acfc6f5dd1b30fdb124e6c3defb178e33de2d043cc46d1ad6bdca8a8
253	2400	6	5868fc078d9a3bd50bfd88a18442c2dd5720a7b70df3ff68f05586e654928240
254	2406	5	d59ef2006b08eba63a87b129730ee756a87cc0da73e55e2447d5dcd084176b21
255	2411	5	c9c9992d33fffe943850dd4df23ee8060060a0d26d39a4584a7b211acca46caf
256	2416	2	220adf7fe451ee07f8634b488cab94a19372084e825a37e00aa3916fc8fb00df
257	2418	6	55a8738a7f803902b6204b609ced1084500e1e422d9f743edea48a874491c4f7
258	2424	2	c04a1cea5a3d6cc455ce778ce713791a10737b5cf5b13e3e426b92386d0423db
259	2426	2	56d8c1690ac79d93385933e8646bf2caeb50580c2098f6f7696fe1e02b41b49d
260	2428	2	f331f7a1dbdeddc2e90d3a6ef32fb621bdd3dec51fc1b5b85a4f47bc2bbc3860
261	2430	2	a408cb3ef92c93ee9100d3efd58a583ab9167e3954156b1a8a3ba20c19353e78
262	2432	2	a69212f290e29f063abdab92bbff7de20b01f2b8ef955461cfbe165a7f15180a
263	2434	2	bf138c087b115eedb36cebdf35fcc9038de0238e247a82cdc5f9fdb9f968a68c
264	2436	2	2a0fb1a512c8b2d24b242c1f42b576ad00815eec354937d4c33fd7f63ff28c53
265	2438	2	f7812a68988cddea4e0addee0e1e89856d088f2c4d81255ff86f28f30dde02a7
266	2440	12	9d769eb102d44fcd687ae0bec03a7cddbbce3841cebc7e7768b5001ceca90949
267	2452	14	25d8bbe46892b25be055b434f6e6dbf976e269305af8e72c92a758a9dcd85069
268	2466	14	da4d8f7aaa7abed6072889589ce751427862196b33825d619c020a00dde5b3f0
269	2480	2	1018f07deee5b33464658c3e033efca7f4385940f6890d508d5fc5c7718c0396
270	2482	18	84ddf63a8d00e15ac1a7633f5d3cc30a8407ab7b038149e28f8b2a2cdb5fbfe4
271	2500	18	6f5835a854938119267b5dc7479303ba424c57aea798ca40f047c995e06f0bfd
272	2518	18	2ff66d303057bedb22d141042337f29f0256c7f9b2dba19944d885cf87b9d769
273	2536	18	2b76017879d534031f51e0bd09c61b32903735401337f6e3be545735e45beca4
274	2554	18	bb21e4f43209a47c8e31ef613b8db6b55feb1aa62359db17a5d332bf9d32515d
275	2572	18	0c8515a97fd5cd1d4aee1057d1c32d7d86a6faadf065bed5a18edfa37e530c3c
276	2590	18	b89585032c9226e9c5808b740642735de71b44a2629c38f6f0e5b192bac367b3
277	2608	2	cd8de9cd0b2c0bdc26e592aa95f70faa590f904ed8d07090be696a00d6dc6c5b
278	2610	2	cbd60959de8b5efb355b1fb093599d276c8a815efa13294009e540f8f273dd7e
279	2612	18	2404bc47c0c334a67f3d5a6cc52456303adf9d116b36a81f71164351b1b2225f
280	2630	2	71776c9350e88cb1df7b6fc35d24d2a8d4b312ea9ea5061e7557db33035a2ef1
281	2632	2	9d52059ef39d2c72b1a0e7ea101fa0b3394eee53be64e17b3b99308cf6a00b92
282	2634	2	d3f8869a2475cdbd09461bfca099fd0650c5a3c39c2a0bb94d066c8f2b721b2a
283	2636	2	25ff689606f23373e22d6d67f25c121dac61fad6e1ec95019276fa1b4328c6c4
284	2638	2	50d183c59f665a8c25e51c5fa407a32ee3ad9e8e384c4fdb1ec3c49402c7aa62
285	2640	2	18892e3534df55bb176ddae4e23d3af2723e58ddea4fb832ec2cdf32556c4c6b
286	2642	2	01bda9fc8b806d7f8f916d54d29933df56c2747a50fc9307659d44e09e227fbb
287	2644	2	460c2b32a1cf265588ef6d0afa914ebd616e1304768c1fb81b23b830600a7359
288	2646	2	3108402c32681af90a085de8b19fe31276cd01a6429df1675aec9b005151acff
289	2648	2	bcf5494ed719811b056678e86994f7e61056a7b642b3c11a31a924f8ca10fce7
290	2650	10	769d70263101103145b744e0f602fae104ce79ce005ec0db1050272e4d6fd9f4
291	2660	2	5f740cefc5840b5ff04debb0452c0d056e7558a2e483f5e040bfebf58fb2aada
292	2662	2	916a5a07db0a3249f4ad2f5b8578e694b4cdfa0855c39a00f191617a6d62d64f
293	2664	2	44fa5b3fcdffcfd0d84bbfb2cbffdf9a7e56fd3e1ecab73208c1fb1a686718de
294	2666	10	a7e8efc28296a3e843196608fe69453255161c88dcfe49a8ee7fd4eb9bb23ff6
295	2676	2	0e565fa4ee32e7487ac87583fc915bd0f428df9fdb29101d7be9930faa817544
296	2678	5	cd5174713d5d4e73417be3134f048250fe7bec36e174b0106bf2a75d21ec0e5a
297	2683	5	d561d5024cc7b4c8bc9cd78ba4a4954d74101528ea5b1bdaea32f3d66acf85d7
298	2688	2	cb44b0846afc58c4f8a25d8425e7046e1682fc99288f36b0ce5c6aaf0aa6917f
299	2690	10	959f4b57d28c21e607a04c9bca3e704969b4b0ecbdbe76d2e6b3b77f8b2f3295
300	2700	2	c7e17f1d2db561a9999f10187017d54edc65a78a2549354de016736404d52565
301	2702	2	17c129756e85f04316b24791c258b77c63f1b621678a6eaf9b888b87e329f08b
302	2704	2	8dcf80384901479c544d22bcc5bfc67c7cb6ad7433c9345b6e8c5eb9e751d98c
303	2706	2	476084f15477893aa468a705694447a7736e0e7ed10021213293a280f1f4eeec
304	2708	6	0e6ea440fc45cf749841260fbf0cefc02704d6c00dbb552bceb9fc182a5c0da1
305	2714	2	1e4beb99d9273499dd0c481d1a82dbe4fd5b7bfcdd6ad01f3fd11269808e3920
306	2716	2	b1f614bf5f42451c93465455a40347f5919617c83d86c10794a147bb1fd70451
307	2718	2	e6010e90a944c179c4dc3b505d5cf73a0c36627cfb20aa3c3606d7c4843d1ae9
308	2720	18	4cb6c761937b08a4084f7c8cb019537b1d70015a6f446516c99051a746346171
309	2738	2	4ec91c67cb68ddb4d7e23f5401c9f8d70ac9747420954ad61cf0fb567e2a4269
310	2740	2	e88d862515a579f9058212952cdcf415a3defe13a48615eacfbb8c8d9a67547c
311	2742	6	1dcf2b4a26961e4dd2878a4efa5cadac048581002376b2efea3600d2074bc8d2
312	2748	2	1e8d78094050d2ca5e030b5025590b159cd764e19c19de191a49b2ec58ab3b48
313	2750	2	d47e623c163fd38d153742906256b9585644f4320ed2dc556758fed83f2eeef6
314	2752	2	16bbe58a6292ff5e0e87c0543be5ce2fbf58d33d7336b9d771aaa584592ffe1a
315	2754	2	6a5b6f0755fc76b323ec25103e12a9246c390fe09c1279da7aae4a9e027be24d
316	2756	2	2b6ef6369dbded9df130b7d10e9342778d9a41f322e0355730b3c424dc7cff5d
317	2758	2	b3eaf86b1364344ce04a1b43ebc9fb2ad27048ee82d0a05f7dfcc76d508f72a7
318	2760	2	4282780ba44b7c0fe06c749c4f4cbc3222ef21e39bc40f76d3d04ad2b1e580a7
319	2762	2	bfd2afd66d4b89b702dd85a5a40f10dda01e230ffc76cf4a2cb17185156afaf1
320	2764	5	ec5f3c3258b644b5155e0c3f5e85b2d1b7d0f885d9e03f6bdcba96b6548b2c01
321	2769	2	31a5f6249fb1fd1ade06b651c8c6558158fc20d99108a7d47b1cd0552dfa34c9
322	2771	9	673a7ade6f6043650bfd6c773e679f4f19919131b408401ed956708a6fef19b4
323	2780	9	da2058d97fd54a0102125f34b40f1a3d545f6fe1a1359d549eec0e9ce4f9a60c
324	2789	6	0a540fd97296f31017e38c04e1063403af5d461230ebbe779c2ab96d1a6ed925
325	2795	5	4c25ffaf0f2d40162f6c4c331bd911c032ec44952dd6833ac1d8ad60a11ad6a3
326	2800	9	4d2c59cddaebed2eda53ac0e7184f51226fa85bb61fdd5a529b159a1ebe8f21d
327	2809	5	3ea6938ee3bb84d491b5654b9b73f5a49096b299012172da4df6451b7753afff
328	2814	5	bb62a87e5781b74fe4498dbd228d6c9f2f97a8737ddabeaed647b7ca9eb7371e
329	2819	5	0d88be791a9897f41a2a4759ffcc35f31d7006baf58f4b7a14647efd3dc54228
330	2824	5	37819cbdc3e5333299a7b79ad80ff29ec4c95e71da863180e2ff9a5e9ae78c4e
331	2829	9	d304f254c189be2a17a6ee3f8a26f4a6278eb7e892b93a5f40418373c6854952
332	2838	5	565d3e4089dc1dab682b669271e4b93e56c149fb894bb95c80c3848a96c48b3d
333	2843	5	3ba5c78d3363628a9f8a5634b7c480ce8191fa82e6affe2558ce58c6b12646aa
334	2848	2	6dd64175eb30c9205bb23a2afcd73bde96dab0d4b657a6aa37e4f885791fe780
335	2850	5	5083c652883bf13a1f8659acde6fe60bba1d577d1a729d1b3bce81c59c1f6bc9
336	2855	6	52339391cb72643e1fd36350957a43c4862c2568e79f155a0d3a53ac0c8aa42e
337	2861	2	5cae533d8132de719ffce9cb85aae0a21d66237870a311eafea3cf4bc5eef49e
338	2863	2	32aea49f60fd3b86328383a61af4f4c35fbd8a69ea5df29c6ca0fde5c45dbb2f
339	2865	2	a2cccaccc8a399a61001f7d124be33b0298e2ad7ebf28ee09dff18260e31b12d
340	2867	5	6c47da52faad49952c39f805eb479d79db86dfc7544601109d10b11b01bd4bc7
341	2872	2	650225cd557d8ca14cacb28cb2d45f1086ed85f01bcf7c63153b813785cf4beb
342	2874	2	78fe9ebeb36b702bb95918ba36d4496bb8a03fb6d657511ae4da46dfd4f4965e
343	2876	2	3df55f8d2b8891a8766d31a02d6b3ae7f2c640fa7c7eb4a24a848cf5650cd591
344	2878	2	37b7f09784959bfb9dc92294e4b8888d4cb77133a942fa22437236ca2a63702f
345	2880	2	95f58b0a517b3fa9d0e83a4c51a08b44996b27a631632af830fb222b15043a0c
346	2882	2	66b2fd6e4bb82ac1fd687f4a905f884d46d045a5c758d0f7a48287bb0d4a591a
347	2884	5	0f877006d3804f7955c52f2bea9a72fa0fb8497d4fbf29da1b0136a78a6c8d58
348	2889	5	e255f8121ce8b2318c8513c9b6f34e0a7b0ddb7ffe3f95990e2b2de5e9889498
349	2894	5	985a46ca428f41108f184dc04185ef76d44805461eda81cb88a99c3bd500cb2d
350	2899	5	1be5ac7ef6076d2584b2ca9a5622bcdf0ce9bc1d07a61690e23baca760c5d27c
351	2904	5	72a8132573235326249f9e7fa30a590d6003c8e58394e1be168c96c6e54ff56a
352	2909	5	1902f7323cd23ac217dcceff48a18becd89db4639a93e08ec78db154e7ac2b77
353	2914	2	573550bd1a5c4f02e3abd6af7a6c29b8279105debf4c6450320edec8bce7ba2b
354	2916	5	9482798ef68bc9a20261c541be56b10a2b65b3f07c60cf48e88edcba403238f3
355	2921	5	bc5e524dc4d8bcd1bcab493a23e9a12c12e2da562fda0b63fae727da5353db85
356	2926	5	4338e87905bcf0323a01cd23e4c1b460f1ad7cadecb9ad88dbf6964edf90341b
357	2931	5	b6bec679d02e45bc9884d9aa5545ec068d3994af2935fc6a1c0179c80681bd42
358	2936	2	b4b9c5dcdb96e79440febfec131cd2632f4c074f6a1dd367d62663bbba33e2ed
359	2938	18	d941483f5d25a19586428c571cdd5669c9de013336573338547c8584e40ac51a
360	2956	18	174963d21f3cbd35c500ebc7e5fca04afe840c072b973f14508f9eb537696a2a
361	2974	18	15b01e98f5bb192373a6005b27f3debc33ddffce3918381932473f048b8ea335
362	2992	18	4367bc4b821a2467847a905f023ab3644c2277b43dfc8425f1be791ab412159d
363	3010	2	93f90e71aa0a90476c582fd06a923352a6b94434fd11f676f53e72e95d52b24e
364	3012	5	4890f2dc52e57e9a7f1397cb8b19faded39dae8403bd1bbe96243985dcd4bf00
365	3017	5	4d4ac47e4ac84bd6c99b4ce17cc3613b5a1f48204910c438b409d6d896519501
366	3022	5	3dfb3f5267029d1e4375e698d3d8b69821b8961be3dacf49553fdf222da8d98b
367	3027	5	e8e19ce7722696921b5ba213c861739b7ffd7f0417e52932285c5be609e9c814
368	3032	13	164d97706568b26781d4ad141b18a460d651ceffaf60573f42505750c8d3b72d
369	3045	9	b3f25e0ce279d25caf229c21fba80bbdc65ae2cf84c4de369277d9e6dcf7b8d3
370	3054	9	da2e6b29f9a37be68bd1f7537696388543a00edc5179d3a087e7713cc14d2a24
371	3063	9	242ab9cbcfd7f202cf10efaa0d609608286cb1359a65c246d4d9153f7eed20c5
372	3072	9	2e5ac99ca4b5d172fd428c1135b1479786a47c0ac7fa0095b49e84e2dd912dae
373	3081	8	5327eb7d9069ab62f0f0d8dfacbbd54a202d025f20164630d58c6a4862280e6a
374	3089	8	ecbb36ee4a211b70d029b06c31ff9fdb68272c722380ce9ff6bf733fb66cec64
375	3097	5	944ef965636d78202a9130f391574f0a13167c63d5729184ba51ac28f44b4cdf
376	3102	5	b8369a64519562acb84fa4db56b6dfda673da58f3893cae3397a96812f319365
377	3107	2	af57b73129584b4cb9e9badf1230a2f2797fcc9cd1cd6b8610b12c66426207f0
378	3109	5	986dd7532965ccedb65f5a668a71b5840805da7a949c53464995d543c363a112
379	3114	5	5b8646aa51d3ffc45c8ea83bc561d0506e9f44d9bb35bccfc18bd7d7ca70744f
380	3119	8	4d8016c7e2d9638a3daacee6812ea361bb2647b5f974a1aa9a8dcf09f144260f
381	3127	8	30fb9a5de00e2b940d5ffe8e6d3c949ae724d713b9e77ac7142bd031c5c2c244
382	3135	8	25cb6d5d91e02f4e85bac567cb2906497a5fb91aaf2c442b1dcad732573c880b
383	3143	5	ba18af72931e44846275628e7c660f489203649ecd1bb6894e3d382dfa358903
384	3148	9	e5e618f02534dde619b32e248ce852c840c64b7e83482ddc82c05938ddc364d4
385	3157	8	fffaf43ae9d2a39e515b3bf1b72d963a82c857f8780592b867b9f30b5ee4c08d
386	3165	8	59d5f916d8549e84cbee7d2f74dacb4385beacba14086e2bd60f70babe9f07e9
387	3173	8	d1f989ee223eb7409ad8ffc15630a00b59be215785d6ca34b2420cd4420ad84f
388	3181	2	fdb65a7a87e965a97a35cb08868a628ffaf79d757d949e8bf24d366aecc8d41e
389	3183	6	8e2e40bb50942387dc2e0d4d7501f5b5a647be596974d38ab715862e7e49c59a
390	3189	5	7c056cade60069b187ecd4978bbbdae2ad1993b1aaf2566595c3573b1f012827
391	3194	9	7a6cf965f6a7887743ea1d1d1de69a2a8ed4bfb342ba9c24df28973d25e88937
392	3203	5	e3543d2b126e7ce6f300b533a111211c9cc428efc6e7ca6cde6ab3994ef9a686
393	3208	5	8e9cbc9f493fe8a1241e6dd68683444ac497bb38b1cd1ab94e67ab2e91cc111e
394	3213	2	ce69b002f14db9c7370dd6e00715864b4709963e1fbc23f8294c339470214d69
395	3215	5	7be7fdfae2063eacf108b144d5317057df2ebef6627d0d923e571c2826412e6a
396	3220	2	046166d96eb0f912208564e5fe1722a54340d1c9b13f53c6b74d530013043091
397	3222	2	5f8554dd6ac74291fde8c8f5837c9ca1085fd86a4814c8cb2f13cbe5ce40e047
398	3224	2	dc2e0c1fd7f04cb8d9627b248790deeb8532ff2382c98d1165ba8bb6665a3a53
399	3226	2	f82df5eec14ab9519faf23eae42978cf888d629c797c4d4e1fa02f62bf09d9c8
400	3228	2	14e357a3f6588a25074ae35ad59a9e71d6d75eefa8154d83918e8a357d8282fe
401	3230	2	902400cb9f664ed083650fc57db42ad1cd3208bc5d6b0c0936f6509f540f7090
402	3232	2	fa45262227a43e6f6c29afe527d3cc07d47d4ec6b58d1d3de20f07e8edef9547
403	3234	2	12c3678660ed52940694dc2732894b900e177304104a54377faf5a511f06b3c4
404	3236	2	95892f68149b4f9a2b506ba4deb3b7168bde4e0c22b77b70128b33903b594247
405	3238	2	b0fa93b8f33652fe0c07003e322665dd89c40c19acac2b94e2bea521367e3787
406	3240	2	3d95cb38ce2b95e96f640337fc65261074be80079ffbdca62a92c9aa9d3ea544
407	3242	7	3534cc1c565c958d86690acd4397c072c31bea8288b9ea0fc0773d318f9a6b28
408	3249	2	5c3c0c444717daafb2359884b86052830024f2e41a82a1ec51c897e85812f40f
409	3251	2	bb715d03fae4a31418ebf111d7bb10f231fbbb70ddb1ad7538b97c2e2ae8f6e7
410	3253	2	37a146c5d4d93bdcda029cce79ec84de56b1332fedf2e9feb5eb3bf5f346f6c2
411	3255	2	1b19fed957638669501616d6473f99709fbff29d590fb2be2b0c63dc1bdad031
412	3257	2	43d2fd76f3710ff379375c2ef3414e549fd45d0e9b6c37b7d9f77ac82fe31b79
413	3259	2	7109033be88006854c0709d52ad72af09337d9515dddcb356f836f5c7fa2e762
414	3261	7	61f9b93582dd95a66b479e3f96871fdf0f2e4d9bb7b492d9014bf4a9806a20bb
415	3268	7	91ee80c8b2943ff802432a82a26039bb60e4c8d496353d7eccf0e959d83855bf
416	3275	7	39d08dc7d7c6b1b4eda304fafeb4ba4d54befac9ee1098d95de2d04fe7095a21
417	3282	1	731e0de701674d8629147889240de58646c6cd07eed98eaeb75446ee219dceae
418	3283	6	3b856900ffcfa9f354475e3c1079f1b4122f845795760a628572ce346ec48d8c
419	3289	12	5be6d120e778811d9bfc1b90cee76a4fb4db1141d30557f02fdadcf168c9ba14
420	3301	11	aa28e1debf1aa311cbe56f48f531351f12b4f43c1aed4e30d0440effedeebd4e
421	3312	15	bf45185ed9c15e47d7837205f1ca0300b5ee59aba0acbc7b6d06c38c46a3e7c1
422	3327	15	a4e2f0d12b4107c9ac0842288a9a863f949c84d910997680a41889f19e0e9b0a
423	3342	16	73f9f74690f892bd486de17083060ed4b21477a98934bbe9ab2641d93db8829d
424	3358	38	3dd21606e35c50d1b31e76b46eca315d39f41425269aebf5f4259732f47ed97a
425	3396	16	ec7ebdd7f69dcd386f358c41ecf0c108a6cf59e9fd56509025cc2905723f064f
426	3412	15	5e6d22bb902e352a26ddd86568fdc5ffb18a1eb359d87d6cd31dbc29f15cd307
427	3427	2	d9ce06d49587297f8072c88b095f93f285a8cd56270ba19cb81ef067aec1b06d
428	3429	7	fecb7531872fb90ac5a6d676ba9c7dfd0ba2e17139d38084d5f410428d8568bd
429	3436	7	9e90041eb811ff065b9a9ded8e259eb3027e362d29618baf1fea8d9c012e03c2
430	3443	29	7b1598d99dc5b8973eb8deb24471ad8b145dae0f3bb1a3b76dbae40d16a43cc4
431	3472	13	0fbf528a1756f7c31cfc834f669d445f4858fc39aaffc815b4b7e10d2da7ece3
432	3485	12	07850f712aafe700a12cd37dd6c478de0f84ede6b6ee54b15256898c4e02b17d
433	3497	12	c16794571e439bad3ba84384e682e3d5b797747468c76a8470fd7ee683b802f2
434	3509	16	52853eae686dadedce8aca0c6399e5447e9d98e49576696ba61022f57f6dac28
435	3525	26	5fb958a48a40e0987eb6f157721f57fbf49c881ba0b005bc0f0a25adf6a6965a
436	3551	17	770c3b712d042ea8a4a1bbb2499d3e4c76bdc61c0f4c0bb9a03cf77723f17d66
437	3568	39	bc8e542398841543adcddf8c3bd190704641e03ccf364154c7e6485afa6d09ff
438	3607	16	f02ec3631086da5d367b4e3e561864f520bece32f30cb2d4f4a5a6ac656b0fdc
439	3623	28	5645eb98d14e0e14adfa9102130cfcafe39b06429d5b3c1bee165624d1462fdf
