form_id	source_form_id	mnemonic	isa	width	witness_a	witness_b	witness_31	operand_access	capstone_real_name	capstone_groups
51	A32/dp/mul_word/MLAS_A1	mlas	A32	32	0x00310b96	0x00321c97		2,1,1,1	mla	HasV6,IsARM
52	A32/dp/mul_word/MLA_A1	mla	A32	32	0x00210b96	0x00221c97		2,1,1,1	mla	HasV6,IsARM
53	A32/dp/mul_word/UMAAL_A1	umaal	A32	32	0x0046109b	0x0047219c		3,3,1,1	umaal	HasV6,IsARM
54	A32/dp/mul_word/MLS_A1	mls	A32	32	0x00610b96	0x00621c97		2,1,1,1	mls	HasV6T2,IsARM
55	A32/dp/mul_word/UMULLS_A1	umulls	A32	32	0x0096109b	0x0097219c		2,2,1,1	umull	HasV6,IsARM
56	A32/dp/mul_word/UMULL_A1	umull	A32	32	0x0086109b	0x0087219c		2,2,1,1	umull	HasV6,IsARM
57	A32/dp/mul_word/UMLALS_A1	umlals	A32	32	0x00b6109b	0x00b7219c		3,3,1,1	umlal	HasV6,IsARM
58	A32/dp/mul_word/UMLAL_A1	umlal	A32	32	0x00a6109b	0x00a7219c		3,3,1,1	umlal	HasV6,IsARM
59	A32/dp/mul_word/SMULLS_A1	smulls	A32	32	0x00d6109b	0x00d7219c		2,2,1,1	smull	HasV6,IsARM
60	A32/dp/mul_word/SMULL_A1	smull	A32	32	0x00c6109b	0x00c7219c		2,2,1,1	smull	HasV6,IsARM
61	A32/dp/mul_word/SMLALS_A1	smlals	A32	32	0x00f6109b	0x00f7219c		3,3,1,1	smlal	HasV6,IsARM
62	A32/dp/mul_word/SMLAL_A1	smlal	A32	32	0x00e6109b	0x00e7219c		3,3,1,1	smlal	HasV6,IsARM
85	A32/dp/dpmisc/bx_reg/BX_A1	bx	A32	32	0x012fff11	0x012fff12		1	bx	HasV4T,IsARM,jump
86	A32/dp/dpmisc/bxj_reg/BXJ_A1	bxj	A32	32	0x012fff21	0x012fff22		1	bxj	IsARM,jump
87	A32/dp/dpmisc/blx_reg/BLX_r_A1	blx	A32	32	0x012fff31	0x012fff32		1	blx	HasV5T,IsARM,call
88	A32/dp/dpmisc/clz/CLZ_A1	clz	A32	32	0x016f1f16	0x016f2f17		2,1	clz	HasV5T,IsARM
108	A32/dp/mul_half/SMLABB_A1	smlabb	A32	32	0x01010b86	0x01021c87		2,1,1,1	smlabb	HasV5TE,IsARM
109	A32/dp/mul_half/SMLABT_A1	smlabt	A32	32	0x01010bc6	0x01021cc7		2,1,1,1	smlabt	HasV5TE,IsARM
110	A32/dp/mul_half/SMLATB_A1	smlatb	A32	32	0x01010ba6	0x01021ca7		2,1,1,1	smlatb	HasV5TE,IsARM
111	A32/dp/mul_half/SMLATT_A1	smlatt	A32	32	0x01010be6	0x01021ce7		2,1,1,1	smlatt	HasV5TE,IsARM
112	A32/dp/mul_half/SMLAWB_A1	smlawb	A32	32	0x01210b86	0x01221c87		2,1,1,1	smlawb	HasV5TE,IsARM
113	A32/dp/mul_half/SMLAWT_A1	smlawt	A32	32	0x01210bc6	0x01221cc7		2,1,1,1	smlawt	HasV5TE,IsARM
116	A32/dp/mul_half/SMLALBB_A1	smlalbb	A32	32	0x0146108b	0x0147218c		3,3,1,1	smlalbb	HasV5TE,IsARM
117	A32/dp/mul_half/SMLALBT_A1	smlalbt	A32	32	0x014610cb	0x014721cc		3,3,1,1	smlalbt	HasV5TE,IsARM
118	A32/dp/mul_half/SMLALTB_A1	smlaltb	A32	32	0x014610ab	0x014721ac		3,3,1,1	smlaltb	HasV5TE,IsARM
119	A32/dp/mul_half/SMLALTT_A1	smlaltt	A32	32	0x014610eb	0x014721ec		3,3,1,1	smlaltt	HasV5TE,IsARM
339	A32/media/reverse/REV_A1	rev	A32	32	0x06bf1f36	0x06bf2f37		2,1	rev	HasV6,IsARM
340	A32/media/reverse/REV16_A1	rev16	A32	32	0x06bf1fb6	0x06bf2fb7		2,1	rev16	HasV6,IsARM
341	A32/media/reverse/RBIT_A1	rbit	A32	32	0x06ff1f36	0x06ff2f37		2,1	rbit	HasV6T2,IsARM
342	A32/media/reverse/REVSH_A1	revsh	A32	32	0x06ff1fb6	0x06ff2fb7		2,1	revsh	HasV6,IsARM
359	A32/media/smul_div/SMLAD_A1	smlad	A32	32	0x07010b16	0x07021c17		2,1,1,1	smlad	HasV6,IsARM
360	A32/media/smul_div/SMLADX_A1	smladx	A32	32	0x07010b36	0x07021c37		2,1,1,1	smladx	HasV6,IsARM
361	A32/media/smul_div/SMLSD_A1	smlsd	A32	32	0x07010b56	0x07021c57		2,1,1,1	smlsd	HasV6,IsARM
362	A32/media/smul_div/SMLSDX_A1	smlsdx	A32	32	0x07010b76	0x07021c77		2,1,1,1	smlsdx	HasV6,IsARM
369	A32/media/smul_div/SMLALD_A1	smlald	A32	32	0x0746101b	0x0747211c		3,3,1,1	smlald	HasV6,IsARM
370	A32/media/smul_div/SMLALDX_A1	smlaldx	A32	32	0x0746103b	0x0747213c		3,3,1,1	smlaldx	HasV6,IsARM
371	A32/media/smul_div/SMLSLD_A1	smlsld	A32	32	0x0746105b	0x0747215c		3,3,1,1	smlsld	HasV6,IsARM
372	A32/media/smul_div/SMLSLDX_A1	smlsldx	A32	32	0x0746107b	0x0747217c		3,3,1,1	smlsldx	HasV6,IsARM
373	A32/media/smul_div/SMMLA_A1	smmla	A32	32	0x07510b16	0x07521c17		2,1,1,1	smmla	HasV6,IsARM
374	A32/media/smul_div/SMMLAR_A1	smmlar	A32	32	0x07510b36	0x07521c37		2,1,1,1	smmlar	HasV6,IsARM
375	A32/media/smul_div/SMMLS_A1	smmls	A32	32	0x07510bd6	0x07521cd7		2,1,1,1	smmls	HasV6,IsARM
376	A32/media/smul_div/SMMLSR_A1	smmlsr	A32	32	0x07510bf6	0x07521cf7		2,1,1,1	smmlsr	HasV6,IsARM
379	A32/media/usad/USADA8_A1	usada8	A32	32	0x07810b16	0x07821c17		2,1,1,1	usada8	HasV6,IsARM
1100	T32/n/sftdpi/addsub16_3l/ADD_r_T1	add	T32	16	0x18f1	0x193a		2,1,1	add	IsThumb
1101	T32/n/sftdpi/addsub16_3l/SUB_r_T1	sub	T32	16	0x1af1	0x1b3a		2,1,1	sub	IsThumb
1117	T32/n/dpint16_2l/TST_r_T1	tst	T32	16	0x4231	0x423a		1,1	tst	IsThumb
1119	T32/n/dpint16_2l/CMP_r_T1	cmp	T32	16	0x42b1	0x42ba		1,1	cmp	IsThumb
1120	T32/n/dpint16_2l/CMN_r_T1	cmn	T32	16	0x42f1	0x42fa		1,1	cmn	IsThumb
1124	T32/n/dpint16_2l/MVN_r_T1	mvn	T32	16	0x43f1	0x43fa		2,1	mvn	IsThumb
1125	T32/n/spcd/bx16/BX_T1	bx	T32	16	0x4708	0x4710		1	bx	IsThumb,jump
1126	T32/n/spcd/bx16/BLX_r_T1	blx	T32	16	0x4788	0x4790		1	blx	HasV5T,IsThumb,call
1162	T32/n/misc16/rev16/REV_T1	rev	T32	16	0xba31	0xba3a		2,1	rev	HasV6,IsThumb
1163	T32/n/misc16/rev16/REV16_T1	rev16	T32	16	0xba71	0xba7a		2,1	rev16	HasV6,IsThumb
1164	T32/n/misc16/rev16/REVSH_T1	revsh	T32	16	0xbaf1	0xbafa		2,1	revsh	HasV6,IsThumb
1848	T32/w/bcrtrl/bx_jaz/BXJ_T1	bxj	T32	32	0xf3c18f00	0xf3c28f00		1	bxj	IsNotMClass,IsThumb2,jump
2163	T32/w/reg/dpint_2r/REV_T2	rev	T32	32	0xfa90f186	0xfa90f287		2,1	rev	IsThumb2
2164	T32/w/reg/dpint_2r/REV16_T2	rev16	T32	32	0xfa90f196	0xfa90f297		2,1	rev16	IsThumb2
2165	T32/w/reg/dpint_2r/RBIT_T1	rbit	T32	32	0xfa90f1a6	0xfa90f2a7		2,1	rbit	IsThumb2
2166	T32/w/reg/dpint_2r/REVSH_T2	revsh	T32	32	0xfa90f1b6	0xfa90f2b7		2,1	revsh	IsThumb2
2168	T32/w/reg/dpint_2r/CLZ_T1	clz	T32	32	0xfab0f186	0xfab0f287		2,1	clz	IsThumb2
2169	T32/w/reg/dpint_2r/CRC32B_T1	crc32b	T32	32	0xfac6f18b	0xfac7f28c		2,1,1	crc32b	HasCRC,HasV8,IsThumb2
2170	T32/w/reg/dpint_2r/CRC32H_T1	crc32h	T32	32	0xfac6f19b	0xfac7f29c		2,1,1	crc32h	HasCRC,HasV8,IsThumb2
2171	T32/w/reg/dpint_2r/CRC32W_T1	crc32w	T32	32	0xfac6f1ab	0xfac7f2ac		2,1,1	crc32w	HasCRC,HasV8,IsThumb2
2172	T32/w/reg/dpint_2r/CRC32CB_T1	crc32cb	T32	32	0xfad6f18b	0xfad7f28c		2,1,1	crc32cb	HasCRC,HasV8,IsThumb2
2173	T32/w/reg/dpint_2r/CRC32CH_T1	crc32ch	T32	32	0xfad6f19b	0xfad7f29c		2,1,1	crc32ch	HasCRC,HasV8,IsThumb2
2174	T32/w/reg/dpint_2r/CRC32CW_T1	crc32cw	T32	32	0xfad6f1ab	0xfad7f2ac		2,1,1	crc32cw	HasCRC,HasV8,IsThumb2
2175	T32/w/mul/mul_abd/MLA_T1	mla	T32	32	0xfb06010b	0xfb07120c		2,1,1,1	mla	IsThumb2
2176	T32/w/mul/mul_abd/MLS_T1	mls	T32	32	0xfb06011b	0xfb07121c		2,1,1,1	mls	IsThumb2
2178	T32/w/mul/mul_abd/SMLABB_T1	smlabb	T32	32	0xfb16010b	0xfb17120c		2,1,1,1	smlabb	HasDSP,IsThumb2
2179	T32/w/mul/mul_abd/SMLABT_T1	smlabt	T32	32	0xfb16011b	0xfb17121c		2,1,1,1	smlabt	HasDSP,IsThumb2
2180	T32/w/mul/mul_abd/SMLATB_T1	smlatb	T32	32	0xfb16012b	0xfb17122c		2,1,1,1	smlatb	HasDSP,IsThumb2
2181	T32/w/mul/mul_abd/SMLATT_T1	smlatt	T32	32	0xfb16013b	0xfb17123c		2,1,1,1	smlatt	HasDSP,IsThumb2
2186	T32/w/mul/mul_abd/SMLAD_T1	smlad	T32	32	0xfb26010b	0xfb27120c		2,1,1,1	smlad	HasDSP,IsThumb2
2187	T32/w/mul/mul_abd/SMLADX_T1	smladx	T32	32	0xfb26011b	0xfb27121c		2,1,1,1	smladx	HasDSP,IsThumb2
2190	T32/w/mul/mul_abd/SMLAWB_T1	smlawb	T32	32	0xfb36010b	0xfb37120c		2,1,1,1	smlawb	HasDSP,IsThumb2
2191	T32/w/mul/mul_abd/SMLAWT_T1	smlawt	T32	32	0xfb36011b	0xfb37121c		2,1,1,1	smlawt	HasDSP,IsThumb2
2194	T32/w/mul/mul_abd/SMLSD_T1	smlsd	T32	32	0xfb46010b	0xfb47120c		2,1,1,1	smlsd	HasDSP,IsThumb2
2195	T32/w/mul/mul_abd/SMLSDX_T1	smlsdx	T32	32	0xfb46011b	0xfb47121c		2,1,1,1	smlsdx	HasDSP,IsThumb2
2198	T32/w/mul/mul_abd/SMMLA_T1	smmla	T32	32	0xfb56010b	0xfb57120c		2,1,1,1	smmla	HasDSP,IsThumb2
2199	T32/w/mul/mul_abd/SMMLAR_T1	smmlar	T32	32	0xfb56011b	0xfb57121c		2,1,1,1	smmlar	HasDSP,IsThumb2
2202	T32/w/mul/mul_abd/SMMLS_T1	smmls	T32	32	0xfb66010b	0xfb67120c		2,1,1,1	smmls	HasDSP,IsThumb2
2203	T32/w/mul/mul_abd/SMMLSR_T1	smmlsr	T32	32	0xfb66011b	0xfb67121c		2,1,1,1	smmlsr	HasDSP,IsThumb2
2204	T32/w/mul/mul_abd/USADA8_T1	usada8	T32	32	0xfb76010b	0xfb77120c		2,1,1,1	usada8	HasDSP,IsThumb2
2206	T32/w/lmul_div/lmul/SMULL_T1	smull	T32	32	0xfb8b1600	0xfb8c2701		2,2,1,1	smull	IsThumb2
2207	T32/w/lmul_div/lmul/UMULL_T1	umull	T32	32	0xfbab1600	0xfbac2701		2,2,1,1	umull	IsThumb2
2208	T32/w/lmul_div/lmul/SMLAL_T1	smlal	T32	32	0xfbcb1600	0xfbcc2701		3,3,1,1	smlal	IsThumb2
2209	T32/w/lmul_div/lmul/SMLALBB_T1	smlalbb	T32	32	0xfbcb1680	0xfbcc2781		3,3,1,1	smlalbb	HasDSP,IsThumb2
2210	T32/w/lmul_div/lmul/SMLALBT_T1	smlalbt	T32	32	0xfbcb1690	0xfbcc2791		3,3,1,1	smlalbt	HasDSP,IsThumb2
2211	T32/w/lmul_div/lmul/SMLALTB_T1	smlaltb	T32	32	0xfbcb16a0	0xfbcc27a1		3,3,1,1	smlaltb	HasDSP,IsThumb2
2212	T32/w/lmul_div/lmul/SMLALTT_T1	smlaltt	T32	32	0xfbcb16b0	0xfbcc27b1		3,3,1,1	smlaltt	HasDSP,IsThumb2
2213	T32/w/lmul_div/lmul/SMLALD_T1	smlald	T32	32	0xfbcb16c0	0xfbcc27c1		3,3,1,1	smlald	HasDSP,IsThumb2
2214	T32/w/lmul_div/lmul/SMLALDX_T1	smlaldx	T32	32	0xfbcb16d0	0xfbcc27d1		3,3,1,1	smlaldx	HasDSP,IsThumb2
2215	T32/w/lmul_div/lmul/SMLSLD_T1	smlsld	T32	32	0xfbdb16c0	0xfbdc27c1		3,3,1,1	smlsld	HasDSP,IsThumb2
2216	T32/w/lmul_div/lmul/SMLSLDX_T1	smlsldx	T32	32	0xfbdb16d0	0xfbdc27d1		3,3,1,1	smlsldx	HasDSP,IsThumb2
2217	T32/w/lmul_div/lmul/UMLAL_T1	umlal	T32	32	0xfbeb1600	0xfbec2701		3,3,1,1	umlal	IsThumb2
2218	T32/w/lmul_div/lmul/UMAAL_T1	umaal	T32	32	0xfbeb1660	0xfbec2761		3,3,1,1	umaal	HasDSP,IsThumb2
4457	A64/control/systeminstrswithreg/WFET_only_systeminstrswithreg	wfet	A64	32	0xd5031001	0xd5031002	0xd503101f	1	wfet	HasWFxT
4458	A64/control/systeminstrswithreg/WFIT_only_systeminstrswithreg	wfit	A64	32	0xd5031021	0xd5031022	0xd503103f	1	wfit	HasWFxT
4509	A64/control/branch_reg/BR_64_branch_reg	br	A64	32	0xd61f0020	0xd61f0040	0xd61f03e0	1	br	jump
4510	A64/control/branch_reg/BRAAZ_64_branch_reg	braaz	A64	32	0xd61f083f	0xd61f085f	0xd61f0bff	1	braaz	HasPAuth,jump
4511	A64/control/branch_reg/BRABZ_64_branch_reg	brabz	A64	32	0xd61f0c3f	0xd61f0c5f	0xd61f0fff	1	brabz	HasPAuth,jump
4512	A64/control/branch_reg/BLR_64_branch_reg	blr	A64	32	0xd63f0020	0xd63f0040	0xd63f03e0	1	blr	call
4513	A64/control/branch_reg/BLRAAZ_64_branch_reg	blraaz	A64	32	0xd63f083f	0xd63f085f	0xd63f0bff	1	blraaz	HasPAuth,call
4514	A64/control/branch_reg/BLRABZ_64_branch_reg	blrabz	A64	32	0xd63f0c3f	0xd63f0c5f	0xd63f0fff	1	blrabz	HasPAuth,call
4525	A64/control/branch_reg/BRAA_64P_branch_reg	braa	A64	32	0xd71f0826	0xd71f0847	0xd71f0bff	1,1	braa	HasPAuth,jump
4526	A64/control/branch_reg/BRAB_64P_branch_reg	brab	A64	32	0xd71f0c26	0xd71f0c47	0xd71f0fff	1,1	brab	HasPAuth,jump
4527	A64/control/branch_reg/BLRAA_64P_branch_reg	blraa	A64	32	0xd73f0826	0xd73f0847	0xd73f0bff	1,1	blraa	HasPAuth,call
4528	A64/control/branch_reg/BLRAB_64P_branch_reg	blrab	A64	32	0xd73f0c26	0xd73f0c47	0xd73f0fff	1,1	blrab	HasPAuth,call
5576	A64/dpreg/dp_2src/UDIV_32_dp_2src	udiv	A64	32	0x1acb08c1	0x1acc08e2	0x1adf0bff	2,1,1	udiv	
5577	A64/dpreg/dp_2src/SDIV_32_dp_2src	sdiv	A64	32	0x1acb0cc1	0x1acc0ce2	0x1adf0fff	2,1,1	sdiv	
5582	A64/dpreg/dp_2src/CRC32B_32C_dp_2src	crc32b	A64	32	0x1acb40c1	0x1acc40e2	0x1adf43ff	2,1,1	crc32b	HasCRC
5583	A64/dpreg/dp_2src/CRC32H_32C_dp_2src	crc32h	A64	32	0x1acb44c1	0x1acc44e2	0x1adf47ff	2,1,1	crc32h	HasCRC
5584	A64/dpreg/dp_2src/CRC32W_32C_dp_2src	crc32w	A64	32	0x1acb48c1	0x1acc48e2	0x1adf4bff	2,1,1	crc32w	HasCRC
5585	A64/dpreg/dp_2src/CRC32CB_32C_dp_2src	crc32cb	A64	32	0x1acb50c1	0x1acc50e2	0x1adf53ff	2,1,1	crc32cb	HasCRC
5586	A64/dpreg/dp_2src/CRC32CH_32C_dp_2src	crc32ch	A64	32	0x1acb54c1	0x1acc54e2	0x1adf57ff	2,1,1	crc32ch	HasCRC
5587	A64/dpreg/dp_2src/CRC32CW_32C_dp_2src	crc32cw	A64	32	0x1acb58c1	0x1acc58e2	0x1adf5bff	2,1,1	crc32cw	HasCRC
5588	A64/dpreg/dp_2src/SMAX_32_dp_2src	smax	A64	32	0x1acb60c1	0x1acc60e2	0x1adf63ff	2,1,1	smax	HasCSSC
5589	A64/dpreg/dp_2src/UMAX_32_dp_2src	umax	A64	32	0x1acb64c1	0x1acc64e2	0x1adf67ff	2,1,1	umax	HasCSSC
5590	A64/dpreg/dp_2src/SMIN_32_dp_2src	smin	A64	32	0x1acb68c1	0x1acc68e2	0x1adf6bff	2,1,1	smin	HasCSSC
5591	A64/dpreg/dp_2src/UMIN_32_dp_2src	umin	A64	32	0x1acb6cc1	0x1acc6ce2	0x1adf6fff	2,1,1	umin	HasCSSC
5592	A64/dpreg/dp_2src/SUBP_64S_dp_2src	subp	A64	32	0x9acb00c1	0x9acc00e2	0x9adf03ff	2,1,1	subp	HasMTE
5593	A64/dpreg/dp_2src/UDIV_64_dp_2src	udiv	A64	32	0x9acb08c1	0x9acc08e2	0x9adf0bff	2,1,1	udiv	
5594	A64/dpreg/dp_2src/SDIV_64_dp_2src	sdiv	A64	32	0x9acb0cc1	0x9acc0ce2	0x9adf0fff	2,1,1	sdiv	
5596	A64/dpreg/dp_2src/GMI_64G_dp_2src	gmi	A64	32	0x9acb14c1	0x9acc14e2	0x9adf17ff	2,1,1	gmi	HasMTE
5601	A64/dpreg/dp_2src/PACGA_64P_dp_2src	pacga	A64	32	0x9acb30c1	0x9acc30e2	0x9adf33ff	2,1,1	pacga	HasPAuth
5602	A64/dpreg/dp_2src/CRC32X_64C_dp_2src	crc32x	A64	32	0x9acb4cc1	0x9acc4ce2	0x9adf4fff	2,1,1	crc32x	HasCRC
5603	A64/dpreg/dp_2src/CRC32CX_64C_dp_2src	crc32cx	A64	32	0x9acb5cc1	0x9acc5ce2	0x9adf5fff	2,1,1	crc32cx	HasCRC
5604	A64/dpreg/dp_2src/SMAX_64_dp_2src	smax	A64	32	0x9acb60c1	0x9acc60e2	0x9adf63ff	2,1,1	smax	HasCSSC
5605	A64/dpreg/dp_2src/UMAX_64_dp_2src	umax	A64	32	0x9acb64c1	0x9acc64e2	0x9adf67ff	2,1,1	umax	HasCSSC
5606	A64/dpreg/dp_2src/SMIN_64_dp_2src	smin	A64	32	0x9acb68c1	0x9acc68e2	0x9adf6bff	2,1,1	smin	HasCSSC
5607	A64/dpreg/dp_2src/UMIN_64_dp_2src	umin	A64	32	0x9acb6cc1	0x9acc6ce2	0x9adf6fff	2,1,1	umin	HasCSSC
5608	A64/dpreg/dp_2src/SUBPS_64S_dp_2src	subps	A64	32	0xbacb00c1	0xbacc00e2	0xbadf03ff	2,1,1	subps	HasMTE
5609	A64/dpreg/dp_1src/RBIT_32_dp_1src	rbit	A64	32	0x5ac000c1	0x5ac000e2	0x5ac003ff	2,1	rbit	
5610	A64/dpreg/dp_1src/REV16_32_dp_1src	rev16	A64	32	0x5ac004c1	0x5ac004e2	0x5ac007ff	2,1	rev16	
5611	A64/dpreg/dp_1src/REV_32_dp_1src	rev	A64	32	0x5ac008c1	0x5ac008e2	0x5ac00bff	2,1	rev	
5612	A64/dpreg/dp_1src/CLZ_32_dp_1src	clz	A64	32	0x5ac010c1	0x5ac010e2	0x5ac013ff	2,1	clz	
5613	A64/dpreg/dp_1src/CLS_32_dp_1src	cls	A64	32	0x5ac014c1	0x5ac014e2	0x5ac017ff	2,1	cls	
5614	A64/dpreg/dp_1src/CTZ_32_dp_1src	ctz	A64	32	0x5ac018c1	0x5ac018e2	0x5ac01bff	2,1	ctz	HasCSSC
5615	A64/dpreg/dp_1src/CNT_32_dp_1src	cnt	A64	32	0x5ac01cc1	0x5ac01ce2	0x5ac01fff	2,1	cnt	HasCSSC
5616	A64/dpreg/dp_1src/ABS_32_dp_1src	abs	A64	32	0x5ac020c1	0x5ac020e2	0x5ac023ff	2,1	abs	HasCSSC
5617	A64/dpreg/dp_1src/RBIT_64_dp_1src	rbit	A64	32	0xdac000c1	0xdac000e2	0xdac003ff	2,1	rbit	
5618	A64/dpreg/dp_1src/REV16_64_dp_1src	rev16	A64	32	0xdac004c1	0xdac004e2	0xdac007ff	2,1	rev16	
5619	A64/dpreg/dp_1src/REV32_64_dp_1src	rev32	A64	32	0xdac008c1	0xdac008e2	0xdac00bff	2,1	rev32	
5620	A64/dpreg/dp_1src/REV_64_dp_1src	rev	A64	32	0xdac00cc1	0xdac00ce2	0xdac00fff	2,1	rev	
5621	A64/dpreg/dp_1src/CLZ_64_dp_1src	clz	A64	32	0xdac010c1	0xdac010e2	0xdac013ff	2,1	clz	
5622	A64/dpreg/dp_1src/CLS_64_dp_1src	cls	A64	32	0xdac014c1	0xdac014e2	0xdac017ff	2,1	cls	
5623	A64/dpreg/dp_1src/CTZ_64_dp_1src	ctz	A64	32	0xdac018c1	0xdac018e2	0xdac01bff	2,1	ctz	HasCSSC
5624	A64/dpreg/dp_1src/CNT_64_dp_1src	cnt	A64	32	0xdac01cc1	0xdac01ce2	0xdac01fff	2,1	cnt	HasCSSC
5625	A64/dpreg/dp_1src/ABS_64_dp_1src	abs	A64	32	0xdac020c1	0xdac020e2	0xdac023ff	2,1	abs	HasCSSC
5626	A64/dpreg/dp_1src/PACIA_64P_dp_1src	pacia	A64	32	0xdac100c1	0xdac100e2	0xdac103ff	3,1	pacia	HasPAuth
5627	A64/dpreg/dp_1src/PACIB_64P_dp_1src	pacib	A64	32	0xdac104c1	0xdac104e2	0xdac107ff	3,1	pacib	HasPAuth
5628	A64/dpreg/dp_1src/PACDA_64P_dp_1src	pacda	A64	32	0xdac108c1	0xdac108e2	0xdac10bff	3,1	pacda	HasPAuth
5629	A64/dpreg/dp_1src/PACDB_64P_dp_1src	pacdb	A64	32	0xdac10cc1	0xdac10ce2	0xdac10fff	3,1	pacdb	HasPAuth
5630	A64/dpreg/dp_1src/AUTIA_64P_dp_1src	autia	A64	32	0xdac110c1	0xdac110e2	0xdac113ff	3,1	autia	HasPAuth
5631	A64/dpreg/dp_1src/AUTIB_64P_dp_1src	autib	A64	32	0xdac114c1	0xdac114e2	0xdac117ff	3,1	autib	HasPAuth
5632	A64/dpreg/dp_1src/AUTDA_64P_dp_1src	autda	A64	32	0xdac118c1	0xdac118e2	0xdac11bff	3,1	autda	HasPAuth
5633	A64/dpreg/dp_1src/AUTDB_64P_dp_1src	autdb	A64	32	0xdac11cc1	0xdac11ce2	0xdac11fff	3,1	autdb	HasPAuth
5634	A64/dpreg/dp_1src/PACIZA_64Z_dp_1src	paciza	A64	32	0xdac123e1	0xdac123e2	0xdac123ff	3	paciza	HasPAuth
5635	A64/dpreg/dp_1src/PACIZB_64Z_dp_1src	pacizb	A64	32	0xdac127e1	0xdac127e2	0xdac127ff	3	pacizb	HasPAuth
5636	A64/dpreg/dp_1src/PACDZA_64Z_dp_1src	pacdza	A64	32	0xdac12be1	0xdac12be2	0xdac12bff	3	pacdza	HasPAuth
5637	A64/dpreg/dp_1src/PACDZB_64Z_dp_1src	pacdzb	A64	32	0xdac12fe1	0xdac12fe2	0xdac12fff	3	pacdzb	HasPAuth
5638	A64/dpreg/dp_1src/AUTIZA_64Z_dp_1src	autiza	A64	32	0xdac133e1	0xdac133e2	0xdac133ff	3	autiza	HasPAuth
5639	A64/dpreg/dp_1src/AUTIZB_64Z_dp_1src	autizb	A64	32	0xdac137e1	0xdac137e2	0xdac137ff	3	autizb	HasPAuth
5640	A64/dpreg/dp_1src/AUTDZA_64Z_dp_1src	autdza	A64	32	0xdac13be1	0xdac13be2	0xdac13bff	3	autdza	HasPAuth
5641	A64/dpreg/dp_1src/AUTDZB_64Z_dp_1src	autdzb	A64	32	0xdac13fe1	0xdac13fe2	0xdac13fff	3	autdzb	HasPAuth
5642	A64/dpreg/dp_1src/XPACI_64Z_dp_1src	xpaci	A64	32	0xdac143e1	0xdac143e2	0xdac143ff	3	xpaci	HasPAuth
5643	A64/dpreg/dp_1src/XPACD_64Z_dp_1src	xpacd	A64	32	0xdac147e1	0xdac147e2	0xdac147ff	3	xpacd	HasPAuth
5648	A64/dpreg/dp_1src/AUTIASPPCR_64LRR_dp_1src	autiasppcr	A64	32	0xdac1903e	0xdac1905e	0xdac193fe	1	autiasppc	HasPAuthLR
5649	A64/dpreg/dp_1src/AUTIBSPPCR_64LRR_dp_1src	autibsppcr	A64	32	0xdac1943e	0xdac1945e	0xdac197fe	1	autibsppc	HasPAuthLR
5686	A64/dpreg/addsub_carry/ADC_32_addsub_carry	adc	A64	32	0x1a0b00c1	0x1a0c00e2	0x1a1f03ff	2,1,1	adc	
5687	A64/dpreg/addsub_carry/ADCS_32_addsub_carry	adcs	A64	32	0x3a0b00c1	0x3a0c00e2	0x3a1f03ff	2,1,1	adcs	
5688	A64/dpreg/addsub_carry/SBC_32_addsub_carry	sbc	A64	32	0x5a0b00c1	0x5a0c00e2	0x5a1f03ff	2,1,1	sbc	
5689	A64/dpreg/addsub_carry/SBCS_32_addsub_carry	sbcs	A64	32	0x7a0b00c1	0x7a0c00e2	0x7a1f03ff	2,1,1	sbcs	
5690	A64/dpreg/addsub_carry/ADC_64_addsub_carry	adc	A64	32	0x9a0b00c1	0x9a0c00e2	0x9a1f03ff	2,1,1	adc	
5691	A64/dpreg/addsub_carry/ADCS_64_addsub_carry	adcs	A64	32	0xba0b00c1	0xba0c00e2	0xba1f03ff	2,1,1	adcs	
5692	A64/dpreg/addsub_carry/SBC_64_addsub_carry	sbc	A64	32	0xda0b00c1	0xda0c00e2	0xda1f03ff	2,1,1	sbc	
5693	A64/dpreg/addsub_carry/SBCS_64_addsub_carry	sbcs	A64	32	0xfa0b00c1	0xfa0c00e2	0xfa1f03ff	2,1,1	sbcs	
5697	A64/dpreg/setf/SETF8_only_setf	setf8	A64	32	0x3a00082d	0x3a00084d	0x3a000bed	1	setf8	HasFlagM
5698	A64/dpreg/setf/SETF16_only_setf	setf16	A64	32	0x3a00482d	0x3a00484d	0x3a004bed	1	setf16	HasFlagM
5715	A64/dpreg/dp_3src/MADD_32A_dp_3src	madd	A64	32	0x1b0b40c1	0x1b0c44e2	0x1b1f7fff	2,1,1,1	madd	
5716	A64/dpreg/dp_3src/MSUB_32A_dp_3src	msub	A64	32	0x1b0bc0c1	0x1b0cc4e2	0x1b1fffff	2,1,1,1	msub	
5717	A64/dpreg/dp_3src/MADD_64A_dp_3src	madd	A64	32	0x9b0b40c1	0x9b0c44e2	0x9b1f7fff	2,1,1,1	madd	
5718	A64/dpreg/dp_3src/MSUB_64A_dp_3src	msub	A64	32	0x9b0bc0c1	0x9b0cc4e2	0x9b1fffff	2,1,1,1	msub	
5719	A64/dpreg/dp_3src/SMADDL_64WA_dp_3src	smaddl	A64	32	0x9b2b40c1	0x9b2c44e2	0x9b3f7fff	2,1,1,1	smaddl	
5720	A64/dpreg/dp_3src/SMSUBL_64WA_dp_3src	smsubl	A64	32	0x9b2bc0c1	0x9b2cc4e2	0x9b3fffff	2,1,1,1	smsubl	
5721	A64/dpreg/dp_3src/SMULH_64_dp_3src	smulh	A64	32	0x9b4b7cc1	0x9b4c7ce2	0x9b5f7fff	2,1,1	smulh	
5722	A64/dpreg/dp_3src/MADDPT_64A_dp_3src	maddpt	A64	32	0x9b6b40c1	0x9b6c44e2	0x9b7f7fff	2,1,1,1	maddpt	HasCPA
5723	A64/dpreg/dp_3src/MSUBPT_64A_dp_3src	msubpt	A64	32	0x9b6bc0c1	0x9b6cc4e2	0x9b7fffff	2,1,1,1	msubpt	HasCPA
5724	A64/dpreg/dp_3src/UMADDL_64WA_dp_3src	umaddl	A64	32	0x9bab40c1	0x9bac44e2	0x9bbf7fff	2,1,1,1	umaddl	
5725	A64/dpreg/dp_3src/UMSUBL_64WA_dp_3src	umsubl	A64	32	0x9babc0c1	0x9bacc4e2	0x9bbfffff	2,1,1,1	umsubl	
5726	A64/dpreg/dp_3src/UMULH_64_dp_3src	umulh	A64	32	0x9bcb7cc1	0x9bcc7ce2	0x9bdf7fff	2,1,1	umulh	
5742	A64/simd_dp/asisdsamefp16/FMULX_asisdsamefp16_only	fmulx	A64	32	0x5e4b1cc1	0x5e4c1ce2		2,1,1	fmulx	HasFullFP16,HasNEONorSME
5743	A64/simd_dp/asisdsamefp16/FCMEQ_asisdsamefp16_only	fcmeq	A64	32	0x5e4b24c1	0x5e4c24e2		2,1,1	fcmeq	HasFullFP16,HasNEON
5744	A64/simd_dp/asisdsamefp16/FRECPS_asisdsamefp16_only	frecps	A64	32	0x5e4b3cc1	0x5e4c3ce2		2,1,1	frecps	HasFullFP16,HasNEONorSME
5745	A64/simd_dp/asisdsamefp16/FRSQRTS_asisdsamefp16_only	frsqrts	A64	32	0x5ecb3cc1	0x5ecc3ce2		2,1,1	frsqrts	HasFullFP16,HasNEONorSME
5746	A64/simd_dp/asisdsamefp16/FCMGE_asisdsamefp16_only	fcmge	A64	32	0x7e4b24c1	0x7e4c24e2		2,1,1	fcmge	HasFullFP16,HasNEON
5747	A64/simd_dp/asisdsamefp16/FACGE_asisdsamefp16_only	facge	A64	32	0x7e4b2cc1	0x7e4c2ce2		2,1,1	facge	HasFullFP16,HasNEON
5748	A64/simd_dp/asisdsamefp16/FABD_asisdsamefp16_only	fabd	A64	32	0x7ecb14c1	0x7ecc14e2		2,1,1	fabd	HasFullFP16,HasNEON
5749	A64/simd_dp/asisdsamefp16/FCMGT_asisdsamefp16_only	fcmgt	A64	32	0x7ecb24c1	0x7ecc24e2		2,1,1	fcmgt	HasFullFP16,HasNEON
5750	A64/simd_dp/asisdsamefp16/FACGT_asisdsamefp16_only	facgt	A64	32	0x7ecb2cc1	0x7ecc2ce2		2,1,1	facgt	HasFullFP16,HasNEON
5751	A64/simd_dp/asisdmiscfp16/FCVTNS_asisdmiscfp16_R	fcvtns	A64	32	0x5e79a8c1	0x5e79a8e2		2,1	fcvtns	HasFullFP16,HasNEON
5752	A64/simd_dp/asisdmiscfp16/FCVTMS_asisdmiscfp16_R	fcvtms	A64	32	0x5e79b8c1	0x5e79b8e2		2,1	fcvtms	HasFullFP16,HasNEON
5753	A64/simd_dp/asisdmiscfp16/FCVTAS_asisdmiscfp16_R	fcvtas	A64	32	0x5e79c8c1	0x5e79c8e2		2,1	fcvtas	HasFullFP16,HasNEON
5754	A64/simd_dp/asisdmiscfp16/SCVTF_asisdmiscfp16_R	scvtf	A64	32	0x5e79d8c1	0x5e79d8e2		2,1	scvtf	HasFullFP16,HasNEON
5758	A64/simd_dp/asisdmiscfp16/FCVTPS_asisdmiscfp16_R	fcvtps	A64	32	0x5ef9a8c1	0x5ef9a8e2		2,1	fcvtps	HasFullFP16,HasNEON
5759	A64/simd_dp/asisdmiscfp16/FCVTZS_asisdmiscfp16_R	fcvtzs	A64	32	0x5ef9b8c1	0x5ef9b8e2		2,1	fcvtzs	HasFullFP16,HasNEON
5760	A64/simd_dp/asisdmiscfp16/FRECPE_asisdmiscfp16_R	frecpe	A64	32	0x5ef9d8c1	0x5ef9d8e2		2,1	frecpe	HasFullFP16,HasNEONorSME
5761	A64/simd_dp/asisdmiscfp16/FRECPX_asisdmiscfp16_R	frecpx	A64	32	0x5ef9f8c1	0x5ef9f8e2		2,1	frecpx	HasFullFP16,HasNEONorSME
5762	A64/simd_dp/asisdmiscfp16/FCVTNU_asisdmiscfp16_R	fcvtnu	A64	32	0x7e79a8c1	0x7e79a8e2		2,1	fcvtnu	HasFullFP16,HasNEON
5763	A64/simd_dp/asisdmiscfp16/FCVTMU_asisdmiscfp16_R	fcvtmu	A64	32	0x7e79b8c1	0x7e79b8e2		2,1	fcvtmu	HasFullFP16,HasNEON
5764	A64/simd_dp/asisdmiscfp16/FCVTAU_asisdmiscfp16_R	fcvtau	A64	32	0x7e79c8c1	0x7e79c8e2		2,1	fcvtau	HasFullFP16,HasNEON
5765	A64/simd_dp/asisdmiscfp16/UCVTF_asisdmiscfp16_R	ucvtf	A64	32	0x7e79d8c1	0x7e79d8e2		2,1	ucvtf	HasFullFP16,HasNEON
5768	A64/simd_dp/asisdmiscfp16/FCVTPU_asisdmiscfp16_R	fcvtpu	A64	32	0x7ef9a8c1	0x7ef9a8e2		2,1	fcvtpu	HasFullFP16,HasNEON
5769	A64/simd_dp/asisdmiscfp16/FCVTZU_asisdmiscfp16_R	fcvtzu	A64	32	0x7ef9b8c1	0x7ef9b8e2		2,1	fcvtzu	HasFullFP16,HasNEON
5770	A64/simd_dp/asisdmiscfp16/FRSQRTE_asisdmiscfp16_R	frsqrte	A64	32	0x7ef9d8c1	0x7ef9d8e2		2,1	frsqrte	HasFullFP16,HasNEONorSME
6328	A64/simd_dp/float2int/FCVTNS_32S_float2int	fcvtns	A64	32	0x1e2000c1	0x1e2000e2	0x1e20019f	2,1	fcvtns	HasFPARMv8
6329	A64/simd_dp/float2int/FCVTNU_32S_float2int	fcvtnu	A64	32	0x1e2100c1	0x1e2100e2	0x1e21019f	2,1	fcvtnu	HasFPARMv8
6330	A64/simd_dp/float2int/SCVTF_S32_float2int	scvtf	A64	32	0x1e2200c1	0x1e2200e2	0x1e2203e7	2,1	scvtf	HasFPARMv8
6331	A64/simd_dp/float2int/UCVTF_S32_float2int	ucvtf	A64	32	0x1e2300c1	0x1e2300e2	0x1e2303e7	2,1	ucvtf	HasFPARMv8
6332	A64/simd_dp/float2int/FCVTAS_32S_float2int	fcvtas	A64	32	0x1e2400c1	0x1e2400e2	0x1e24019f	2,1	fcvtas	HasFPARMv8
6333	A64/simd_dp/float2int/FCVTAU_32S_float2int	fcvtau	A64	32	0x1e2500c1	0x1e2500e2	0x1e25019f	2,1	fcvtau	HasFPARMv8
6334	A64/simd_dp/float2int/FMOV_32S_float2int	fmov	A64	32	0x1e2600c1	0x1e2600e2	0x1e26019f	2,1	fmov	HasFPARMv8
6335	A64/simd_dp/float2int/FMOV_S32_float2int	fmov	A64	32	0x1e2700c1	0x1e2700e2	0x1e2703e7	2,1	fmov	HasFPARMv8
6336	A64/simd_dp/float2int/FCVTPS_32S_float2int	fcvtps	A64	32	0x1e2800c1	0x1e2800e2	0x1e28019f	2,1	fcvtps	HasFPARMv8
6337	A64/simd_dp/float2int/FCVTPU_32S_float2int	fcvtpu	A64	32	0x1e2900c1	0x1e2900e2	0x1e29019f	2,1	fcvtpu	HasFPARMv8
6338	A64/simd_dp/float2int/FCVTMS_32S_float2int	fcvtms	A64	32	0x1e3000c1	0x1e3000e2	0x1e30019f	2,1	fcvtms	HasFPARMv8
6339	A64/simd_dp/float2int/FCVTMU_32S_float2int	fcvtmu	A64	32	0x1e3100c1	0x1e3100e2	0x1e31019f	2,1	fcvtmu	HasFPARMv8
6340	A64/simd_dp/float2int/FCVTZS_32S_float2int	fcvtzs	A64	32	0x1e3800c1	0x1e3800e2	0x1e38019f	2,1	fcvtzs	HasFPARMv8
6341	A64/simd_dp/float2int/FCVTZU_32S_float2int	fcvtzu	A64	32	0x1e3900c1	0x1e3900e2	0x1e39019f	2,1	fcvtzu	HasFPARMv8
6342	A64/simd_dp/float2int/FCVTNS_32D_float2int	fcvtns	A64	32	0x1e6000c1	0x1e6000e2	0x1e60019f	2,1	fcvtns	HasFPARMv8
6343	A64/simd_dp/float2int/FCVTNU_32D_float2int	fcvtnu	A64	32	0x1e6100c1	0x1e6100e2	0x1e61019f	2,1	fcvtnu	HasFPARMv8
6344	A64/simd_dp/float2int/SCVTF_D32_float2int	scvtf	A64	32	0x1e6200c1	0x1e6200e2	0x1e6203e7	2,1	scvtf	HasFPARMv8
6345	A64/simd_dp/float2int/UCVTF_D32_float2int	ucvtf	A64	32	0x1e6300c1	0x1e6300e2	0x1e6303e7	2,1	ucvtf	HasFPARMv8
6346	A64/simd_dp/float2int/FCVTAS_32D_float2int	fcvtas	A64	32	0x1e6400c1	0x1e6400e2	0x1e64019f	2,1	fcvtas	HasFPARMv8
6347	A64/simd_dp/float2int/FCVTAU_32D_float2int	fcvtau	A64	32	0x1e6500c1	0x1e6500e2	0x1e65019f	2,1	fcvtau	HasFPARMv8
6348	A64/simd_dp/float2int/FCVTPS_32D_float2int	fcvtps	A64	32	0x1e6800c1	0x1e6800e2	0x1e68019f	2,1	fcvtps	HasFPARMv8
6349	A64/simd_dp/float2int/FCVTPU_32D_float2int	fcvtpu	A64	32	0x1e6900c1	0x1e6900e2	0x1e69019f	2,1	fcvtpu	HasFPARMv8
6350	A64/simd_dp/float2int/FCVTMS_32D_float2int	fcvtms	A64	32	0x1e7000c1	0x1e7000e2	0x1e70019f	2,1	fcvtms	HasFPARMv8
6351	A64/simd_dp/float2int/FCVTMU_32D_float2int	fcvtmu	A64	32	0x1e7100c1	0x1e7100e2	0x1e71019f	2,1	fcvtmu	HasFPARMv8
6352	A64/simd_dp/float2int/FCVTZS_32D_float2int	fcvtzs	A64	32	0x1e7800c1	0x1e7800e2	0x1e78019f	2,1	fcvtzs	HasFPARMv8
6353	A64/simd_dp/float2int/FCVTZU_32D_float2int	fcvtzu	A64	32	0x1e7900c1	0x1e7900e2	0x1e79019f	2,1	fcvtzu	HasFPARMv8
6354	A64/simd_dp/float2int/FJCVTZS_32D_float2int	fjcvtzs	A64	32	0x1e7e00c1	0x1e7e00e2	0x1e7e019f	2,1	fjcvtzs	HasFPARMv8,HasJS
6355	A64/simd_dp/float2int/FCVTNS_32H_float2int	fcvtns	A64	32	0x1ee000c1	0x1ee000e2	0x1ee0019f	2,1	fcvtns	HasFullFP16
6356	A64/simd_dp/float2int/FCVTNU_32H_float2int	fcvtnu	A64	32	0x1ee100c1	0x1ee100e2	0x1ee1019f	2,1	fcvtnu	HasFullFP16
6357	A64/simd_dp/float2int/SCVTF_H32_float2int	scvtf	A64	32	0x1ee200c1	0x1ee200e2	0x1ee203e7	2,1	scvtf	HasFullFP16
6358	A64/simd_dp/float2int/UCVTF_H32_float2int	ucvtf	A64	32	0x1ee300c1	0x1ee300e2	0x1ee303e7	2,1	ucvtf	HasFullFP16
6359	A64/simd_dp/float2int/FCVTAS_32H_float2int	fcvtas	A64	32	0x1ee400c1	0x1ee400e2	0x1ee4019f	2,1	fcvtas	HasFullFP16
6360	A64/simd_dp/float2int/FCVTAU_32H_float2int	fcvtau	A64	32	0x1ee500c1	0x1ee500e2	0x1ee5019f	2,1	fcvtau	HasFullFP16
6361	A64/simd_dp/float2int/FMOV_32H_float2int	fmov	A64	32	0x1ee600c1	0x1ee600e2	0x1ee6019f	2,1	fmov	HasFullFP16
6362	A64/simd_dp/float2int/FMOV_H32_float2int	fmov	A64	32	0x1ee700c1	0x1ee700e2	0x1ee703e7	2,1	fmov	HasFullFP16
6363	A64/simd_dp/float2int/FCVTPS_32H_float2int	fcvtps	A64	32	0x1ee800c1	0x1ee800e2	0x1ee8019f	2,1	fcvtps	HasFullFP16
6364	A64/simd_dp/float2int/FCVTPU_32H_float2int	fcvtpu	A64	32	0x1ee900c1	0x1ee900e2	0x1ee9019f	2,1	fcvtpu	HasFullFP16
6365	A64/simd_dp/float2int/FCVTMS_32H_float2int	fcvtms	A64	32	0x1ef000c1	0x1ef000e2	0x1ef0019f	2,1	fcvtms	HasFullFP16
6366	A64/simd_dp/float2int/FCVTMU_32H_float2int	fcvtmu	A64	32	0x1ef100c1	0x1ef100e2	0x1ef1019f	2,1	fcvtmu	HasFullFP16
6367	A64/simd_dp/float2int/FCVTZS_32H_float2int	fcvtzs	A64	32	0x1ef800c1	0x1ef800e2	0x1ef8019f	2,1	fcvtzs	HasFullFP16
6368	A64/simd_dp/float2int/FCVTZU_32H_float2int	fcvtzu	A64	32	0x1ef900c1	0x1ef900e2	0x1ef9019f	2,1	fcvtzu	HasFullFP16
6369	A64/simd_dp/float2int/FCVTNS_64S_float2int	fcvtns	A64	32	0x9e2000c1	0x9e2000e2	0x9e20019f	2,1	fcvtns	HasFPARMv8
6370	A64/simd_dp/float2int/FCVTNU_64S_float2int	fcvtnu	A64	32	0x9e2100c1	0x9e2100e2	0x9e21019f	2,1	fcvtnu	HasFPARMv8
6371	A64/simd_dp/float2int/SCVTF_S64_float2int	scvtf	A64	32	0x9e2200c1	0x9e2200e2	0x9e2203e7	2,1	scvtf	HasFPARMv8
6372	A64/simd_dp/float2int/UCVTF_S64_float2int	ucvtf	A64	32	0x9e2300c1	0x9e2300e2	0x9e2303e7	2,1	ucvtf	HasFPARMv8
6373	A64/simd_dp/float2int/FCVTAS_64S_float2int	fcvtas	A64	32	0x9e2400c1	0x9e2400e2	0x9e24019f	2,1	fcvtas	HasFPARMv8
6374	A64/simd_dp/float2int/FCVTAU_64S_float2int	fcvtau	A64	32	0x9e2500c1	0x9e2500e2	0x9e25019f	2,1	fcvtau	HasFPARMv8
6375	A64/simd_dp/float2int/FCVTPS_64S_float2int	fcvtps	A64	32	0x9e2800c1	0x9e2800e2	0x9e28019f	2,1	fcvtps	HasFPARMv8
6376	A64/simd_dp/float2int/FCVTPU_64S_float2int	fcvtpu	A64	32	0x9e2900c1	0x9e2900e2	0x9e29019f	2,1	fcvtpu	HasFPARMv8
6377	A64/simd_dp/float2int/FCVTMS_64S_float2int	fcvtms	A64	32	0x9e3000c1	0x9e3000e2	0x9e30019f	2,1	fcvtms	HasFPARMv8
6378	A64/simd_dp/float2int/FCVTMU_64S_float2int	fcvtmu	A64	32	0x9e3100c1	0x9e3100e2	0x9e31019f	2,1	fcvtmu	HasFPARMv8
6379	A64/simd_dp/float2int/FCVTZS_64S_float2int	fcvtzs	A64	32	0x9e3800c1	0x9e3800e2	0x9e38019f	2,1	fcvtzs	HasFPARMv8
6380	A64/simd_dp/float2int/FCVTZU_64S_float2int	fcvtzu	A64	32	0x9e3900c1	0x9e3900e2	0x9e39019f	2,1	fcvtzu	HasFPARMv8
6381	A64/simd_dp/float2int/FCVTNS_64D_float2int	fcvtns	A64	32	0x9e6000c1	0x9e6000e2	0x9e60019f	2,1	fcvtns	HasFPARMv8
6382	A64/simd_dp/float2int/FCVTNU_64D_float2int	fcvtnu	A64	32	0x9e6100c1	0x9e6100e2	0x9e61019f	2,1	fcvtnu	HasFPARMv8
6383	A64/simd_dp/float2int/SCVTF_D64_float2int	scvtf	A64	32	0x9e6200c1	0x9e6200e2	0x9e6203e7	2,1	scvtf	HasFPARMv8
6384	A64/simd_dp/float2int/UCVTF_D64_float2int	ucvtf	A64	32	0x9e6300c1	0x9e6300e2	0x9e6303e7	2,1	ucvtf	HasFPARMv8
6385	A64/simd_dp/float2int/FCVTAS_64D_float2int	fcvtas	A64	32	0x9e6400c1	0x9e6400e2	0x9e64019f	2,1	fcvtas	HasFPARMv8
6386	A64/simd_dp/float2int/FCVTAU_64D_float2int	fcvtau	A64	32	0x9e6500c1	0x9e6500e2	0x9e65019f	2,1	fcvtau	HasFPARMv8
6387	A64/simd_dp/float2int/FMOV_64D_float2int	fmov	A64	32	0x9e6600c1	0x9e6600e2	0x9e66019f	2,1	fmov	HasFPARMv8
6388	A64/simd_dp/float2int/FMOV_D64_float2int	fmov	A64	32	0x9e6700c1	0x9e6700e2	0x9e6703e7	2,1	fmov	HasFPARMv8
6389	A64/simd_dp/float2int/FCVTPS_64D_float2int	fcvtps	A64	32	0x9e6800c1	0x9e6800e2	0x9e68019f	2,1	fcvtps	HasFPARMv8
6390	A64/simd_dp/float2int/FCVTPU_64D_float2int	fcvtpu	A64	32	0x9e6900c1	0x9e6900e2	0x9e69019f	2,1	fcvtpu	HasFPARMv8
6391	A64/simd_dp/float2int/FCVTMS_64D_float2int	fcvtms	A64	32	0x9e7000c1	0x9e7000e2	0x9e70019f	2,1	fcvtms	HasFPARMv8
6392	A64/simd_dp/float2int/FCVTMU_64D_float2int	fcvtmu	A64	32	0x9e7100c1	0x9e7100e2	0x9e71019f	2,1	fcvtmu	HasFPARMv8
6393	A64/simd_dp/float2int/FCVTZS_64D_float2int	fcvtzs	A64	32	0x9e7800c1	0x9e7800e2	0x9e78019f	2,1	fcvtzs	HasFPARMv8
6394	A64/simd_dp/float2int/FCVTZU_64D_float2int	fcvtzu	A64	32	0x9e7900c1	0x9e7900e2	0x9e79019f	2,1	fcvtzu	HasFPARMv8
6397	A64/simd_dp/float2int/FCVTNS_64H_float2int	fcvtns	A64	32	0x9ee000c1	0x9ee000e2	0x9ee0019f	2,1	fcvtns	HasFullFP16
6398	A64/simd_dp/float2int/FCVTNU_64H_float2int	fcvtnu	A64	32	0x9ee100c1	0x9ee100e2	0x9ee1019f	2,1	fcvtnu	HasFullFP16
6399	A64/simd_dp/float2int/SCVTF_H64_float2int	scvtf	A64	32	0x9ee200c1	0x9ee200e2	0x9ee203e7	2,1	scvtf	HasFullFP16
6400	A64/simd_dp/float2int/UCVTF_H64_float2int	ucvtf	A64	32	0x9ee300c1	0x9ee300e2	0x9ee303e7	2,1	ucvtf	HasFullFP16
6401	A64/simd_dp/float2int/FCVTAS_64H_float2int	fcvtas	A64	32	0x9ee400c1	0x9ee400e2	0x9ee4019f	2,1	fcvtas	HasFullFP16
6402	A64/simd_dp/float2int/FCVTAU_64H_float2int	fcvtau	A64	32	0x9ee500c1	0x9ee500e2	0x9ee5019f	2,1	fcvtau	HasFullFP16
6403	A64/simd_dp/float2int/FMOV_64H_float2int	fmov	A64	32	0x9ee600c1	0x9ee600e2	0x9ee6019f	2,1	fmov	HasFullFP16
6404	A64/simd_dp/float2int/FMOV_H64_float2int	fmov	A64	32	0x9ee700c1	0x9ee700e2	0x9ee703e7	2,1	fmov	HasFullFP16
6405	A64/simd_dp/float2int/FCVTPS_64H_float2int	fcvtps	A64	32	0x9ee800c1	0x9ee800e2	0x9ee8019f	2,1	fcvtps	HasFullFP16
6406	A64/simd_dp/float2int/FCVTPU_64H_float2int	fcvtpu	A64	32	0x9ee900c1	0x9ee900e2	0x9ee9019f	2,1	fcvtpu	HasFullFP16
6407	A64/simd_dp/float2int/FCVTMS_64H_float2int	fcvtms	A64	32	0x9ef000c1	0x9ef000e2	0x9ef0019f	2,1	fcvtms	HasFullFP16
6408	A64/simd_dp/float2int/FCVTMU_64H_float2int	fcvtmu	A64	32	0x9ef100c1	0x9ef100e2	0x9ef1019f	2,1	fcvtmu	HasFullFP16
6409	A64/simd_dp/float2int/FCVTZS_64H_float2int	fcvtzs	A64	32	0x9ef800c1	0x9ef800e2	0x9ef8019f	2,1	fcvtzs	HasFullFP16
6410	A64/simd_dp/float2int/FCVTZU_64H_float2int	fcvtzu	A64	32	0x9ef900c1	0x9ef900e2	0x9ef9019f	2,1	fcvtzu	HasFullFP16
6459	A64/simd_dp/floatdp1/FMOV_S_floatdp1	fmov	A64	32	0x1e2040c1	0x1e2040e2		2,1	fmov	HasFPARMv8
6460	A64/simd_dp/floatdp1/FABS_S_floatdp1	fabs	A64	32	0x1e20c0c1	0x1e20c0e2		2,1	fabs	HasFPARMv8
6461	A64/simd_dp/floatdp1/FNEG_S_floatdp1	fneg	A64	32	0x1e2140c1	0x1e2140e2		2,1	fneg	HasFPARMv8
6462	A64/simd_dp/floatdp1/FSQRT_S_floatdp1	fsqrt	A64	32	0x1e21c0c1	0x1e21c0e2		2,1	fsqrt	HasFPARMv8
6463	A64/simd_dp/floatdp1/FCVT_DS_floatdp1	fcvt	A64	32	0x1e22c0c1	0x1e22c0e2		2,1	fcvt	HasFPARMv8
6464	A64/simd_dp/floatdp1/FCVT_HS_floatdp1	fcvt	A64	32	0x1e23c0c1	0x1e23c0e2		2,1	fcvt	HasFPARMv8
6465	A64/simd_dp/floatdp1/FRINTN_S_floatdp1	frintn	A64	32	0x1e2440c1	0x1e2440e2		2,1	frintn	HasFPARMv8
6466	A64/simd_dp/floatdp1/FRINTP_S_floatdp1	frintp	A64	32	0x1e24c0c1	0x1e24c0e2		2,1	frintp	HasFPARMv8
6467	A64/simd_dp/floatdp1/FRINTM_S_floatdp1	frintm	A64	32	0x1e2540c1	0x1e2540e2		2,1	frintm	HasFPARMv8
6468	A64/simd_dp/floatdp1/FRINTZ_S_floatdp1	frintz	A64	32	0x1e25c0c1	0x1e25c0e2		2,1	frintz	HasFPARMv8
6469	A64/simd_dp/floatdp1/FRINTA_S_floatdp1	frinta	A64	32	0x1e2640c1	0x1e2640e2		2,1	frinta	HasFPARMv8
6470	A64/simd_dp/floatdp1/FRINTX_S_floatdp1	frintx	A64	32	0x1e2740c1	0x1e2740e2		2,1	frintx	HasFPARMv8
6471	A64/simd_dp/floatdp1/FRINTI_S_floatdp1	frinti	A64	32	0x1e27c0c1	0x1e27c0e2		2,1	frinti	HasFPARMv8
6472	A64/simd_dp/floatdp1/FRINT32Z_S_floatdp1	frint32z	A64	32	0x1e2840c1	0x1e2840e2		2,1	frint32z	HasFRInt3264
6473	A64/simd_dp/floatdp1/FRINT32X_S_floatdp1	frint32x	A64	32	0x1e28c0c1	0x1e28c0e2		2,1	frint32x	HasFRInt3264
6474	A64/simd_dp/floatdp1/FRINT64Z_S_floatdp1	frint64z	A64	32	0x1e2940c1	0x1e2940e2		2,1	frint64z	HasFRInt3264
6475	A64/simd_dp/floatdp1/FRINT64X_S_floatdp1	frint64x	A64	32	0x1e29c0c1	0x1e29c0e2		2,1	frint64x	HasFRInt3264
6476	A64/simd_dp/floatdp1/FMOV_D_floatdp1	fmov	A64	32	0x1e6040c1	0x1e6040e2		2,1	fmov	HasFPARMv8
6477	A64/simd_dp/floatdp1/FABS_D_floatdp1	fabs	A64	32	0x1e60c0c1	0x1e60c0e2		2,1	fabs	HasFPARMv8
6478	A64/simd_dp/floatdp1/FNEG_D_floatdp1	fneg	A64	32	0x1e6140c1	0x1e6140e2		2,1	fneg	HasFPARMv8
6479	A64/simd_dp/floatdp1/FSQRT_D_floatdp1	fsqrt	A64	32	0x1e61c0c1	0x1e61c0e2		2,1	fsqrt	HasFPARMv8
6480	A64/simd_dp/floatdp1/FCVT_SD_floatdp1	fcvt	A64	32	0x1e6240c1	0x1e6240e2		2,1	fcvt	HasFPARMv8
6481	A64/simd_dp/floatdp1/BFCVT_BS_floatdp1	bfcvt	A64	32	0x1e6340c1	0x1e6340e2		2,1	bfcvt	HasBF16,HasNEONorSME
6482	A64/simd_dp/floatdp1/FCVT_HD_floatdp1	fcvt	A64	32	0x1e63c0c1	0x1e63c0e2		2,1	fcvt	HasFPARMv8
6483	A64/simd_dp/floatdp1/FRINTN_D_floatdp1	frintn	A64	32	0x1e6440c1	0x1e6440e2		2,1	frintn	HasFPARMv8
6484	A64/simd_dp/floatdp1/FRINTP_D_floatdp1	frintp	A64	32	0x1e64c0c1	0x1e64c0e2		2,1	frintp	HasFPARMv8
6485	A64/simd_dp/floatdp1/FRINTM_D_floatdp1	frintm	A64	32	0x1e6540c1	0x1e6540e2		2,1	frintm	HasFPARMv8
6486	A64/simd_dp/floatdp1/FRINTZ_D_floatdp1	frintz	A64	32	0x1e65c0c1	0x1e65c0e2		2,1	frintz	HasFPARMv8
6487	A64/simd_dp/floatdp1/FRINTA_D_floatdp1	frinta	A64	32	0x1e6640c1	0x1e6640e2		2,1	frinta	HasFPARMv8
6488	A64/simd_dp/floatdp1/FRINTX_D_floatdp1	frintx	A64	32	0x1e6740c1	0x1e6740e2		2,1	frintx	HasFPARMv8
6489	A64/simd_dp/floatdp1/FRINTI_D_floatdp1	frinti	A64	32	0x1e67c0c1	0x1e67c0e2		2,1	frinti	HasFPARMv8
6490	A64/simd_dp/floatdp1/FRINT32Z_D_floatdp1	frint32z	A64	32	0x1e6840c1	0x1e6840e2		2,1	frint32z	HasFRInt3264
6491	A64/simd_dp/floatdp1/FRINT32X_D_floatdp1	frint32x	A64	32	0x1e68c0c1	0x1e68c0e2		2,1	frint32x	HasFRInt3264
6492	A64/simd_dp/floatdp1/FRINT64Z_D_floatdp1	frint64z	A64	32	0x1e6940c1	0x1e6940e2		2,1	frint64z	HasFRInt3264
6493	A64/simd_dp/floatdp1/FRINT64X_D_floatdp1	frint64x	A64	32	0x1e69c0c1	0x1e69c0e2		2,1	frint64x	HasFRInt3264
6494	A64/simd_dp/floatdp1/FMOV_H_floatdp1	fmov	A64	32	0x1ee040c1	0x1ee040e2		2,1	fmov	HasFullFP16
6495	A64/simd_dp/floatdp1/FABS_H_floatdp1	fabs	A64	32	0x1ee0c0c1	0x1ee0c0e2		2,1	fabs	HasFullFP16
6496	A64/simd_dp/floatdp1/FNEG_H_floatdp1	fneg	A64	32	0x1ee140c1	0x1ee140e2		2,1	fneg	HasFullFP16
6497	A64/simd_dp/floatdp1/FSQRT_H_floatdp1	fsqrt	A64	32	0x1ee1c0c1	0x1ee1c0e2		2,1	fsqrt	HasFullFP16
6498	A64/simd_dp/floatdp1/FCVT_SH_floatdp1	fcvt	A64	32	0x1ee240c1	0x1ee240e2		2,1	fcvt	HasFPARMv8
6499	A64/simd_dp/floatdp1/FCVT_DH_floatdp1	fcvt	A64	32	0x1ee2c0c1	0x1ee2c0e2		2,1	fcvt	HasFPARMv8
6500	A64/simd_dp/floatdp1/FRINTN_H_floatdp1	frintn	A64	32	0x1ee440c1	0x1ee440e2		2,1	frintn	HasFullFP16
6501	A64/simd_dp/floatdp1/FRINTP_H_floatdp1	frintp	A64	32	0x1ee4c0c1	0x1ee4c0e2		2,1	frintp	HasFullFP16
6502	A64/simd_dp/floatdp1/FRINTM_H_floatdp1	frintm	A64	32	0x1ee540c1	0x1ee540e2		2,1	frintm	HasFullFP16
6503	A64/simd_dp/floatdp1/FRINTZ_H_floatdp1	frintz	A64	32	0x1ee5c0c1	0x1ee5c0e2		2,1	frintz	HasFullFP16
6504	A64/simd_dp/floatdp1/FRINTA_H_floatdp1	frinta	A64	32	0x1ee640c1	0x1ee640e2		2,1	frinta	HasFullFP16
6505	A64/simd_dp/floatdp1/FRINTX_H_floatdp1	frintx	A64	32	0x1ee740c1	0x1ee740e2		2,1	frintx	HasFullFP16
6506	A64/simd_dp/floatdp1/FRINTI_H_floatdp1	frinti	A64	32	0x1ee7c0c1	0x1ee7c0e2		2,1	frinti	HasFullFP16
6507	A64/simd_dp/floatcmp/FCMP_S_floatcmp	fcmp	A64	32	0x1e262020	0x1e272040		1,1	fcmp	HasFPARMv8
6509	A64/simd_dp/floatcmp/FCMPE_S_floatcmp	fcmpe	A64	32	0x1e262030	0x1e272050		1,1	fcmpe	HasFPARMv8
6511	A64/simd_dp/floatcmp/FCMP_D_floatcmp	fcmp	A64	32	0x1e662020	0x1e672040		1,1	fcmp	HasFPARMv8
6513	A64/simd_dp/floatcmp/FCMPE_D_floatcmp	fcmpe	A64	32	0x1e662030	0x1e672050		1,1	fcmpe	HasFPARMv8
6515	A64/simd_dp/floatcmp/FCMP_H_floatcmp	fcmp	A64	32	0x1ee62020	0x1ee72040		1,1	fcmp	HasFullFP16
6517	A64/simd_dp/floatcmp/FCMPE_H_floatcmp	fcmpe	A64	32	0x1ee62030	0x1ee72050		1,1	fcmpe	HasFullFP16
6528	A64/simd_dp/floatdp2/FMUL_S_floatdp2	fmul	A64	32	0x1e2b08c1	0x1e2c08e2		2,1,1	fmul	HasFPARMv8
6529	A64/simd_dp/floatdp2/FDIV_S_floatdp2	fdiv	A64	32	0x1e2b18c1	0x1e2c18e2		2,1,1	fdiv	HasFPARMv8
6530	A64/simd_dp/floatdp2/FADD_S_floatdp2	fadd	A64	32	0x1e2b28c1	0x1e2c28e2		2,1,1	fadd	HasFPARMv8
6531	A64/simd_dp/floatdp2/FSUB_S_floatdp2	fsub	A64	32	0x1e2b38c1	0x1e2c38e2		2,1,1	fsub	HasFPARMv8
6532	A64/simd_dp/floatdp2/FMAX_S_floatdp2	fmax	A64	32	0x1e2b48c1	0x1e2c48e2		2,1,1	fmax	HasFPARMv8
6533	A64/simd_dp/floatdp2/FMIN_S_floatdp2	fmin	A64	32	0x1e2b58c1	0x1e2c58e2		2,1,1	fmin	HasFPARMv8
6534	A64/simd_dp/floatdp2/FMAXNM_S_floatdp2	fmaxnm	A64	32	0x1e2b68c1	0x1e2c68e2		2,1,1	fmaxnm	HasFPARMv8
6535	A64/simd_dp/floatdp2/FMINNM_S_floatdp2	fminnm	A64	32	0x1e2b78c1	0x1e2c78e2		2,1,1	fminnm	HasFPARMv8
6536	A64/simd_dp/floatdp2/FNMUL_S_floatdp2	fnmul	A64	32	0x1e2b88c1	0x1e2c88e2		2,1,1	fnmul	HasFPARMv8
6537	A64/simd_dp/floatdp2/FMUL_D_floatdp2	fmul	A64	32	0x1e6b08c1	0x1e6c08e2		2,1,1	fmul	HasFPARMv8
6538	A64/simd_dp/floatdp2/FDIV_D_floatdp2	fdiv	A64	32	0x1e6b18c1	0x1e6c18e2		2,1,1	fdiv	HasFPARMv8
6539	A64/simd_dp/floatdp2/FADD_D_floatdp2	fadd	A64	32	0x1e6b28c1	0x1e6c28e2		2,1,1	fadd	HasFPARMv8
6540	A64/simd_dp/floatdp2/FSUB_D_floatdp2	fsub	A64	32	0x1e6b38c1	0x1e6c38e2		2,1,1	fsub	HasFPARMv8
6541	A64/simd_dp/floatdp2/FMAX_D_floatdp2	fmax	A64	32	0x1e6b48c1	0x1e6c48e2		2,1,1	fmax	HasFPARMv8
6542	A64/simd_dp/floatdp2/FMIN_D_floatdp2	fmin	A64	32	0x1e6b58c1	0x1e6c58e2		2,1,1	fmin	HasFPARMv8
6543	A64/simd_dp/floatdp2/FMAXNM_D_floatdp2	fmaxnm	A64	32	0x1e6b68c1	0x1e6c68e2		2,1,1	fmaxnm	HasFPARMv8
6544	A64/simd_dp/floatdp2/FMINNM_D_floatdp2	fminnm	A64	32	0x1e6b78c1	0x1e6c78e2		2,1,1	fminnm	HasFPARMv8
6545	A64/simd_dp/floatdp2/FNMUL_D_floatdp2	fnmul	A64	32	0x1e6b88c1	0x1e6c88e2		2,1,1	fnmul	HasFPARMv8
6546	A64/simd_dp/floatdp2/FMUL_H_floatdp2	fmul	A64	32	0x1eeb08c1	0x1eec08e2		2,1,1	fmul	HasFullFP16
6547	A64/simd_dp/floatdp2/FDIV_H_floatdp2	fdiv	A64	32	0x1eeb18c1	0x1eec18e2		2,1,1	fdiv	HasFullFP16
6548	A64/simd_dp/floatdp2/FADD_H_floatdp2	fadd	A64	32	0x1eeb28c1	0x1eec28e2		2,1,1	fadd	HasFullFP16
6549	A64/simd_dp/floatdp2/FSUB_H_floatdp2	fsub	A64	32	0x1eeb38c1	0x1eec38e2		2,1,1	fsub	HasFullFP16
6550	A64/simd_dp/floatdp2/FMAX_H_floatdp2	fmax	A64	32	0x1eeb48c1	0x1eec48e2		2,1,1	fmax	HasFullFP16
6551	A64/simd_dp/floatdp2/FMIN_H_floatdp2	fmin	A64	32	0x1eeb58c1	0x1eec58e2		2,1,1	fmin	HasFullFP16
6552	A64/simd_dp/floatdp2/FMAXNM_H_floatdp2	fmaxnm	A64	32	0x1eeb68c1	0x1eec68e2		2,1,1	fmaxnm	HasFullFP16
6553	A64/simd_dp/floatdp2/FMINNM_H_floatdp2	fminnm	A64	32	0x1eeb78c1	0x1eec78e2		2,1,1	fminnm	HasFullFP16
6554	A64/simd_dp/floatdp2/FNMUL_H_floatdp2	fnmul	A64	32	0x1eeb88c1	0x1eec88e2		2,1,1	fnmul	HasFullFP16
6558	A64/simd_dp/floatdp3/FMADD_S_floatdp3	fmadd	A64	32	0x1f0b40c1	0x1f0c44e2		2,1,1,1	fmadd	HasFPARMv8
6559	A64/simd_dp/floatdp3/FMSUB_S_floatdp3	fmsub	A64	32	0x1f0bc0c1	0x1f0cc4e2		2,1,1,1	fmsub	HasFPARMv8
6560	A64/simd_dp/floatdp3/FNMADD_S_floatdp3	fnmadd	A64	32	0x1f2b40c1	0x1f2c44e2		2,1,1,1	fnmadd	HasFPARMv8
6561	A64/simd_dp/floatdp3/FNMSUB_S_floatdp3	fnmsub	A64	32	0x1f2bc0c1	0x1f2cc4e2		2,1,1,1	fnmsub	HasFPARMv8
6562	A64/simd_dp/floatdp3/FMADD_D_floatdp3	fmadd	A64	32	0x1f4b40c1	0x1f4c44e2		2,1,1,1	fmadd	HasFPARMv8
6563	A64/simd_dp/floatdp3/FMSUB_D_floatdp3	fmsub	A64	32	0x1f4bc0c1	0x1f4cc4e2		2,1,1,1	fmsub	HasFPARMv8
6564	A64/simd_dp/floatdp3/FNMADD_D_floatdp3	fnmadd	A64	32	0x1f6b40c1	0x1f6c44e2		2,1,1,1	fnmadd	HasFPARMv8
6565	A64/simd_dp/floatdp3/FNMSUB_D_floatdp3	fnmsub	A64	32	0x1f6bc0c1	0x1f6cc4e2		2,1,1,1	fnmsub	HasFPARMv8
6566	A64/simd_dp/floatdp3/FMADD_H_floatdp3	fmadd	A64	32	0x1fcb40c1	0x1fcc44e2		2,1,1,1	fmadd	HasFullFP16
6567	A64/simd_dp/floatdp3/FMSUB_H_floatdp3	fmsub	A64	32	0x1fcbc0c1	0x1fccc4e2		2,1,1,1	fmsub	HasFullFP16
6568	A64/simd_dp/floatdp3/FNMADD_H_floatdp3	fnmadd	A64	32	0x1feb40c1	0x1fec44e2		2,1,1,1	fnmadd	HasFullFP16
6569	A64/simd_dp/floatdp3/FNMSUB_H_floatdp3	fnmsub	A64	32	0x1febc0c1	0x1fecc4e2		2,1,1,1	fnmsub	HasFullFP16
