binding_set_id	first_binding	binding_count	digest
0	0	12	13ceb28cca705d9cd169e00dda5b56bc319ef3adb31e0e99170d18ef52e13409
1	12	9	1cce4f67504644a0fe0cc2bd225fe92a126721f98425cc99463337907664ad32
2	21	10	0c63b9a65258320cebafeb8d297b965af33bad4ba266779cdc4e9e10abf56585
3	31	13	a528a49b0f0c5594b011bb2a1609bccbd1e4f4afe588909d33ddea698989e20d
4	44	9	591717cd1ca8ea0c623c2caa2bf4b25f4468076623f3c0d142855992b3cff312
5	53	12	481db82a1e647eaa5117298431f8f902415dea753ccb79e8b58212f074e67d5f
6	65	11	b43ca074aef7942f1c7fde64a9d3a2d99ca59b63e4cb078e66a970f86a21ce81
7	76	11	e399e5751999d37f8b5d3ab2e1a624b50c7ffcbb8dfacba966aff5a0035c5512
8	87	12	aed7a166f3847fc726c394775b7c7efd99475e614e063caa0669536a2c9057e9
9	99	11	80a518e10d1980991351fd690d3241132cf813936f49fd4a5a9659e40e69ca4a
10	110	7	40ea4dc39931854b3e24b225a1f7a8e88ddcf91d83ff9a923367ec173592bafa
11	117	12	91cb354016ac3be66b32c65361e92115a3080c4df9b258e809fb1af6a5974ff2
12	129	6	81042354d6310f03715171e9b94b90a919872b98420386bf4ba7e5748540e5d8
13	135	9	2934a92deee4d9e7a2fc4e36e1d8dca70d030dc68df952e0b3be5bd9a0bff4ca
14	144	9	cb0770e9c9eda63d5e5f830fca1fcbed10942f946be3035360e8dfc03548b43e
15	153	9	ec88da36250ee39f8556a094bdb592288aefb133c544f39973e5119353be7f55
16	162	9	c8e3f91a893fe60221ebaee0639e6ad82caeffe1dc59d23e5d60150d87619fe2
17	171	9	a1801a38621fef60c9e6205d955dd88fe0142ea6eb99aa005e03f19673d23797
18	180	15	aa5d2ec5f1146d4f30075ce8ffa9cac2e2ae5b584a229084be6b26d4a76ca95a
19	195	15	0d9421d61063e9cf2205ac53fdcef58045a240235c3e63673475aebddc5d3f7b
20	210	16	8bccc6e4273c844fca3aaa0c6ad2346b8bb8dfc8d814fd8b5d82de04c55bddea
21	226	15	a08b772dc74cef4bab49ccf540ae5da1064e12111f2a1f4e77bd22c3c24cc04e
22	241	10	a59e2ddb32b2164e5bec157f764d1dd68bdcd01b34302f7393d0e5637a02bdd3
23	251	11	302cf1d4c0aef63e42e3f1eb60fe4a3ec2269a08353880427ac5afc0c65c5435
24	262	8	71eed97faf9bea210d2655ef5c57d497e30bba68dc15108e0c8fc5d1903e339b
25	270	8	173f32359956b56ffc0bc85c703711570c02d67af2441e95b4660dd8210477e2
26	278	15	81ac34d946b58cea025e04bc6c4a9cde5dc41d12de2912909d7c89409bcbe79e
27	293	13	4760785a431f8f7ba252c0157a17cd90ad9c3ef34e9f19d680d8518b71948d87
28	306	12	95afea257acad9792c831991307c347d0d22b339eb917a2374485ecb948c1f0b
29	318	12	c956c1f55de9bf7e005444ac5b3735199ac2d448e2271182157f2085dab170d0
30	330	9	b364465fb70d1805fcecddd6653a3bc560b2a1dcdd849b4157d9a7e259e35f04
31	339	11	f4ac4dabee39a82385b83a6fcf5c61fe84b66d7918f89bd040a43f897addccbb
32	350	13	8cded9d33b66c4c8ab88f09dd1b2e7cd7717e0224fe6935fac101c3eb1520eef
33	363	13	edf8a7dea14877443ed76affe08b713cfd979f307db046d8ebf95ffce3864058
34	376	11	11fc4871335f130767c4879aaa2cbc1978101cc3e742df92367f0953dc9b312f
35	387	11	30b4e067876b46ccd1ac3887e365d8fe2bc00eb240a8b5d4e6e2d680cd9b8667
36	398	11	24de0da8f78850cc2bccd96fbf6bb6d4c75ec5c58502158d26d997a77c1eb9a1
37	409	11	86ee223ce2fd91f6aa1efb540c2ad59a088be193934600fa693d66d378c7bc5d
38	420	9	5fb513fe1983414c779a3af4c706c4fc89a87a967c80370239f851a7c2db748b
39	429	8	539558fbcbc5e379625d9dbd9eddb8bb9eaabe8d65cabb1dcda07cb323281b37
40	437	7	26c3dd2d37e21dde291023c04828d17a147ebf5e6eb625945ae000d4e10f4a4e
41	444	7	51eca3ffffa7d8362537174d72ca66ce9c496572666f8fd6f348c7e1e3009d0e
42	451	7	37cdaf4465a32d4301482dc6a04f72c86f47b73c58e2492f46a56ee60e11b44e
43	458	6	8a32425a4949d4b5bebedf4f634e657726f0997f00030afff3f2523bb26de9b6
44	464	6	92eaa5074a5bb261d4e99ef6085773af8213b7d17ed973d4f7f61423f9f78ee6
45	470	5	ebcb9e24c14d54b4c5bf8d0520adc7ed129b610f22b5d34b47a693dd75369131
46	475	11	0ec159e9b0f26a240fb1d64335b919bcea836c9555838e494e9717a9929b7416
47	486	9	3723803cff32e849c833cb497aa7969cb65aa515937e22dbd3f076592346cb9a
48	495	9	1370a4b9a624b80118b251e4595da80ee1b93c2152ad5344a23f51a5c0a3ad59
49	504	11	4904b90fee2b89c34974bdc5af79b2bd57808b1f41f736a5dc08a9062b09d379
50	515	10	5f1d3e7a83e66f92a31e27a7a7e6f01448eeff3400704fa2b54bc9edfbf2bb9f
51	525	9	7f40aa93d855a84125fdd2cda4dfb5ad52759e644566a84096209bcfe6359670
52	534	10	816c1b128b275913530ca67cd6b91cf87bb8a86944676b2210eb7682419e11be
53	544	10	e41ac11e780ed226e43ddc4171f0b50ccd101afaa6bfe9d9be2f9f60aa701dd8
54	554	11	0ecb385ea09b081cbc0ceaf267edb2bcd20066d0f8a0d95ee7bab269ec6d6d9c
55	565	10	78fcde8d7728036b037142163ffa51f590d00ff644586fa4162ca076b7ab7053
56	575	13	72eed7dc5b4c02fb05d926b53099c2f94bf135b94769cc64da4e0c1b2bc25bd6
57	588	13	040be87613e719cae56a2f5528389c6644b5a331e7a0b396d3a88186c5dbc7f9
58	601	14	24af8e63a03d9deb78a32df4a05542a5ca16cc0a27af284a4d4eb9d4252748ca
59	615	13	9f13705567fb51ed5f05da40c32f90cfcd99ed0e8fbb58d3589afce0b1b82f61
60	628	16	95527f30dbc6f5c6cc26b9bcdc064975ed4e089cab4a2e783bac1d0c43d6e17c
61	644	15	095ac4eba16071ea090d0cc09fc864d4b9404480ad37bd5ae143fc6bedd0d3ba
62	659	15	cc04901faa919eee8c2685b47adbf484d448e66a599e0fd983ed6f10ae46a89b
63	674	14	e7c58955052930f4f607805c4d1e4f7703d4c087ccef46399ca75ac9b8d609d4
64	688	14	07586036c6f6cbc0472bb0e155432b1bcdbfc49808201f548392b308da99d044
65	702	13	8a6c841910b268386a6b7e122cb90e883bf74b7824b965a64d8a26f1d5fc8257
66	715	13	006047aa5e585cebc24b3ca7f3406d9ceba403b383d132723760c238948049e5
67	728	13	8a7b36b47c0ce485765271158bbdc6514660ebbc372c81087678c995547c47a5
68	741	12	680a2be8f33ffdd147587cfbce3519f007473858c2858b20588f606368bd841a
69	753	12	528c29d5b44d4a23a85869de1546503cdba8e69434e6e72abdc9c865d34796aa
70	765	11	ec7fccd5f8f4c6aebb5c777a1c2e1406d2128eca9774a465db80f1ca64f7edd3
71	776	11	63aaa4f939e1de68c65d817280cef716077400f19e1b510ef447f2c950aadd22
72	787	11	baa98748e7084aa6030427e92e486fa4ec79976faab0126d1ade8569412263d9
73	798	11	7bd3f4b43772e8507da678f84b2b095afab35bbca14e57b1a50a4e230cf396b5
74	809	15	3b402df4426ca6a1f8376fdc2efaaf7b62a967a70aed9cce12b9973c8fc8f971
75	824	15	f657bd8be13642e870b79b62edb4d81dde55753cee12f08d10b76c87cad1098a
76	839	14	61108e928dc6388318039ae7f9d669614a5352c99b1be37140a8e765cc1977d8
77	853	13	1b099b9659f6c848af32507ff8aa63aef4f53f9f7b8996aa57ca4f8db0b11104
78	866	16	40adb0cbc2fb7d65cf10075f9efd8dc0791b753d572ae6c5a6f771de5db99575
79	882	16	36a736bae9c94bc8bfa870ebe546680f958a187ea56050a2fc7536f983bc20c1
80	898	15	cebf8a6fe2f0210073c00a31cd8b46c8c5824336fd80fa7b5d310ff34b159f9f
81	913	14	114b4b2f31ebed837efe4dd5c0a59ad97b66409178a0975ffef9851de66a2dc1
82	927	16	817a6013ee2eadd1c41d00d28a53fd11d8b29acd6f67158a212c5945ceea0f7c
83	943	15	f961719c688777dbbe15f7ef626fc2d07e87be5bb614a375f3ddec692278c80d
84	958	15	f0b2f42b903fddfe2e03b8732586f7e561015f01884e8c050272b97388d78439
85	973	14	4d89040bd06396c832a5af81659198c51c89a3fecdb9abeb7726c8a74fc1c8db
86	987	15	f1bb5625f6118e3377eeff305fd6fb4be92ea396f6ba45baddb4686d7283ea29
87	1002	14	40864c2818f3d0ddf64322f0ba13bb5f1218f42bc252130212a822838ae12555
88	1016	14	8cc893ed50ebefcf6ed733ce99a962d967dfdaaa87234fc102249e1e32720d80
89	1030	13	1a7541b8669c312d7798701a47b6de368544cc2891d6be6999b26248b6b64fe0
90	1043	16	2edfb4f200defee1bc44ebf0f688aeb44c15a9227623721bf973046aff0e47b1
91	1059	17	1299767d22b1f2a60c034344422b0133da6324bf3126245688b712432bfa55dc
92	1076	17	d404bec20b3aadf6c8811b884719b5dce43aada189c024c72e3af76abce3da0b
93	1093	15	9bd8220d7654ac4041aad7db84927a350dcf2b6746bf62a460c52b0181a1f538
94	1108	16	e096145810a68b5c5df75f6da60bf0980dc13c7dd558424f59652736d0b14c82
95	1124	16	a1db2bb24986929b227890ca8cf517f4be5015931dfad2155fb14da191f731ea
96	1140	17	9ee8a77a5a9a9377e8506d31ec2e93613b7cf3b111a3ae01db406b2b2542751f
97	1157	16	d48ba7662c9bec7a06a3b3859489392c2a1e55e0fbd7ecf61b99ebc1ea9c60ac
98	1173	16	d93d81aef32fc3cd6c5c8fba6beb6141761e3ffc9e3a0b09043d2dfb2985c0e6
99	1189	15	a4c8c6533bf15d4c8e9dc79c44fd263d39b31efc3756da92b7fdf0b6dd68e2fb
100	1204	15	c157c02561ff4298b273b96d40b932e545503906f56e8514cf1436b7562c8f66
101	1219	16	d9b9c8e80808aab9c864f14f4d4e260f13fd8029eca5f59852bcdb2322f6e7b8
102	1235	15	64f57091415ec11428de809bd753a41e5ca5c9ddcce559ba3538ecfd671215b4
103	1250	15	9af58c372831e3734fba9e3fb1970b6bb6b911cba330c305d3f1a8c41ea9374d
104	1265	15	b8da15ead350beb6e2cd4d8283680a2d95bc7e57e6770da6e09eafefac835b36
105	1280	15	c7a75de8016daaa67772b831dcf3bce25b2d941cba8abd31207b4472a5e49975
106	1295	14	34783908e1ca75bd2f08e8f4c3b7cdd1fe0e7acb1f44a0d3e05a637afad9dfbf
107	1309	16	1d65df246141ac64fa3d28620a8090a2e802fe1941f3529abbe5f3257d023db7
108	1325	17	316107f6e3bf70fff17b86d144d9ece06be7e228dd01167b273e46ef71a136b2
109	1342	16	093a28d580e589ca3522d850785aaf5afadbe065d7d89240214921d056a5fb0d
110	1358	16	50f5bdbdf8a9f448406ff3507a64a9092fc6985948bfddd4fe67c65845696701
111	1374	16	8d0e34bd0323a40a927a5ac3746859764f8571e42326fe4caae83d5695c587f4
112	1390	16	2861694722aa3b0f65144ade112d0cc317409425f34d1cf52db45471578873de
113	1406	15	b55974d8d7f1b25ffd6f57a068c6b580f773c5134a0522aeda70a332f478408e
114	1421	15	cbc1a022907cf4480e5cf4eaa60b9fcaa47a3286681cf5b42ec5e65f589fb803
115	1436	15	b94439ba350c34cd268c88877a2f3b99fe95e246dadcd6bdbc85aa6bc7c99a9c
116	1451	15	0293497b6f6bb4b9f950cc44bbec73b3d89c9e428b20eb84c4c17a1956be3409
117	1466	14	9b20f71bfae46fe9da53803fa2f223b39698c481835bf507311abef36131344b
118	1480	14	6d1be0e5fdc87faf05372dcb58389b4dad038eba4355979dfa970978cdc2ba37
119	1494	14	71b6de95c37804f2aa26c7a8a8d4ebf053139a2d1bfc9d2e0f3cfb81cb81c81c
120	1508	13	3c3519b55a3a9cf5654d05898e36e545bb3578d801a12e29d634341071c5c03a
121	1521	12	cbf99e7b4bd11cf93812088d11faea76e427c8d319fab9e869b10cceb2806619
122	1533	15	d5baf1e957fad4cfd095c7749e6a912de2ad49972940eebed1b01a0cab10fe74
123	1548	15	d9c47705c3dc23aba6f30e1044753bd9c50762d63f88a6fbb34f01627a3a02a0
124	1563	14	6400999085b3a75a331d71451490c6a312723b2d073fdb88ab2897732d7209a9
125	1577	14	14edc5deedc4e4b52ff7757550b830f5ffb1239fc4c53fae18f1cf0526810dca
126	1591	14	f9972412d326468eaa8e70e5b3434631b7035359a3ca91ac0ae8471b4df9a11c
127	1605	13	0a20f016a1f3c70d048c180f08309f6e0135e5da1c4916b64dd931409dc29730
128	1618	15	0b1e6f831bc0fdfe02a86d28d91047894c3d350b497a0cee3f3c4a06701d1a68
129	1633	14	18198b49b902f5afc2cf542fdef4395c860536b16dd577f55047cbbbbc734a00
130	1647	13	c71ad12fcc3ce02b4e6a4cf6d264025d96a73a18b8fae1a4a855e7753eb1ec14
131	1660	15	c27b5a5a7735484ee8d2cfde318400cd0d0e36ee8c58a58f7e8ac6bc345dcd32
132	1675	14	45e8062bf30f6fec1b6efe024d99d4ed94e07ed5cb658ce8de5319bbe8ed4b66
133	1689	15	c2f4fed72d948c002d6489cf257e8fe03c4043164101f1ab375137fa55e54ae8
134	1704	12	f9a0f3fa1dce46ae9eaf780d0802a7bf1fb51dbc673b5b05e86693e3a273c556
135	1716	15	a2bbcdfd8448c11d3d83987f003feeb890b2af07d0c690e3d8c6afe444d1be58
136	1731	14	e20ddd2bb747e3d72a16d80e670187d71060d64ae1fc2a437e2d295fb34402b3
137	1745	14	78f089d3a247ac3374acd15e82b6b498e87684aada15986924e3871f144c23f2
138	1759	15	639ccdf7c58f70b5831e214e34ce9aa15aba0fff05155d9cee463d806d38971e
139	1774	14	609ef514c8e9cf2509d35df764d392515a63809489df3044bb647956195873b2
140	1788	12	00202230d2966a3627996898c6300a56a83a7b96cc53c57e8da388d491bbc7da
141	1800	14	636bf6ab933332da584fa7cd3499e39eec7f48549fb0de13a9e94047fa076752
142	1814	14	1064c9f37b18b25df2e2597f2e5ae99eaf033dbf5228782ed35e4468551e84ef
143	1828	14	114a757c08eef8cc18a10ea17aab44fbc3772beab28a830b64c375b3cc5a8b80
144	1842	14	ce1a3b401750be3e2e0b596649d7035d0b3ddb0db4e08f52f3497877f39cb251
145	1856	14	5889f68a8e2ddc05ba2d0153c55fcccb81ceee86e43b07ef2fa263f7bd262561
146	1870	13	cf44cdcac859331ad48760bb3b687263b4a833d3a738429676705e463b435fb8
147	1883	11	94f8051af4fb280dd8173ce4aa22f6e6a4c7317bad518cd370f4f55e73c2c30b
148	1894	13	673bdb7f04977bd199b1934c3f437b2572d98b10d81a8d37c8f4bf01efe86595
149	1907	13	03fa41ce3616864f04da586b597c5bb623444a4e65d59ed766c327d4eb2480cf
150	1920	13	d073a4efb16620eecbdf3af143f82a92eca1728106a04aa4e2d50b2fd24321d2
151	1933	13	28f31dfeaad5fd46518e4f3dec3de51b63463bb01c0badbf8e3e31c1cc1c12bf
152	1946	13	db0e3f30d35bdec236dab22834e28deeea5cbf83b025238d69d109da966dfdbe
153	1959	12	5281a4e838f2b2e5ac583e52012ffad14d3a74f07d0160e7494fa3c38f1cb506
154	1971	14	caf91c2b7296dda807351af5337a0f5ee476927e86ab9a75138767831b41ba15
155	1985	13	2b80b4d3e6652a74ffdc6d32e4050d9d300b8101d7564ab56914da5da244f8c7
156	1998	13	1d0580a32bb3959dee42a231c0537f2c3e2b1dfdc31d78d438c7b8775e468b6b
157	2011	13	76cd03f0da30e47242539439a05d05372436b66effc08015b132a69901c0fda4
158	2024	15	9ba0a01aa98e99fd5e326589fbde7b21d626803b4add987932ca92f39792df91
159	2039	15	52d13b7b96e89312a853d35b2232a3f34ff18ea15f2955e6354dc014873dda64
160	2054	18	be129b160c528acca211ab56b8be5ef3cbd9882a949294870eecb2e142e03890
161	2072	18	2082ec1d61f313eb036966aaafc36d0a017457b8a590dd01cd6edfe98ee2d02d
162	2090	13	21cc3157d2d96fae03d6ee89c313ad48e87d83a08cc8e9b6890af331cc749a45
163	2103	12	8fbd26a04363cd329d7e189900190ebe42ccf19d548ce7d7f837761a31e471fc
164	2115	13	aaa0a7d3b3d1ddd00c7ff57927fe3b25830654e695331285635e5a5df693ab23
165	2128	13	67e7755a2eeb23fec06f9dc4b60cc869fe04f24c9187762e03819c6e8a870949
166	2141	12	673d36ad36015b51d0c806dca51557b49527868ab2c8419f77f0ad54debf7cb9
167	2153	12	a584805eae44155719b20867a847d775ceed4303707e1da3a40a13f48d5549ef
168	2165	11	7fed946de910dae225d69a3c203e925c7630098f1a18d46fd2e94bbb469d8208
169	2176	12	5b350ac479551e6e840f11a51f8781da3419d8f06773575224beac825c4ab60e
170	2188	9	ac98475885235f2e89ec51b7ff629f32362d7bd6d3b31980d5254741b41dd122
171	2197	9	5551d88c0672168390d107e77fe0a3af8cd35d31014f860fc308a5d9d88b02ed
172	2206	11	01ec817fe00137961f0aab3c8c2808a1305f380a84bc710e8a9396afb401b7a8
173	2217	8	61277d514181f47880eebe8fb3099c380efe58f49f02374b908c9c41f43776e4
174	2225	10	70f24b53e4d15e56fcfa830463add88df6bba58fe1fb4f9880300eb2440be3cd
175	2235	8	df44723a6e05e8d878557d04ede3348e0f047774353a986510779278a2298585
176	2243	12	f5209b0a3aef14aeb9ea2dd4fc6b1934747e4e1b14c7249fd5d9fd8395303f92
177	2255	12	002901347054b9991da6af4c26151ca29b9cb751cb7701b76a7c69d33133e73a
178	2267	11	ce63fd5963f7e3e31ce4341245c727837fa5ed1cb70e8fb19a248c075ddfd2e9
179	2278	10	ea386000e15cde15f5348138d652b1a341e3f88bf695266aa441d112b819edaa
180	2288	10	4d812e322940e890d66a987ba731d77f447e9cc812bf4c2cd8b4dd156b400a85
181	2298	12	f35c8f91545472646be8d824817b8d21c7a6ed6f298a2e7e1a2324e1a49e8825
182	2310	12	c718990999f4ba7ffb6b418350b6055c9658ed42c212582b27c6345454588c1f
183	2322	11	e854e168c498c3bd522de8801f6b12caf5afdbea045c06812e74b3e19a332d32
184	2333	7	83f12e2fbb459bf23e8dfd79e505d20267980bcbcccd775615cffe25f6b1ae84
185	2340	8	518917ec4e3ed53bbbc850640bff1ba7232189b45a83d9aa4ea8e1ada9827739
186	2348	12	f0eb0d71b5724b903dbedf17d287f2e983dbee7297efdcd0e1d8ebe2b5b4dd56
187	2360	12	48a6203409bf14eb830d33d250babe1adbe5ea0054341772ec047315babb11a6
188	2372	8	ae5eb3ba7330294866dfa524bf81ea613bb4aef38e7431e60c6ea1ee2b2634a6
189	2380	6	14155f1ace192483f7807d83a78760d0b5d37ca500ada39f3c324959cf888ec9
190	2386	5	8115d12eabde2039b3bdd35d7954275ac46061d413ca738447ac71b5ef82f8af
191	2391	13	52fd2e063e771b74bafba12cc70212ae181ad80b1076461e2e3442b3d82036b8
192	2404	14	b87ad897338eec2aabfc0d1f750c69e15d5a522f40fe943c9b1db5acdb66b1a1
193	2418	12	3d435d05fdef61aa2bac8a00508cca385413de90c7e0d94b89f65786b2eddb6d
194	2430	13	8f77683efa1e03eadd66daeb8616f724f5d2ad61695bfd54fe4125094542ddc8
195	2443	7	71148993a9a46b82b28ccb02c3984cc0be07e7e0d914008c98252c005af7a95b
196	2450	14	f2d575daaca9d7bd82e773792c6e449e3ce511467cf73c817dc43a3d0f6f0adf
197	2464	10	5557eaa19d90b542196471c66c18cf271474d5ffcfd7ee3011de38a7256a468a
198	2474	9	79e91a1edbb634c6c03b5d5946cd7315ff0a94c611a13e2c9c1a360ec674e856
199	2483	10	d48672d68b860f363f23a54b3361474fd8e5089c6a521e24bed9b08ae358b0e3
200	2493	15	04a1edc3e11a5ed6cd9f80c62abe7c789448b0a397aad8c3efb13c11793a4507
201	2508	16	3ccdc3889bda8689751b496cfb5b29869eae5fe987d7d8699eabf7b786b5ad18
202	2524	15	0d9b73fc99f7867d395b8cf9014b2679a59c240d0b9cf3bf2eb49d803e35890a
203	2539	16	199d8511c334ac4f94a8b2f9c4b42237a1f085ff5fefb935105676e9862edb51
204	2555	15	aaa0535717e05afa2d0d6f2d419c1fe420266dbbe42a49ac24249347898bb143
205	2570	15	76f3e6e84e5ad2adbac0b1c98b72a922720f3628723e8cadda2f60d4434d67f2
206	2585	15	774be88233c9993d1ce243f543865378e43658706b5b763d2ea3c4fcb3e03805
207	2600	15	72be23822b358d1ffaa5f2a280e62fd7afa163c54e7a2a3fe24db5a8dbccab8b
208	2615	14	33eb001c663cd1b4a7b410add7bad380e8290d50bdf955cd21dea4e50d96bbbe
209	2629	14	5ac4f22d549337bee60dd00e783f082eabaae787836b7c96160d25d477c594cc
210	2643	15	ffc715841811f31554133dc3d3b8b45aca51ea221775c73eebd31b5b2cf7372a
211	2658	14	4f2f4ee56c76ea6d79dda10e2ea0363cd3799438992acb42726810c22b3e7194
212	2672	14	d122b90e566dc7a70e4373941331e4d249c34ff7bc055176b8904b9ba230ccc3
213	2686	14	788807ac76f9fd7b626567bd49eca40902d827f2763a26b6502aabf93a1f8c08
214	2700	13	75da7a56c45ea7c9d059cb37fbcbf9718d6462e7738224537b3d436434b77c9c
215	2713	9	753db5b58d88073a4456522d49c6390a1824bb63c8120fc7c8b221809ebafa4c
216	2722	7	e492bde41b3a5d07fd7a15b4d61b9e969302babe3717d470909d40d96c4ab740
217	2729	9	46aed5a00e817ccbf469328f52510782c31561b19eb4f3cc884f45e405918cff
218	2738	10	fe81d7cc0ed683623630bc926839d23e13c4de06a6e094ea16648da8266af24e
219	2748	10	c6ea7108f34b3c242f61aad552f57517db0183f30ebcae372d42316cbe939c4b
220	2758	5	80cf6c25ef9a01c62381632d70952efa4e636533ab4580c5817674519687c6f3
221	2763	7	ecdc424009d1ea989217cb1265dea1e1a84f04a60045035d8c8db003686c954b
222	2770	10	8b4761cfaaca9a843ceacf73f38f86aefcefdb8cbd3db520ba2fdc4efe1c6092
223	2780	12	8062369b455cfba6df2bfbe9218ed5e8d29962b206685b0afa1771aa54db5cdc
224	2792	11	9cf1d29ccc1a859ae45f8a57441bc99954c2b75b23092f10d7c88b94f2a558de
225	2803	13	7be3bcc85807a1e3f39a23f82ea0e93a4d362674889bc6ae040070ecc6c042ab
226	2816	12	513fc81de747b2122aa5a240e5731d05bdca0660a4558637edade18161c77c20
227	2828	14	74919fbd188918e13293a1e707def55c4b51ce743fadadb562316d7f49bcd75b
228	2842	13	b01bf564748e949069ac0584dca52ada6a25fe96cf8818bb5b86a8bb0613c8a7
229	2855	12	c5ba4e2576239b106fe4d014bfe0c1013ee57345478dd83a8ede0ba4ca4cc3bf
230	2867	9	5d18db1c7f255eb57c622f865b5eb07d8b66104991a46ea670c82930477ddd00
231	2876	8	11c852f4af798d2c564bcb0dbb16161cb99fca13ee82210b3989b23c95772f5d
232	2884	8	ec4390b856a32a797efe4f3844564072d5a3a4dafd0fc1a1c1be5a21328f1087
233	2892	7	e8bc58f051d0e85f5a2fc059a5c6e88a49db07c584613219a84e58bbfdfafa77
234	2899	5	34ebdbc22eaa481986735524a6d1264e4488a2965e5b8670ab0537d81b6acbec
235	2904	4	0295f9a555a45f8eb016220cc7cf805eb43fd8671557120d58c1d66a93fa6e00
236	2908	4	d88406f184716a4fc1f5042ae734e991fb690c4c2ca94c7252a68535856f0c31
237	2912	8	5feb534f660c98874a14c953195572d9a449a833a69983c94bb8f676740483d8
238	2920	11	c1209854dbf0d23ee72776e2084df5d6b02f5b596c4dddcc6c542bab32d25352
239	2931	10	5047f6229de3f4ef9466952e1af4daa32abeb52c9deef056def3413f9ad9c055
240	2941	12	cb6d1eb3c4e49ed5a4e9c86f6d9ca5121194abe8e8b7aaca5a38363bc576219d
241	2953	11	9dda9c8a4846fd03e70e6f1b37a31b9034c22023e4d6443ace9738dda5b4d71f
242	2964	10	a48c46a66d1549bd3acc510ed9e1b2f7eb8b80fca0262ba746fbc62003cda0b8
243	2974	11	667e8ff023f3740a9584c18858fe4073af352869d8c7dc366b9307cfbc5f4097
244	2985	11	7c79837ea21923374dab2cae34844fb6917f351f9e84590ae2d5cbc73b3d1936
245	2996	10	b57c1a2319e2a29663376ce03e19e83abac66ac99ce76f1d0fb9ac938211f201
246	3006	10	2818a0bedd80a3f5549a571a68475cb744f487617f1a3d3312409de942c5ba6b
247	3016	12	db95f019625649d9f07d977076f48e1f81e0166c15ffd89d7e280910ebd0af61
248	3028	12	7a6e56c9315636916577af6a56180dbe60d34f53b159a11563427ef24e69ed59
249	3040	12	e37aca74e2697c0ba9f8891753953c985daab193d9f5512c3680e6ada7f79919
250	3052	11	4514f356f151630e1d62a70b83acd603384aabd788bd15dad8bd36faf91f6157
251	3063	10	25fa356af86f72d24cd65f0b92c6c2adcc006a9c2856966bf8c28c8104b1676d
252	3073	10	17c4a6322094e7a78428086c2cb74e5eb1a20b49c2be097da6ecfe159e58ee69
253	3083	11	6d418f60195f72ed5e4d0cb27871bd02babaecc4be136ca574f7e44a1dc8a200
254	3094	11	bd9b0f6c6ecbd19122df8520be5995fcd03f47c417790205db1a9bd5baec1842
255	3105	10	6b7534a8d0f7cf3213bcfad52cae005be67b5fd07ff12c8dd9a285aedb979fb3
256	3115	15	5d33c0309a6b388a686e99da3b4e1cb7cdbf73a4fdcbad193126ab9a5eb3f675
257	3130	9	c9f41ae4fdabaf2995d58ed2288437b00c12487772528fc5d27e7d9b7e236c72
258	3139	11	e88a6fda00507aedaf83736b18143d3094fe0a08306f8b44cd40c239bd0549b2
259	3150	10	33b96a3032ac9747a08eba99d6acaaae371b171dc0c411d10ea7b359af3be9ab
260	3160	14	327dce68b82977473111c3a2347c6a79d16400ca2c824ce9b024a12bf0c43b0b
261	3174	10	11ac21510e17eb52fcd4fbfd6c98c90a44eb8bde5daebde2d685f4fc47497f85
262	3184	14	fa806c0bb9dfcd32e6048ea84b63c841a4fa2e6a3d84f5f2745988272f32305c
263	3198	9	aff277205cc21fdb16824db129700c94d410c8cfeca169ae6e844412e9bc05d0
264	3207	9	f4846b97f0e2fba71b7277e452e401fb81379914504bc9f8e42bfeda98bb2615
265	3216	13	a548485fdc1fcea7b519643bdb23b9a228abba8ca6a1b40dd70509af1d9e6aa5
266	3229	9	fcf7f9fa85e2dc42f35eea8e853bb9f24ab223fca0fcd67d47748f3316768c3e
267	3238	7	9a7c26bffda72b09be5110b0c2409dff011fd177ada6af9388c975034b353894
268	3245	7	b7bffb44df6539983d514af1af88bf8d3a90251171c082f1d7ef1c0cd85d60bf
269	3252	12	4a951be4a721ae6cd3e445d20742cdc438ee4524b1554febac56d8e0757390c3
270	3264	12	716a11910294a9b7f4df3bff1db02739681592870b026f0650d6eea3c979ce1f
271	3276	10	dafec69931b98e8e1f68cc2f11fa39eb72aaecdb89e8f2f9633db65dbc014d7a
272	3286	9	b0e6dc694f51739060cb82ef690c36c598523de4324187a7d088b1ae4d993571
273	3295	10	24fce16acf2ebee47d58daca1c283d1659e1d6e75dfed8d008461e5057db54ca
274	3305	10	7ca1c8af1acf502d9dff8300cf3848bd9e5e275cf79c733c6d46ecda22154047
275	3315	11	c52fb50239ffa7ab58dd98b4c981a49aad910fcbca18f4ce36276a8491d43373
276	3326	10	b165343167369ca327a9befa979d9d7e3b5418ec187c8367b90dfeceb56b3370
277	3336	9	d5b3d2e93670ae898aa0a2d7742c71ca2ef4586a5fe134018530e0e47e911337
278	3345	7	67d1e4a8c1fa02008ab5b99d8c22fcfc18c47d8aab4f58106da5df37befd5858
279	3352	3	09bcbe3068a79d03cf05559af719c17022c9affb806e5baa776f601a80d38ec5
280	3355	8	11acbb94cfde5d5dd7377fd2210b18b0d3c6084bafb5a05ae0af02470f6a1bbf
281	3363	7	afb04095800105bf6bb95d7b62d1a3d98836f47044fed0e7a174e73e7ae0fb72
282	3370	9	0cf031c6a1e012f3035acea7ab06c727f5558a803de666956867aa11727bbbaa
283	3379	10	4e83ac34939c85741ca5b47951b6f9b0eefd2e5e6d695870f855fec17910e2d4
284	3389	10	8ba309c9b8763f266adba2b9fced7a4f51844042fabf1a979bf0e542791663d6
285	3399	9	be011885e8dd2d61b76604940dad4e646427679fc197268e2dffea8ecdf3d58c
286	3408	12	a252f3bf3c220a0cf96a6032c9fe9ecbe837d48b7e961a5b6339325f18d278ca
287	3420	11	9aa1c40714a328e3e3ce9857cce6c7c04de0f0d3d1174edc91bbbdd0b0ae28b4
288	3431	13	4df39045ec59aec072310d1ead1e6e946614c1520150d04d9581979e98221458
289	3444	12	99f5d5baf79f30d8ca6319591f8ead5ddb3d49a33f5518707fe23cb91ea7aa01
290	3456	11	5d3ede36384f6a81ac55a761236b2fcfadc24bfe518dd50cd9e43a5b8964fb76
291	3467	11	51d0f7dda9be669629b551c79e1f667a58d9578d186feb0ae079494ba8ee69d1
292	3478	9	a4304a79491338ee3499ef7711ca5a681625fb7627ad29898f1c69c413e60a8b
293	3487	11	d1614d2f30899f657a2b7d94e02f1427945d4482f0c4254dd8a633e898a10e27
294	3498	10	a280dc4ba4084291d26137abbdfa5c689cf40a9e07df0f1e6f19b7627aece9a2
295	3508	10	3724ad03549e899e298a084b748b409f9ab1f7f259123a41a0fec3fd62dcc8f4
296	3518	11	3909afd78407020d64b38080cc103425d189c9da20236b067e03e3511fe7a845
297	3529	10	5184b91e95a64023f2dbec76f622e7022320f4c2b3b485b7a45190541e4ad58c
298	3539	11	74de4b6ad130c90fc86514862eab167abb13fbb1f823d5030cf6a57137b0abaa
299	3550	13	26c041917151152226a670b13cda32decb86dbdc25674b70e78d7f8671cb0441
300	3563	11	9db6e8b6587d6239f3fa5851165bfd87f6142852a06113be8aad5a0592b834a8
301	3574	12	0aeee19b6efecf5bbfe5b97ecc692f2c58189ffcdf22aa3b77e8257cc4994c60
302	3586	12	ff8c07e52084f2fa9e859b495b89366d436f27b651fa6816e288bd24542f455e
303	3598	12	20bc0a9e4e7c772db811342f68b74c15c053f6836489b3b205fe48d1a65e4b5c
304	3610	11	6230a52aeea95c8cf12a434056a67a22c8c5bb120751191209836cb208bfd044
305	3621	11	d9c0eb2778e740c5447f3c3b51045165e88550ff8880ff72c09eba30f7ff4a55
306	3632	11	74648831205defa2f98a4ff9bce03f87065d5266c715e5a3edc46aebe58dfffa
307	3643	11	2a3bb62881612f94ca15a3f5db67ac9bb5da411775b8909f35efd2ea322839ab
308	3654	10	7637a4e8fa4e088f16cac3719935daa3a81064e8d534433023c9969701618b68
309	3664	10	550e9e25949f102775f7432d7340bd4b5dd052bdf4fbfc770055ead176b8e6ce
310	3674	12	b4cb9e65f978ffeee9a0ef8e17fc61ecc7824f0379e856965af451159e3024e5
311	3686	12	6210e6baebf371772bf3f37e745e4349db41ba181e5157fc9eed5683260c478f
312	3698	11	af05ba094457d6071c79bed6ec9255dcd4d3c08371515a357d911df89a61e8ce
313	3709	12	2e4390efea904185dc291ec14b238214320f4c91987519c54e1b9565e28984be
314	3721	12	53747955075b22b0d61633edd4cfcd0d1b5d452e06728fa976a641ab3a5a7268
315	3733	10	08fc8eac0b5b307ea6d302c5b675e40b69e09f91c3498bf173962e58d500b5e2
316	3743	10	6e97b3d9f89f35af3d8e059ee8714e78112a0c19979e8e5b50c302834d91edbe
317	3753	9	b6211c89b7aad19ddc3adbe7c9d7fbd5f22961697983cb332471710c17753f3d
318	3762	9	f0a082fe64415c340ac888a892a487fd31b08f073f12a6aebd86802a8c6b63e1
319	3771	11	5fcff18e09d8c4c3e59571e63443b354e1cbee731abada7b9cc7b2da77d01170
320	3782	9	a4fafb9341145c6dcc0dbb0347d0563ba983828b4af5235029ade1539bf13800
321	3791	15	e788724ada9c55e494d49c70ac98ea47f692fad7907d7017dbd0f3bdc035fe36
322	3806	13	f8b7c13c572ad6cc7fde42b345e4fbb4f9cab06fb846079a7fefbc369dc47ac6
323	3819	9	4ee3d2471a63d05bd5525786ff4f0ff27ca89c412020bc3a236b50bcf12c9a2f
324	3828	9	a4a9296279b4f83b4e0749781952c48eba100731a56576137f23d990e48f95ed
325	3837	9	ab87185cd83d6bd0280f413826e17f4c04248dada5dd9e430f641e495c889c32
326	3846	9	ef06b9a9437fc5526670f479c2002882d574525ffa94d7e9dee821958e3a1ac3
327	3855	10	7800c3da223df739c412ba2ba6bf579d6c2c00686a502551413cc51807af886c
328	3865	12	9642125ee6034c0489bf8794874d52f743708457e81d93a7c183e2e287b337ea
329	3877	12	4b514422eaf33f5a8316a6a3077a791a027e53c996f91b8a2a536522d5bfaba1
330	3889	12	534302eed0db52d3cf81d2b0ccb11b1ab6e4cbe58a8914ad37ac3fbcebcda459
331	3901	12	2d72d57de80f1781f6d1c558fad651014e041562cbc767396af918b269b82bd8
332	3913	10	3214631c16f08692351432167f99fc7d1b6d8e22699dd52c312ad62dc5699ab7
333	3923	9	4eefd47b1cbd3a16a539b0611b884d987cf2c61ba2a82159fbb979a862e2738b
334	3932	10	272824544df54f2bc8d5d04ef2ede2bad3943fda6389acd032682b1528150381
335	3942	10	9ccdbf3bab397d50aadfcdeb70a0374470919af484cf9038ed50c4f36e4ad422
336	3952	10	8961f28dca5b3d193b1c3110eb368b78102c8d510982fa3460112f7de3e4d5e8
337	3962	10	a811fbf61cd07acc0167f902cffc5255ed34780cfe6bdc12329f3f5e72210d3d
338	3972	9	a84a2e35389faf851e9efbf0508c749d993ba0ccbe0837716eecd5cdcb825a09
339	3981	8	39f6db69febee25cee059176e9392c371d0052fbf832b771f24b1d480e888dda
340	3989	11	5760a773971d7b6e2736f853abcd1aa9bc79a6c1b567bf401193517f29391be5
341	4000	8	4e648f69c0f1bde777b0773c75149f7fad0a033c23ecfcccce2b08366ae1be1b
342	4008	8	f3c056878a3bcc1ecaffd8e26f246f1f683419b6531fe79fcb1c2970bedf100b
343	4016	9	ed686a7576dbdec11dd75b0d77b9e7f89ca2c827fb95028a3a3cb4479d5d8702
344	4025	9	e70ca40d246463a406cce85dc01ab5d06fac2b27ffde58d26d9606c3fd555bc1
345	4034	11	5d7b0bad2353279852742a2554cca0a1bcdf6699fd9eb3b99c1a388ecb5e0b0d
346	4045	10	d01024394a74faf06cbcf9919f3a1d6b23a6ee5a4737b3a022f93b86ec0db042
347	4055	12	ad860362ea8f0039f20acb2b660fbe034b6caf5bac54c975211d331751b81aa8
348	4067	13	641431fd54aa1bc7f4f637e776776761f022c793def63fa69a946368bc9b0735
349	4080	10	bf921f3ea603edca97458e00fd392c189c20da44174e5f4383373701a788f438
350	4090	14	2356718c1bf464e11ff1669d79934ce7f5e9cf72b8ececc4bcb0e065b907e3df
351	4104	12	6e283851c5017f166f95d07074e4128ebd80b0c325b6f3375e74a0e08efb2e23
352	4116	6	65801509ddfd763f4385ba2d65c4d050fada4ec58c16a777ae3c82b4cdf48731
353	4122	9	5deba965ab147a86ce18f0e4b0b2678b651781b58e049072cf8b774d14a683c2
354	4131	9	c641c9b57d034683ff71b8e8e4b8272bd4fe7886915396779b11b1b52ce1208b
355	4140	8	99d3cf902d9295f65c18263cbc987ed06648959fabb5eb192aa9f2b629992e90
356	4148	8	7747a325ea0c24cc1fa014f8c8027c8b8abb007a0b15ab32384f4cdb16db46ca
357	4156	9	9ef55bb9cc35d84ca3b77ecc84fde88f52d00e2f25021e056dafe7e6ab69eba7
358	4165	9	3e42d28d5edd58066aa1b4f29eda3b498e8632e36d7cb385f3437e05114db23c
359	4174	8	4429d42d50fb96593b621f481095aa64d12f68c3dd6e3b50e89f2b3a020b7c35
360	4182	9	c0d1f2339f684d518db1bc01998dab67324c535971a0c02af6f3dec572b7027c
361	4191	12	66b3a8491dfa7e7a3967c159b58c2b64a872066295b2d10689eeccefa01695f2
362	4203	14	9c559d71e0a2c19fd39ef1cfaa7fa6eb7b96ea0872461f7ab5630ab6c9a26915
363	4217	12	f8c743b5b1447a860d16eae7ba6646e84192222cd8305c18ea3aa81144ca38e5
364	4229	12	b619703f7cbf9e3a7efb5697c3828cc7de68d4fbb92474ba8d78e372c9c30a5d
365	4241	11	aa026b28ccc4da3099d02186be16b55f056609df4b30fb3c8126502d16b307f3
366	4252	10	efafa6814710a0e44905bfc6cf7cd7d2955cfa455ade147a6f2577a5f0ef4209
367	4262	11	b386abe91d8cad93d35f5d97935bfd9c27b031f230216a78f2da986d52707785
368	4273	13	e570e79ac10b9dfde1f2c500e4c54e804ddf39acbe379513bb999b90ccf96bd5
369	4286	12	5b8dfa852b40dc66fb565d2c416342485b44285010b3525b14e052e77ec4789d
370	4298	11	a1029a1baa4070daa69d3948f72ed1e27802aa7df243ae53cea989c266344ed8
371	4309	10	cfdbef8aae5807685ccb1fe5e6f6c8caffbbf72b3189fb4a0fa12eb1c9a0f039
372	4319	12	28188a92adf64683aa45160ea2bd1e65845a1a40f3be264f3fd86f85584611c5
373	4331	9	32b118095c2faef9ef8239dffe07eb5daf2e618a69243c2ce3fc23504d34d3f5
374	4340	12	b34d853648c56af2a2a3fa0143b7d11f04d5ec9efcfab99789cf6b10f2b40b3e
375	4352	7	6d80122793f3db6fad920b64915f0b0e2e189e280756d9e964829bb9abae8923
376	4359	12	c5f87801492218b2ff54a50b6d6371f6917b4e2dda4b4d6865842268e004aa08
377	4371	9	5da83f2cd52132bb736ee9b8cc39ade8b48ea892472f275e41fafa4424b65815
378	4380	9	a0b6c79f5829f9ddc04ba124808597f9b9e90325038e7765bba82138540b1826
379	4389	8	4afa51fbc95decde8d5912411fe85059c66f74828b9f2c6812e9408ad88ed842
380	4397	9	17f0a6e6e72d3c04ac1e8d98618636d0e3875982f958994a7cc0f670d130b088
381	4406	9	5f05400c0007900f02240a7f33aa62890663c1f2211301dd4789f96c32ac96db
382	4415	10	e32fe6d50f283b631e955173f72a65779f6f67932800ceb34db66b95149f87d3
383	4425	8	b2095c1e0038e7d9d2311d8e5c369e8bb8bcf843866326fa6cf8598fb45f2df8
384	4433	11	4a7e04485e5beb23c21833a47931d02753e52b2ace20db4577e70d8169b960f0
385	4444	8	636d96ef7f8b5a9e635a35daa6b95bb2b315e1d87f6e1d7bc0ba9a30f40766ae
386	4452	9	cd220b7ed635acbf98846f783ebad50e6273500909cc7d82617eaec62bdb25cc
387	4461	8	1b212aa96455cf23761211368cff4818e64fb5d83432b062243b36a1a9aa3154
388	4469	14	6d410315fe315f0f9679b7afe758d12d96720ffe438e31dc4d36104f10d51859
389	4483	15	e292a8b34b2f5e7eb534a5d987af2291470dbe2da291fd8fc235a819008668a4
390	4498	15	0a5bdfd5bb1c228cb1caaa50e9e1fddaf07f4c6ed4d3d09a4814afa1cf88a57e
391	4513	15	902c04919436e2732965c20707d213f537b7e5a76b8b198ca7d08bc8918016bb
392	4528	14	3457553c7ec3c1987ab5ff4f7445d871a28bd71ffc90a1537748459d19eacfca
393	4542	15	7e20af562b61dad9c22c92ba05a2792555ad7f49e31cc49263bbe0889ee6c768
394	4557	15	9bd83accc65aad2c7837d74d8ec95f1410647e4fd443db549d34ba61da1b623a
395	4572	15	572d78251da1a6ff8b366bd1f97af542f4e1f33e7fcec40c88c47862ba42b69a
396	4587	14	f8345c558ce6a9b9e0cde99b13f3a2ae93f18fd20d5b3fd9d27a48ddaa01dab4
397	4601	13	0de62f93bcad01d3440e9e540aee282ee4f2f643d89bf5bcf19097a83c9c0ddc
398	4614	14	d8361e267095deb6f6e31d8ea0eacd196bbab67cdd5154927129e7119900b7eb
399	4628	13	3f2cd516a940876f940ae4dd2bce123d7cb61c2c3dec518c6642052c85116854
400	4641	11	bb60a616f5578c29c04c4c1a3e258b422a428f75ee7cd04ffd91622881d1aeb1
401	4652	10	c8dca8f9d91de5e51c4cb48b0e69ee01587628800acafa5dd53dc1ee72a9bf7c
402	4662	11	afb6aa3254f04bfe380c6e616bef2376108e58a8d0a66fa158b920b07cc11666
403	4673	11	af9b16f051b16c6b0dcd4464e6cc2e71059d98e45f1faa8f184e20e1bc1f62ea
404	4684	14	474eb37e559ab584a164d4550a2d83ec9ce07bf0e1a2f70e83f5530d91b661b9
405	4698	14	40cf6d96129d1dd79af01b3c8e1928001a69f7ed5aed8dfdbddc1c6cd3e0b099
406	4712	14	921d3415ea2f52a3295cc526765f5a063021ca485d7294a23f5f866d4cfb4e7e
407	4726	13	6e4b0a2cca190be902a2c6a484e490eb4b332c6bb609832f7c8fdd75ac725f43
408	4739	12	be9c731855884d0168f77d2158c968f74ea625d93d716e9d1f01ecd1ae4fc364
409	4751	10	5a7c90cb0d6af835c2bc0982ac742a1f1806d603486dce96abe561493cafb10b
410	4761	9	b7846f48cc6bec808d121a3db899f74d789dcb7cd94a991d5a810b383bf5bf6f
411	4770	9	2bde44bad946281ff1b2ff3fb5c507f128fde4afc7d95558aa0734365e3cefc8
412	4779	10	e8758b4a312317bc3d9d88617cfe5032a578c9a5ae1d328d62747b172aeec7f5
413	4789	9	3cf46de7c3b44258307fff37c4ca822de2d643959daa6ca35fb4b242f47df862
414	4798	10	2b0cbc217399845c7399904dc2281f5ca84903dd8a5991c5a7e752562be79289
415	4808	10	401bee4667042e9f0cff069e5c4b4d6a629e1ea0d206bad477f09f76a3211dff
416	4818	9	8cbd5c5311c57b42388c2e892af1a5077cf93baf7bbf3a12fd88ae2f1164a3fe
417	4827	9	efe143c2fda5ce5d65db2520bbcc6cf3564abaad4cdd06ab48833294eb393e85
418	4836	9	16748eb403d52c1b95ca7d66304b64966f1028882d49bf2e1c83f5da1e1bad57
419	4845	11	e70186d93adfb1b0f21dd7ae729e44d436654d55d958a4e2433eba661ea24d77
420	4856	11	dbd3e9d0f222041e80b839845758fd6ddd1fc8174e2f0904cfe9f1db65965fa9
421	4867	10	a5935edafc1410fbe8477b8272b1a15457eebfed9ed5bb10d57eb8f5c1d6c3cf
422	4877	9	9960bce7cdb6ac98c9108c0a85a1c4303451d04f43f44f0f6aef9466ca16fadb
423	4886	10	63ae3cac603689548288af0341ac89457e68663999e1c93b7ecce3e575cd06e2
424	4896	10	574bb0e3876a71ccdbe171d997ef9950a5d57c2dd60a09c014a98d1028fbc97b
425	4906	9	393451bec199cbe0bef988b64c9c78fe73c60d94f3a0fd8d69657e440cbd4523
426	4915	8	efc2c694df35394f99839fc608e9f999585766d718a5e6579336985b3c276c7a
427	4923	12	f337a32c19c718b46c1f80d2fda81ca533e6bd40fbbc5818649b55d96b94c6a4
428	4935	11	11e480051400f010907956d1b38813127c8684a88a3d147527a7896ac406b297
429	4946	12	eefefc0ba42cea535f32bd6e0d44a0c6a7734215e333b5584f49a864a7703626
430	4958	11	9dbb733429e38f8976f9bcbba12690e1d80e4f18e252597f787528f22015e091
431	4969	11	79f51242d3917d3bcde33e1216db73f1b9009f7c7d9efae13f7b999634d1854b
432	4980	8	c42c010ca16320400053a6a0ec6f676adc212a5cc4310c78189fa7a8c5e3b946
433	4988	10	fc7b783ce08b68aa1dff482d88fc4d7888bf74c8b37bd7c5ad6dc9fe970ba4f9
434	4998	9	59082cb99ab4f54c9598e4b9d8b675d5ecf7f70c639dda430b6120deb5924422
435	5007	8	a1b4f711e55696eb07c237061062058e152e6b9effe8bbb9a3148ef9783737d9
436	5015	10	7d3e13c466ef5fc26e36196097374248869c50b821107cd5a4ec6a6cb299a03f
437	5025	9	8acbfb3a11d3ff34655fe52c4e8e1b2cca7b2a51d01c865102ee0283341f1d44
438	5034	9	44d9a92732624fb77c823140a1bd86ee1ea3d1cb5f9e1fc3dd56a3a15c8b015b
439	5043	9	c86028cbbb293c4f12c224d7415e33fd57de3b09e1da41e09aa1c5be4a63141b
440	5052	10	2179a05a8e461c513b28186172fa2d1c95f820f9984223c6ff47c90f4aeb0fe4
441	5062	11	06815146ca8c8a247a6e231067b4dab0345f69d09768a57a1838541fa38dce55
442	5073	11	a611e036d31d9b18d3701bd8076e2cd5511c5cfd09065be154ddffd2eef4ae6b
443	5084	10	44974474667b0669c26f41a1db40c2383f8305606292c2e456c4babca287544f
444	5094	9	9d468683f54feaf45b7b4da594f614c450edcf7087fbeb67da2aefc9a32b56c4
445	5103	10	05ac6a49aa193e35ce589e6d5e523863f42283076315a800481c3a519a91d456
446	5113	10	a38748438d5d6a255678aa88aefeed214050fa018aa6d95ddf852150baaacb2b
447	5123	9	5f39a8f9177c2f53da9aa44091a9e37554034708e355cd4da6c48d3bef31c5bf
448	5132	9	04e5db4ba772b2b4287af6dc39c96fb556b7cf88ef2d9bbaa4bafd059b8471fe
449	5141	9	85e50cbd3c2782168aa54a5ca8c498f39ff888805b5de19fca39225539c56f74
450	5150	9	bb04fe952e09a8d241e39a679429a100bfddd6e47d30f319fffc93e94007ed65
451	5159	11	b14db6e79bfbdc4bf34a63b9c45b282dd4d40e24d92d173969a23040d72cd2c6
452	5170	12	f204770688e50cbc06a2ce759ba6eb411dbe771790f4ca9bafd1125b37dcf9ae
453	5182	12	23a07591054dd11f581d4f49f482286491e56ffd72d3db2cffafde9f856d40b5
454	5194	12	3f477f1ec71928d0bf4fa5b245ee1e4b12715f5600601135a034e4c00db50148
455	5206	11	c041bf124ef55d793e7417543d17af783611e33c1680b25b74faba5d4c8f91f7
456	5217	11	c2726247acf265ce3f2c3e4b3785a1c32eec07cdf7cd7f77181f26c99a1c2256
457	5228	10	fef22f22acfde49b2fe69806283bb7921d58a403761f8499f2556ba9eb77f8ca
458	5238	9	1067e2a6271e9cb365647ea577ee0c0ccec620375a26e08ff474df23b5849eb3
459	5247	11	ebced7b1d7bb87c0eb10bf6381931d9fa4c5706f27ed4ccabd5513efbb9ecb12
460	5258	11	ac910a1e67fc5a31073de7a42309387be464ce4f212bd639b9d4fecb9249d380
461	5269	11	fd73b9195c56792f925f5c490ad714ebbac6f33b4ef9eff2968cd8ee51f6fcdd
462	5280	10	1d77fc43ac70f4ea68b43958a1f48f8e14ed90dd5be347cdba68fdd6c0fc3852
463	5290	9	f1c667d9115fe79e201d7fe6cac84c51eb49c603a0cb2308ebdf9e23c635a12b
464	5299	10	00159915a7e2292d6605445911bf109fc26767fbf3baf4c53cf56137cbb1fc36
465	5309	10	1ce26ce51d1480eb25518a1ba72fc264bb16d997d612f84018b4952e769baae0
466	5319	9	0afc19d0c7997d927325546e85eca9e080bcd2bc0a4ef686bac7229f5f27ef8e
467	5328	8	936cb0bb409bcf1a014c875c4bbab6c92c9714cc77a2cbbfececae339bb02683
468	5336	9	f85ec9c95d1a0af02302fc490bf1cab3b0e42315c187afbe1add38cf055734da
469	5345	9	85239a4af973f8d788e5fad19c3631d5bf48cb54bc85bed6fc732c7a32b4ac53
470	5354	8	48734a5689755c79924b435e541dcc24fb262ee1c2ebc56676119f359ce1cf2f
471	5362	10	23a603ff299dc67171f6b267e7f8082ed0fefe7eef1424ae32ea2067c9621200
472	5372	9	19509db042b6719b028d1a36ecbf2ee5c572fbe13d2cec2af5f2f7ee52bd8a90
473	5381	10	c94bc6f17a7bb980b737aa38e3cb207daa21cf8049680a0c918a5d12f01f34b7
474	5391	10	e7fb03756af3c3971dad229924a424a3f85a0b1ed494d81463f4f805c8a06ce6
475	5401	9	336b05e7f56b8dbe23e9673bb9fca5e3614e4d010ecb11d43ae83f8a14c0f71e
476	5410	10	192c21a29292e5c12a1d29ec09a8c08de469231d990293eb4ade2e97f2177d9b
477	5420	9	b1867839aada4fd0af6742767356e0d51a3bcf91d1a830962516fe2ab6088a36
478	5429	9	af27b0f478d6fc5aa2595a380712946bd31cfdb8219597b754fa488e32a7ecdc
479	5438	9	0ba77f589dbeb1b969d3018892586e548f231e2e2f448eb02a56968b53017239
480	5447	9	c2b58599a36b9c5b12fe58a97dd7ee78e22de82276ef907477ab7b302956cafe
481	5456	9	02d4becb98da19fd1eb5e193c97f88bd751f3808fbcf801fd89bf9e7eb005e06
482	5465	9	9559ed5124868c96f9a40723d657803f3e323a0bcdeb1b9ddbeeba8fb8e9a532
483	5474	8	a5926a0b0d3fd22a3695c57499128cad6b62f7252796a2d3f3190ccb0e7cf17b
484	5482	9	9fd6192dd5a9985ab3e1ea05c143e92381b6c409ddcd001c18fc341e09d89fd8
485	5491	11	e193e0ba4e7b8953a0ee698b4bc46d1d3ee25d2f6d5e5b4bd31ea13ff4467fba
486	5502	10	aaac122867053e868e1bd1218d832146687799ac6a33b32ad607ab3c591075af
487	5512	10	c77d065aeca836fe3bbcb68485dcbaa2a77980a2a14a33a8661f2e37fdf54fde
488	5522	10	d2361c0a18e11fb221f24475f143186ab8bed9c7ca54a1c59adac2d535158d33
489	5532	9	760384ef8a68ed9f3c0ff7105dbb41073a83c2fdd5c8546b2034316ff23cfd78
490	5541	9	89b74e37ccec621bc2f73f3bf93c19447a4035147728cd61ce7bc96677568e2c
491	5550	9	921d3fa5432267cdb8c5fc2d847b3a04b7a76c741a0906bca37c0618149bbe37
492	5559	8	bb7ba0c2457aad2bc30b3d17176e647aba982b981c36127be03930eadd67e00c
493	5567	9	f2fb7f99c4d6ed28b8b52e6a9650edf966b4601d4c7b7280a7474fcd4694b5d4
494	5576	9	80ca51cc92ea43740292eb395d75d566c2985c2e102f1c10f7fd2ca940189da6
495	5585	9	d413f5a50c223606b1c7d5315e036bbc405f1445c70423f40ed4ad53a2605c91
496	5594	9	cfd4f6d1494a8446a86673a8aa9da31e7dc6d8f6d49c0a88022bee3d716b714e
497	5603	9	5f658c6aaea024b4e8478a5e1c6f999e101e5c898d70977003cce2b77a5541c7
498	5612	10	8b2065388ef7175764b7d645ec0ed24034d78e370589254295df6a693aeb8804
499	5622	8	94ae22300af3feacb9805ea3a3fd7c98bffe4e7bee53d6a74025a0c9b2874ed3
500	5630	10	11f6d78665d08679f3e29ae7a6c68a2f40fd6af152aa356c14d3070cbc47b02f
501	5640	11	4944b82260ef2cf7d7427487db52893bd3017d95633b1f4857639e49adf3a7d0
502	5651	10	acdf33a7d57cabdbb676d1d216b9343305bf60eea43a148efbc36842b7eacf63
503	5661	10	05ad66961dfb712251022c557ede64a17149582e70fc25583fcbd97066f9bc3d
504	5671	9	fb39af84cd53e047abd33c9f4e32ab81438b970f98e904e354d65cdfa56de2b5
505	5680	11	b7c17a0bad3284f8260d099cd42a2d751183ed54ea375a189a1a9e27ee5e2378
506	5691	9	14b0a2224e925d620d3fe8192a554dfa6f9b0e285a4954f77793ebc6b5f9207d
507	5700	10	89e46ccb25c876baa0c0dabebddeaf7720eb4a42eb301799e39ff4cab78ed911
508	5710	10	6674f987b83bf42ec1b6bf6228e69347c9ff96a057a1fdface6a581fa6856dce
509	5720	9	49679577a895975325bd8a9ed8a436afee02c9922f32ebb1f011f0aa069def19
510	5729	9	608441b42ebf49862452ba68893f3f5a70af0dd2a0e5be7bdd18a554bdab61ab
511	5738	8	1c7148e3346c3f90965f8a66a2b447c9b54b7732df75e9c3f068f1fe913db4e5
512	5746	9	6fcad818b1d269b8e7393eb59756b765e0412f7916c064f47405c4d1f7f5da95
513	5755	9	d713c4869464bb011af14c87d7e27775d7af80223e1795fbeb9c92aff74b27cd
514	5764	10	d329616a4305850c900395ca932f126c0efc3d976f6d420cc503417054206990
515	5774	8	6f8a075d997eae4c3a7ad1b0916789823fe38899a9a1e2214c78b8a94583b4bb
516	5782	7	8fa6dadc0b52fd6824da6d48ea7aa9d47b7db34483538337d0d6c00faadb2441
517	5789	8	a130fe27d79ce3682c8078b4d215346c38600522f254ae655e6c9c1184253992
518	5797	8	0da9ec9db01f83ed33fcaeae3535bf3fb67ea69d01cd91edd0642e1aa0b17533
519	5805	8	691daa2c72037b0000ac2ff3ccbf705fa4480c5baa3b1761cde6697974ed9570
520	5813	8	0ea49d50af016189579f42c0a9772f5da0529056a4ec3bf78b293e0217cee4e5
521	5821	9	1360670f2d3999dd5768ea475117eeafc56c98f8227404a5b72c56e67e408291
522	5830	13	428d6eb3ff5a51a26ba6f2acd41b77cadb70140a79de36ceb0222dd1673f7789
523	5843	14	2621902bb32d3b7086b6451b50c146315525caa49935b042f22f73fc97848771
524	5857	14	b7e929f6293ec5e3127d0e867f8141d33618df86bce71bb2b1ab64308dfce1c5
525	5871	14	dc5e4c1768aba92e25f21282fcb50b5f7d5b671f97aef4a801a0ca5eb4d53f46
526	5885	13	83a86792ba2857b4ca70941d15f22fb27d588e06d1dfa388845a91185e5469bc
527	5898	12	90575a8b783eb4cad40da145d5b432927adfb297c6c8e10b0de5c93680515cb7
528	5910	13	600eeabb24f41483ad1be11ec35cc17df677b745d4e13d00b269f51ab9a2d738
529	5923	12	c6c3c90389ce8c81ac15e3915050c23e6796f7095e9e9773661e2ca89eaee09d
530	5935	13	48022be57ecb75a8780649ca716b3d255eeb9cd7e16549ac717b987d4b87f6e7
531	5948	12	3f3ae2feedcf6880dbf319755bd25a14a0ea88b8f1da0dd7ee94daea7fc7f483
532	5960	11	0ed3ae5ddf4f4e6d3efa46fd61ec697688acb59bb520fd4d48e6b0b175a6f073
533	5971	12	496be8c2015ce57f04062b697d67cc81d5b304389b8d9c0234a4a16d087171ab
534	5983	12	072edbae3dc38df9e0965b48db441f574d1fc1c59af168909a3fcee4f4362b64
535	5995	12	8770814c6f0ceb51b2410fc3aa363e26e8675f85b3c06b819da6a1e7eb8e15d4
536	6007	12	7e86c07533671e6e886571be41f61ff652029999e3bf21d5d92c4b1c8fde393c
537	6019	13	b830f5b0464c5f9ea1e84e91902fc207d9c7af088f9ddb32eeb337ae255e0939
538	6032	12	4b17057d04e145c42a63eedd155bfb1faafc15f3f25f5233dc1004eb2520f9dd
539	6044	13	45e9329fe141099ba026ef0a413aa5c0a90e226f8c6ec6942d1b820be983e162
540	6057	12	9e3bee144c1884748da128124484e9dcd5a05986e2761ac2ae5056a9eca60bd3
541	6069	12	19d998aee40142b6ad7c4b4431e8e445c9b426d835ef6e45a4f8ccbdca9d016a
542	6081	12	303b8582d41b52754dca239914d3f4f0824b5992e0769cdd8a6343d78f7d671b
543	6093	11	0bc28ea9eafc0de636a20188ed0070d3f6c15bb56d16c52531a7b155f2108abf
544	6104	12	749545b388b5ed65fb906171119c5364bb152018b4c5c64075e4ef403f252c2a
545	6116	11	92fc8d89175566723759faa4f623bc9b1438931a8888f5c242f955a6aef796da
546	6127	11	17e7a87806f9b8a701133fa267d1744db388593aa4fb997e23d3dc083b59e520
547	6138	9	14ce041ffa569363c19bd2e2018e619187aff24757f4e7d7bd3bdfe252d96179
548	6147	10	e2aec147a667eddc37380673b4c7e3e30ea1f7bced2d3619e4c9930a87d07c88
549	6157	11	07b4bfb33e057780b4fbac924c3a364bb77aeab9f1ebaac2492fece56eb9c9b1
550	6168	10	c33313735c157c60db2513d032d9f1a7b59fda201b3e902e9350e26b6dd58bf2
551	6178	12	571652f70b5ff595d1f3addb41a38d975ba5228a84e02998845198f48ac8c249
552	6190	11	d996a7447a04bc737e3548003093d5c6be855557fbbeec8059edbf4d9e4eed33
553	6201	10	1f7c1cc36ec932b14c5045302a659750efdf8154439571ac3f016e56c3befafe
554	6211	13	10279394d1dfa4b3176d9328af52783984a112300311c83c90b08c23c614468a
555	6224	12	a4e7dab545f6e2069c73c391113dab236e29a5408ee03b0e33bd27c71f7bab3d
556	6236	12	3595b5ea7449973b98c46f7eef440a309612765105d2cce3d92dc0b4227f2f6f
557	6248	11	b0513b75b9457285298bd9d0e16e11e925d6b5575a14359622782e26757c9294
558	6259	11	566e6be9fdbf5d9d0f388a8c686ad535706b1db5775fd2f6bdf19b1b46f8cd68
559	6270	13	713e655f3227df62444f6a75bf85bf2b3e2bc83b4484f82b8def98c6e421646b
560	6283	12	f2110c5b02bff7d1d476ee2e2a6401948961294e896c104ad52c69a439376f14
561	6295	11	b7c4d39658ba21314023d5c4abf82e8559df2a10113f23bcd8a363fa02539732
562	6306	12	8860cf593ed94644ab9c77129f28b69b2813cc25a9d8d1df49e42b1fe4155bdd
563	6318	11	8d5fb8cbe229d7a2070b352526c2fa7a426d7f6f4bbe3d906d9f8bb9c355270f
564	6329	11	00fc8307fa1c885a37501ad2d72fb4e67f580654419df14a0c6e9ea55bab7696
565	6340	11	368054f7060eb7c3c977d5eced35ab15296ec6006b9c6b80a57ab601e9f89909
566	6351	11	263ef86ed38bac6f6e605c7722b2de5701a7a5c5a3cb583a163e6039f3b55880
567	6362	10	7a9b4597d74b99919277516a76a37c89abcbbcba0aa93abc48b730efbe51f144
568	6372	10	2f54a9da8425c2234c3a53c9f586ff2b94d95cf87e9f78e72c91f3083fd8a1ca
569	6382	17	c4fa1037c370dacdea5267b1afe164f9a3bc78efd1d9af9abb8e7606b18de2fc
570	6399	11	e6cc15756a2172531a0750b83714c79d5b3c722235d033cf2df0a10614d964d4
571	6410	12	96c6006c157f2ae403f9ff385492eee70da8209083c267dfd5c212b533dad461
572	6422	11	63e8df0fa229863502c085c2a6e094214bc8b56cd3a29aa8aa630677a6e68359
573	6433	9	f936d5618c33efeaa672402e673500895b143cba7a9133e4edf4319a315fdd3b
574	6442	9	6df4fa037a7014d2e8186a0147c3b8b2e2d7c150aba18511f564771e300d5a61
575	6451	13	f01829afcc4c4af88527255591d9f64a6c994361264441c41ab1bf54218efc61
576	6464	15	0c12a73715d644af09bac6889e98ac75637165c3ca5d6bfe664112272f8f4413
577	6479	11	3ea8bb441860870d406fc364a5307a13cad16cdffe997b1de1bf1e96cd128456
578	6490	13	65a40572153da54a1800cb62abd57a92849cec0c600bd61f7c38a210f07a8623
579	6503	12	e85f8aa511f8090c6bbef49827d9af4e3adc83687948c3285818eb856019eccb
580	6515	12	5efc704efeeecb05e393483f5b4aed7ea20bf83462d3d0c79fa930d4f6c7591b
581	6527	11	d665bf37e354f6ddc4995739453a722dac3fe784fd3519c57e6e54216eaa54e4
582	6538	12	de1af1530dc11b30ec96edb40c39173740beb5c1a4bd18dd6faeaf23a195d878
583	6550	10	df2e57707c5c5d90034e28bc7796afb9753fb00be0a21ad9fae0b9e493dad5e1
584	6560	8	0f0321b484020018360bafc48060720d6da2d5913807ed0cfe89479474fc4148
585	6568	10	f7e53dd729116906366aafe6b823c9e6592138a73041b32bd2e9ccdd2ffc289c
586	6578	9	fee160750b0dbeec751c5ce8ca7b3e7e660df5fda8edd55e1e2586d088abe000
587	6587	10	660c8e17e66f3eb04e9e647a2ec4ecea04e0191fc0e1d713d2accfdc9e7032c8
588	6597	10	6179a5b0f91e8db609570b7d32f8bb18e2a67716651113b3009464f9c5b9bb8a
589	6607	9	005be6516bf05825b242d159ddb103cf481c223fdf54cd6a8a29f8b61bc40b0d
590	6616	9	03c589eef2e4d5942542db0c0f918d8ea2cb5856f6477be90a09c8b35c9f31a5
591	6625	9	8ba7c141ad0719831244b6c3d18f8c8f3815ce8fcadb6b7e8fd966cbec0a2bdc
592	6634	13	beb24154ce1fdea265d7a13308f93bcd64337f5c55b28a80f57bd3429478a8f7
593	6647	12	36137034db861b2def66f3de5bddbd2e696aff01cf6b723fb66b50bf8cc848e4
594	6659	14	32dd24a3407430e100981b2d9290a91f2044d4d670b648f63b30d3e9106edf68
595	6673	8	3babd9585af3489d34e46948451600840e2a33714028dec5613decfe68320c4c
596	6681	7	a60b5acc1200e2c8f0ed8631c0033dcce359d82fa9388eaec9c378b20ee2d8cb
597	6688	10	b67ad8076b9dc9ea88090945e2edb3961ad6454b6015f25a6363934f78417a11
598	6698	8	62ac8669aa89aee68df12dffcacdeb531c636cae84bead56dcd08fd954a593bc
599	6706	6	dfa48c870b213b3c9c884264fd2eae81b69057b5cd1b5985c713f8d0de1d229a
600	6712	5	3bf6f7cbf877aba5a4f7b60161c9de4fa8f04f80184ff4f3680cc93ba3ecc9a6
601	6717	6	ceab1f7aba115bae4c85276f52bb11b7d6ebefad265df6a5c2cc6367d7737468
602	6723	6	e1a0f0352ccf8771e0c40101771d3cf4b0ab8aea2682a246c43e1e46b9842995
603	6729	5	55ea2cf12638f1372284d7a6a67e05f76a5cf846d1ec5665c4964b7efcb141f4
604	6734	7	f9b59c220f5931ee26cdb3539301d88f7a91f3acc8370074d22897e2a512e26b
605	6741	7	2e48633be1eef3fb4d16be58c5a01038db876f4d38bfc2da6f0ff7eb4090aedf
606	6748	7	a7a69bd1857f63210469321a4f8934067251f06fb25aaa4a3274603e66e6a45e
607	6755	5	c0072f14087c57093e54864d04a0e5af2e68298752bd81490e50c92a708d71ee
608	6760	7	00576f38263c2cfcf5c08c1fca22d86593d7a0262ecc4a1d75a6e15639db5336
609	6767	4	ebe904ed9859beb7a5e03e8eb893f86267a48dbad1fbf44918d33e5b663e644a
610	6771	11	cae6f1f1417f9b021d1c55ef422220b08e4cde61d2c866bef78e776acb004dc0
611	6782	12	5389fe48db68a3e775e6907b0648bd46482cec46a399f1ebdfb1489ac697ea7d
612	6794	11	5470e56cce548ed9efb0d236f5d2689908b2f57a31abacac2f8b22cfb1d895ee
613	6805	13	d99423be6dab540479f2f8ffe07f0626e9691f928cb97e12046dada1437520a3
614	6818	11	fea6fb27bd17ede5bb579216267df8474e8f8d1f080dbf4396a85638a8a63b24
615	6829	12	7086098f081a8088f8ace66c0f4051ff90cd53909155fdf6179b0f2ce29297a5
616	6841	11	ffa7e859732ea38703ba126c219550ef5f981d647e6d9f0aef808612b76f55e5
617	6852	10	f54bda236d48ee5de4c9eb321ebb3ff99278489c0060cbb22b4cf2cb273619ad
618	6862	10	ac345cd99b893cb8fff96708a797c033ba390fe3d1f2a877dee07699a398406d
619	6872	10	0425c84f098d09fa1f532423fd30539e3913154d64a1c1a6b3fac97732ea92e6
620	6882	10	7a8ebbcee7b8ae6e744668edb34114a821d1628c4e8927967267cddc25eb76d8
621	6892	11	1134a8bc45123d005a1e869f83c6706b2671351f09683dd34bfde07662552cc7
622	6903	11	6eb5f0bc53dceedc08d72f550859d480dd18480d4e87c9a76eaf4409d859b104
623	6914	10	446e929b782cb744dbf41b22e6e2efe9a4a9c62333afea59272529bf73f2e8d1
624	6924	11	11104daf97cdc61fc9c6eb857a97f910db3fb5865eed82a1c6efaae05cf6a4dc
625	6935	10	0244ecd7e358392cda1478f444c1e7ca7181bb14c8583f9c833e2d51116813b6
626	6945	10	312394d13c8372054036c04e941930cdf574fba968e5208d95b7385890fdb2b5
627	6955	9	b6ae67078c96d429042be95e7307925d632b6c1b0580860a3cd465cbf59c926a
628	6964	8	ff2ccd632051af5d93630d4205d9b65573b491de8b6b5d27a0e769717831fc7f
629	6972	9	cabae1da9561ea3a95349090455826f50aeaea774d5594f5c6072e4d5cb2873d
630	6981	8	d2f3825d46321f55315c1d1bb47160b0a437de6beb0c6fc81052344b127571c8
631	6989	9	eed4d2b18889d787b5ba6aa832d9fb28ad6aad5893f189da2e030d657cc8c0f4
632	6998	8	fee4495b2b3af169cbd10752258530c182d8d16e51a2161f6fe5c26f15bd0570
633	7006	8	4bd381e3183f9534c2031c34d0d1199ef4177b700f54bdf011c3a0752c431943
634	7014	7	b398c7298aa6c758ee892737bea66730a29050c9c5e5c5044ecae03bd1e055b8
635	7021	11	234bfa34cd322d19a7daf09f1166d017a5096faa38d9b878e8b25e450dede540
636	7032	12	6cf89e18a728822d64b72d61f9bde6a3c93794c42a93633e58e7e8f2c849b0dc
637	7044	11	6004c8f31712eba2af3a6290c8ef8a4db626d648beb256495a97d1a4cf576a91
638	7055	9	7fab2352ad1d60041c263ebd90ebfeae884dcbc35ebb839ef2b3accbecaf1fbd
639	7064	10	a569483ff9b871010263f3093327c219479372db35b08d86ccd9645e118e4546
640	7074	9	4ccf2c1d60f84fed28881648840adafb00696abd709622b3e0b44886e391d736
641	7083	11	e9d34727749413fe66ef3722de10bd7734b72857a4a711945f3634881fc35f21
642	7094	11	aa2c62f3feeb1e6648d736759a442f01a02ef0943932cce2765efbdc2932d806
643	7105	10	a50d7141c1a9d5ea6aa698acb8fae5832e86dea28c9470fab6cd06b0b50fbf4d
644	7115	11	6cc7e4fd47f8c572ca8ce43daef4daa12ede1330c4fbf6710f3763274c28e3b3
645	7126	10	9107d2014fdeba291a7ef2d303297dd2262e929672ebea47b4fc15be098f216c
646	7136	9	ad483b4d04ae2fe008e9733892edb753ad3d465b3e18a4b0eae60988aee062e8
647	7145	12	4ff14d00ce0cb649adc97493584a5d849c97b8104e0b3c64ba0557395e92b2f6
648	7157	11	7a9fa4f48c866b3fa40eac86f41e2ec4c1027437f0a0a6742328f525a83373c6
649	7168	11	4716bdc802def0cf22e983804ccb6e4e4f937064be6c7235aef2791543542eb7
650	7179	10	5d862b47b2044ab7a5137f5a7d6b1f40f51276b67e7b83120a7121e820a0fc66
651	7189	12	d150d282aaae8e29553d9bbdc1b40668f32a1dcf2abb271c4f278fbce4be6f53
652	7201	11	44db3f8270711a2e75b262b4d6ac2b05463aedfed5db6ebe607f0aba08f8694b
653	7212	11	a3576e6289afb0e39419c8db287854e3957123733d674770d94cf358c56eb4e5
654	7223	10	c6b23da5914cddb1ffe67af54f6c4bc0ea87e9eeef2edfe213c736fe01f06842
655	7233	10	4b3feac0efcde394569b43a4660becf62535482a78d3e62d681834c76f262619
656	7243	9	f3f0d8cf3ed54e51fe37dba484d66e853fe99c766cd6faba87dcd81cc72f457c
657	7252	9	76185103d833505281df461f21747c61d88dd292497fdac6a933374e7fa90ec7
658	7261	7	9202dccbfd29c50b0c37e87eda6e81a4d35529f369977f85cc38046eee63c0ad
659	7268	8	fffd4f0a51f2e99ffe984ed5e07a844f52717351aad6d8e66ebbd2e2610cb5d4
660	7276	6	55e9336f970dd4f65c4f07a36c281a71969a6addecd6215f990b06ce06ca1b93
661	7282	7	73871bf71637bdc1badff577304e3282514b6270e2540d9584a5b44147647811
662	7289	6	f6ab20b1fbf91773ec90ee92acd7460e98ba887cc884dbb76a124d9ca99686aa
663	7295	9	8a95211c22e93ba94e41045bd5e624630b811539061f82be5ff271eab910bbf6
664	7304	8	b16a69e4d6ae3183181ce3cbe1996744e6addd2982eb37e98bb834a00b278050
665	7312	6	ef374a211937cf8d12d7d0b48e0e151cfebf1a57a4fca675d5de255e7bc38089
666	7318	6	796b25af6653894987695892eb16563a31af12249827cbfb078adb168fc3daf4
667	7324	13	fa5cc249480394f95bf20f482b5d9e69600ec3f4b9f3debe8ba999d8f0b75c4e
668	7337	13	93926ee23abfb15b6ec4c3556e21988cc138708ed29b538236ab38b6273e4c72
669	7350	13	34fe79b7ff26157186712801f5fb3985a2a2d11120930cfe6d1149dc46527ca4
670	7363	13	dfd835f1521acdc163c7cedee32c86a94fba1ff20781143d844cd4e05e31664e
671	7376	9	ede2d2646ce1e3f445f812d2ad9d3352b61b58e65d7b80cb2fa582a9532477bd
672	7385	8	72335c2fbe11da755787ba077d123c8be4c871accf37c0091f3f44cd6d537d90
673	7393	6	de577162cf85d37b9a929a4aaf3284f1c689664141b8ac99e534aef4391149b6
674	7399	10	35bc221a881463bf216b718702045f721eead08f90fa0f4ac799c4fd52390b4e
675	7409	7	3cff82d6a639f4345f9aa5fcaab58cb90fc75cb28ee1f9de3c8006641144bcf2
676	7416	8	f082b1b5cce8a742c41a1799c3c483c6704fb264bc9e7ddcc36eb36a557d1afd
677	7424	9	dd7cea0a848d47d47cdb3142530d1928c96e3a574a81e5276d544d70b2cbf48a
678	7433	8	17cad6c73d813dd76e2245fe23cefb7357b0e53a3fc207726ebd2939303c9be9
679	7441	7	53d700a8fbf80408e991a0f07df0ce16b6aff54a000ad44ff10bd19abba2808e
680	7448	7	21d459244bed65fa26d82a0db2cd8daea4951b979740d98aa16ac48dced7d242
681	7455	11	04a89b5bc1aded6be2d326aec4dfd0d2560d70ac4f6e5655cac7a83c483132ca
682	7466	11	a2fcf3ff57ec7492dfa64e491c41c6c0864f07d6d0bd2981c946a53527555c2e
683	7477	13	74686fcdf38af29cdbb3bfa81d7165e4e73265e318228c89cd78ced87150f4cc
684	7490	7	a40584f42b615e851ed86bbdb975f8895b5a482ba854e075c1cc89c2b0ce3497
685	7497	7	ac8cf514d0ec9cdb75574a192af34f551ee09d093074d0778f81290bc0c7bda8
686	7504	4	e12e78d43266c5a2adb8088eb379c86ca41b17411720ca81228ec894e3118d96
687	7508	6	48cb4003b29dd27ba68884d70d4369a79d61a5b6ef0f377230fcc24df8852313
688	7514	12	55c05421bfa06e4270d9cdfe29ae1fa50539a4a0e53d6b21972e62468e989dae
689	7526	10	6b2030f644e4ad2397f95547092e609fdc2ab621556cdefc1ea2659ab8298cda
690	7536	9	e26411c57f4dd432c55e24ae54c0c5fd4bb223bff08b8116d3c4377a1f6343e5
691	7545	7	eba7cc85d2cb6dad456c9c5869e9f4ae16933eb7625eb80faafa0e77bbce993e
692	7552	9	2585c966696a7a53bf49b55b863d805ae85963a0436a46e1961b9b57d3bea939
693	7561	9	cbdb043bdc979c1af089965fd674d6b6ab0894b265b94770849d83ddc9ee7e63
694	7570	10	1be05d9b6a436d2b9e5b3c31f6ce210f187bd3110df13541a8dcfaef95df2ebc
695	7580	9	3f88694f01e7265629e32ead528d972a5e95811a5c07c4b7631424a079d7ccf4
696	7589	9	57181965e3218dddf6591ded58265e34e6d46cc3ea656ef072183241898122d8
697	7598	10	91efc9c896484b232a9be6e27565df6658477d0a54a69aa70d2c2136b7a71c91
698	7608	8	2970290380591baf545f361c4fd13b869f91dd9e5ef9183db949a1490b5b5b87
699	7616	9	15f59f15d56194877a22cea7c77926cb09bf2a78bc49215ae60a374fc46be5b8
700	7625	12	6062afbdb1965bcce2ad37de4f3d8e546688792ff9bba299af8ca9fc90a7342c
701	7637	8	12d181db745eccbdf702c20856f542b2fbf33d6ce3ffa5f9a3808a7a5cea2cb8
702	7645	11	c8a76fb41b0448e4111abf855d3a1cce306ae4a576f3675cd3d7decdef44edcd
703	7656	9	a2b2e1753c04d4bdbe14d69312e45069673aa3d75ab9f0199a3e82c301395d03
704	7665	11	17489ceb82dfdc25420d8c33bb7d4c81c55987e80bacc283e8d9bd657093c63d
705	7676	7	9be955bca732b32f461e7dc104af789071bc0ad2630816cf3a8a7e8729a16f90
706	7683	7	0876ef615fcd78ab03942ba44ed1fd4dc53ae926aff96390296250d7b65850df
707	7690	11	673b8e33abd1054dae50ccac3577b94214610349955209c60b1015ecc25f1489
708	7701	13	111cf3af59695db7c0a1e65a8b471298f53ffa4450a74f8b9da84b6d151d2abe
709	7714	8	9285b2967e21f8126c5f9db7f43c0c28105583df7f8ad43a6adefa58122536b2
710	7722	7	feca5a7b9b104e447f5cad33eafd6c88868074155353e515a18d663e5cc3ecfa
711	7729	9	78a60f3a2b37ad09f62b6e2e2e1dbfe5082c0f515a6e5022a36b6f0b518582e7
712	7738	9	bed4cf544de41b024fd893afabc8ade626eadad2ac03c7fffd5ee38d66a0927d
713	7747	8	0705e5d57c9c648df552f328b1beeba405878d146d97a478438d9f590369dbaa
714	7755	7	85b10c1b6ddefba19adbeea90d28cd8c8528689e29f02ee95bb5816cf144aa6a
715	7762	7	32ffb21b44c0cd630db56ad2cebf4272f770c1d34ac23fe28a869e1e8b006496
716	7769	8	877486d48f6969107c7e14941829e7f77a69b8c8595898ad8018017db5b7b655
717	7777	8	cd74f8e2053582345853882f00fca3027c77c5e91d8b5de1d06483073bf6ce55
718	7785	8	d0a8008e8854c72adee46d9e0975d652659fdf65ae54d541bf2fbc4413392d0b
719	7793	9	e23d11b595ad1b091af2e8c3ad88ee4c09b3a4080a98bec2932193f6b30c8044
720	7802	8	db2db6dfbc223b24c6cfe17fba4cc19670bf11e7be8d64e91892908aeedcdc60
721	7810	9	1f54c222c5f02313aff59276c03ffa8d077210ebc3b7643a57407b9991876937
722	7819	9	67733d832678afe7fdce620b2960b2e6b5008f062cf6ac5f8b3155917414b4f8
723	7828	8	d38058d2719b94eb7ad7ee8429aeb6a40427070628735c2700ced4735a27ead3
724	7836	7	75d8a0d509434ab5e25cad48696ce412a7fcac80d49ef2aec3ce48b68afffff5
725	7843	6	3a0c2c7bbeceeb3aee6f50ae34443beb78b95c5f5b497b30538180489d3c4973
726	7849	10	3314c16e0eac376ffae90f3e9e82c47cb5718197c2ef44ff0882fb0515360e85
727	7859	9	5493ce500b8d7ee4487c13c2f3d6382e31f414d1031fb318d9d59f5c55faed51
728	7868	13	ecbc3d2aae52770e4f59464418089638bf3c3ae2f8a20fae039e4ba227b6df4c
729	7881	11	21ad20ab5f8a6792bd8068cee8936e686dd3d3df42a1e3fed07e9c73201b05dc
730	7892	12	9839a991aac22d7b3292ea2b1361c41b5348e96baaa47869ea9ec9143fb6ea39
731	7904	8	18533b16bda4b55ef28916ac92578ef6281fd52d82aa13422c130edb27604fb3
732	7912	7	5fb90ea20449eefb0acbace1339f502ffbaa40ca19d8a335555f2ee821484791
733	7919	7	333392d291e83d59b97f519e3781a574faa04aab476c627ec0e78977aec52924
734	7926	8	33d45b43eeab76bdd1a0191bc451a520d55068f60cf9e634c18380f83c1da0d9
735	7934	8	d8975d86f6638883398aa3ce4b627b9d1eb401e880ef0d4fd5cbc135737cc4b6
736	7942	8	4692375532d419dd758a2d0cc4e2f82be2f80f493de5dda7fa7a00be3aac4f24
737	7950	7	a58dc548b7f369cefa6f0814bef522a61dd7b480f91cf557682a4e37f37a923e
738	7957	7	d79447c1bd7e58c65cc5bef23c3fd97fc3811f9ec321171ae5062c0a2fbedda8
739	7964	12	797b260355307f0be7c6f08a37e07f2d2c282b29e2a58d06851923a4fa23a0dc
740	7976	12	dc8c523595e8dd44f3b13ae92b22fb67805481adc90ab81e0d308f65fbf76d29
741	7988	12	ba049446169622a0fb8d935f210686518598f5b3de22164a6ea07fe48191b7c6
742	8000	13	ab0c2554cc9bd881d56491ff885ef494fa29d9100494e818f6f86496b09107f9
743	8013	13	92ea806f91471088f35b67ff723529747f324a1576acd7250fd3379c7d116f2a
744	8026	13	d89cf2ef2fed7d03104af3f1add914b8f0fe6d5943512a2491c6032c2e8123cf
745	8039	12	3b14ae09d5b1e8239c34680e5727344b33e902ff3aa5b6d686ae4ac89a59c5b2
746	8051	12	12ee4c0c980033ddda7c952cc8dbff538d457f38c7c38546625021c419af9624
747	8063	12	5c3f1f4b827e12d5a9bef05d7f529077acbf96e4cc479f7c80b109ffe230cffb
748	8075	13	f10de8c6a9b47699561b8620738833f1e1db340e7e6e21395747ae8f777b339f
749	8088	13	c46f4cf6dbd6b9d9f067b6f86c912d681fcdf0ce6b0cd66de5d18558bec92b2a
750	8101	13	2ebef9a1add4f508876abd48e8272b1ade0f5be43dbbff30e5937333a7fedddd
751	8114	12	b7091000d7cbc8e468d444f3c21f1a5d08dcc09c088dd808ddb8d423fb981ef7
752	8126	11	b183df6265e3ca556463f786eb841877890cc2a5d1db8d6d5473082c1186c5fc
753	8137	12	091d17ce0c432bc6296e9dba67903a9b04b27f6aed2beea6ba183c819b8cb0b4
754	8149	11	af3abd95f5bef00b578ad53d4ed254b06c474c40787559299825712433236b2b
755	8160	12	e20462270b3abba4e3abf3e039041ee326f6f0b9e58865263a33784100e69f50
756	8172	11	f7a9bcd1da5cdf4b5170bece03744e84682fdc47ec5cb2f95b3f1c1da6b6f16a
757	8183	12	861e1fe5330145225c138db3f96a401c3349b709e0597e30bb59387f3095e08f
758	8195	11	029a20d53361524d479729fae27403c72bd8f326de865b396201595fe6d22da0
759	8206	7	8199cfb73d7803a3db6add760d1e4d416c59e37c0c330e999de2145a22568406
760	8213	9	d018e0b9bfad213c44b171bfc2f0db25fabafdbeb39631f1d6e6d6aa52802285
761	8222	9	aa8d1758fe05a69ef972eb435457a73dcabda49dce45ebe8a0acc311d88fbfa5
762	8231	8	046995ac2739c0b5e8d1a37af7d247300a47508e8acb223fd17c6ee711f67f63
763	8239	7	20540c16db54dea00a4898e5570b6dfff6f1b350f808a86ff5148d45a3646325
764	8246	6	c815190d915094dd64b700ccb582b93bd4ac0339b0e307057559936e8d83d7ad
765	8252	8	07dad95442ae3c333663d5ebdbe182b4a48e027f07fe221fd452ca7c1732ea81
766	8260	3	3d8dbb3cbf41a3410ba03a2aea1ff5a0b608c4c5318db0b9eead0be4dda32131
767	8263	11	4ec8b8da31760e1ca17cdc516ad632505b170ccd82f506d4becd671abce457e2
768	8274	11	fc64bf2c3cae41284b4d9b669814d0ab456209b50ac6f1dfafc3765b53ec612c
769	8285	12	b0905ebc9474eb6537f1d9b7cecd25cb7b6500bb8be891469fa1005f62138eaa
770	8297	12	88487ce38d92d6dd4e5afdb39499e90ecc4e43724edf7dafb670a005a76dcbb6
771	8309	12	0e73df5743d725fc4f5187809c95d8f17dad1874d0c46e2661135088864e2d71
772	8321	11	dd16055bf1178e18214de0150bf8b698822176cfd5be7480fc899f4694943b2c
773	8332	10	db13439591168bee5edced5b7fdf548d346639dacec07659c3430b23bab8d5b2
774	8342	12	3baf15b4a110f5f5ce84494c88d59ca49f8c5571bf82d5837d22f76943d426d7
775	8354	12	304ad03b771a63d8fa88218e9befa8a1052210983d9c6f215997737f374009fb
776	8366	13	8ae9b596859b7a99b18b08719e71c829d77bf9e12b3b8aafc80c7edb25e1bb73
777	8379	12	60e80269dd781de5bf10502fae886213f9db5dbb23922525c04f2f2071a3db30
778	8391	12	933ee5e800cc083c669310cff97bef370a3c3c691ce07900f44a85487ab4b925
779	8403	13	de66994cd7e2fe3b74c54ecc996f600570d76ef7777c5f64d1b22916e8652619
780	8416	15	1356ec5f70872a594eecb91c29555e0cf2dee40012d1fd74c5b73154150d97c6
781	8431	13	710b4f56d59d4052f25e01013374c377390d723a740a3ee7045435d7fcd3253d
782	8444	15	978905935d603cdbb6b84f4cdb7c8eed5289669e402b62a5a9dd949d77c0df02
783	8459	13	67341948df162d9eaa87666440a5be393e04f4b4ffffc744219c1397ddf06e8a
784	8472	11	ad9e95e9ee6865ecbc680b45db8c54e04c7036a1baee0b29b21c35f3eddf9480
785	8483	11	95ebaeb15946ed8efd29157dc4d46694532f424d99c116af72e24ac181520d44
786	8494	10	6a708cb22fa7edc32e6bdda9010c6386caf6fc95d35a77191444e1bb95e55467
787	8504	10	cfe17835d5e496ef5643af6626a39543b67d2361a93ea7882f48f215e9c8c20b
788	8514	12	9fe1a82397c2b11aa06e68f1a9f865eae31b6f63567a7756df244f3f99a75246
789	8526	12	bdbaf8f2e6aea5f36a486458c06f74213429b1b11fc16e079b0140c977c10ebf
790	8538	13	292957b3c29a8344aa6c92c8b181783a50c7c1388158df22bb8c31c3a3b15664
791	8551	13	6133a41561b94771c8619b6e9fc2b1ef7329a17a5d4698dd327c5ad34af7f666
792	8564	13	d609be721c611e547653a1b3778547b75fb0b6011530f414fef88b652d2eadf1
793	8577	13	3b2c13ffcad9ec9d0e1fb7560470dbc6ce8d322e5ca8ba0490435c96aa7545d9
794	8590	12	f627d93ae02bfd41fdd415a02edf3f980b7f1a044614bc0a128e5e6101407d2e
795	8602	12	ea45d68aa1045d155fcde8668bdc5240d1d1e6d8a9be494a98bf6ad00b4c3708
796	8614	11	33b66c7df9d8c9969807f65be5acafc7b22616500bf84d43b145a504df0a3870
797	8625	12	02d8072623222f10e20ce9569b7061a3a3aeffcad4e367eacf00c34b118c9639
798	8637	12	cfbd42401741d9a432ccba312472997c4f9415a6582e0f1113ea166b89cb155b
799	8649	12	30a1664517e8baa2af7d1330efcdeea8a66604ea0f25df39b73b8c37e041b3dc
800	8661	12	f66335d6cd0cfec3e8aa93f4695cf2435525c34b2833f19878b8825bf679edb5
801	8673	12	167505cbf04cebf6560cd9e6c85252db3f74deba5be054e575548d86585ac8d7
802	8685	13	f7c126d84a4273e87ceaf9238a3dd71c4616994fdb81f79aa38653a593632543
803	8698	13	35fa589f5383038d272518bc4b95db87362ecb5fbed503a4362d2afc911a3fd1
804	8711	11	f7fdaec633089f0e6fa6c029bfdaed21e834a4d56a268cd8c0350ffb4bd4a061
805	8722	10	4dc58b512f5c3edd65becb7382ad236e47b3bd43664c604fd54bf1a3865c9b12
806	8732	9	b446db9cbba0321a896f5c3b103505f5fb51637b5bc174b095df20daba4b9863
807	8741	11	8635f276f17de3cea86f542fc22036f8ef1c80d4cc81ca8dd77416acfecd5409
808	8752	12	988e6a68b715cb2c0ef9e84e9ac841f32c2140ea5e7fd89e93157537a07dc32f
809	8764	12	7a9b97d1b856be646fd519cdf9c1a213732f158a533b90430ff99a166f84f43a
810	8776	12	8a9ceb620abda1d743ab9bc0f7bc91d1eba935fc0781d6390f406c5cf2be808a
811	8788	13	547a69317af6431602eb401f882ebad0f554993e8a509bc2d4d0b108483ba595
812	8801	12	ba4c1f04be8f6e1e313f0908c8554ff700c3491c6bca4d0c6191ac783d8c4878
813	8813	13	862f95508a7293cd2a46953693e018ccfeb7488b23e69e2b0e302f4e5aa97553
814	8826	12	b4f707ed89f67b729f051f93506d4dd8f644da1a900ebf0041b53e19017cc5d2
815	8838	9	38e99a16317612437abccfbd26fbe5a9e1ed75bf19ab662dcee8dfe51686d5f8
816	8847	9	a2ebd5f3de21f0bd043fb9d2fb7181d42f0a041fddf8debb0fc08f2c5e9ce11a
817	8856	10	fbd8186550d90a7cd58d349a2c9edb5c62804a377ba035316ef7415bdbcaedac
818	8866	9	ab633648d1e7c71e93f860fd3885857f04d0abde2d9651e990f1cf33770c214e
819	8875	8	228c7862c8e1c510ae75e6edb1f7f00ba671ac6583eb89b67c7203bf12ca683b
820	8883	8	b97f62224cfc8d8623e794d9382160f725b1ee10ca4c3a5bf1cd717c90bb3eb3
821	8891	9	bcf253ae2a5e6e90ecf0a46e0ba3443d0fa7dbeeae78812042d276bcf6d1f609
822	8900	8	d742b415c52dea122859295145c6256a4c4dc29c81ed664cd8c6c1572ab451ee
823	8908	10	a9f7701bf63f056b28d7141605117afeac390a3bf04d2b9ad7f76675fd8582df
824	8918	11	885308bf7cc601fb85e691b86da0bd9c048cfbbe5a9ab1bd675328a960ee5ae7
825	8929	11	4edd66ec51d4108c439a88a8584c0b718acdd7b5179c32c0b5ea1e9838d88a6c
826	8940	10	6eb74cc0176f66214746c0cf4f12e1d3756bd740f31251f505e4b97e56a85269
827	8950	10	93c702fbf386cdc97f20d81c07da70f9af0448fc06ecedc7ed4171020401f729
828	8960	11	3504f4fdbf2a53b7f5d4750b337b6106e136c3b872c595ffedde05dde22be9a9
829	8971	11	c231a3170589481a9035fceb96002c6b5648950c0e9bc1aa46ff4a9125fe1651
830	8982	10	3ab9a696c49deb30e3c3065fa977f1abfcb6ef4adfbca53ad93a63794a4b5179
831	8992	10	0156e5d3318a5fdecfcccfb6da43c320464423292ead1fef3d0a77744d94298a
832	9002	10	2ae50907f79c62abf80dc2fcb2f0653aa03b7e164658e3411e7d04376fc833fc
833	9012	11	1ee75f0417e21a24f807f23444ab34445da94072d74663950398fa437c0de204
834	9023	11	a29a7bda843c301ab28f3326310cc224193fd3bed3ae21051aaf6de199cba6bd
835	9034	12	9a94b0703d786048447ca76ddea451894c5217e4d3200f019799f8997a8a2ae1
836	9046	11	d3c385a01e4f988dd99598afd88774ba82d3b777c400d3fa0b6b80fb8c7fd84c
837	9057	11	da0085ffb3e091f2a7acfd7ecfd589edce2a0ddbb704910ffb9f6425110f4f8d
838	9068	11	183804115a83edefd5308fbf87ba4be7c837e64084e96aeaf83ee5c5f1946e9f
839	9079	12	18c8581670c64233711d8dd4a3277230ce18ae8407afb31c0ee3d2864f9dd951
840	9091	11	93783b8b29ac7e46979aaa8b755950daafba1228187dd6c62bd4709c3087b39a
841	9102	9	66275c4ed5418a040838971eeef3cfa99750c3dda5f292f7419c97a36387d417
842	9111	9	2522ab782bfab859bbdbf5c53870a3c92562be5157173ae0400b96c4efba0c52
843	9120	7	635e3aab33b3bee40862d1d21603fb123be786155e4b737465f805e73d85c6b3
844	9127	7	1af5ee822bf0e5ad0728f416069abb3aae414c7af45f88b9ce58be7de32c7c23
845	9134	7	c88107fcb23cdc8c820cb724a7705d746e619e6aaeaecd9660e2ba5eb2bdf398
846	9141	6	64d0633b842cae8bd2a69071de74f421dcee1fb4960be4f06d1c41070840cc66
847	9147	11	531a6db1fc08a90f5ac8ed498623786871c79ca5d11dc94e424e6fdea64a4e0b
848	9158	12	25ad21faed87c36cf7ecdb800a9c956b8c250af94c6b5f2702fa9bf4cc95eb75
849	9170	11	5ad4d8804461a67fa1b2645cffafddd0649a920327fba7971f69caccc91ab255
850	9181	9	49cab6490e54426c00f38c2179fecc666b7f2d7f7e823f279078521b6e684152
851	9190	9	af98657a653b3af6497efc5ea3da08acb836e780049b37f65603b312f3dc6a8d
852	9199	10	413c8cffda09bfa66d33cc35eeed56c7c2ae3d3ed3176e6408009c96b99888c2
853	9209	10	b7a3dfe56abdbdbd666b9854f6e39c2e03df23270261a01906aa9369ce40400b
854	9219	13	db689a9cf451045c337fff92a483ab6e1ce473046d5755909c4e18549a51ea20
855	9232	11	8f17e031c03beb601a2b865383755cd2cd397583e252a017038f72057bb54665
856	9243	11	e1604ba886144760bf698245a0f00e7418a122d1379f8dbacb7bc7bc3798a2ee
857	9254	12	69decc606440ea2e6c5c39b9d6e36b46aca1cee01d7505a1de95cf97aab0839f
858	9266	14	f56803afc88c0d758bafc27ee90c9cc227e26b041f619d4bd001c3c09a5c8756
859	9280	14	577a332d3e127cdbe35a43989ef18c0d4e01eea2af0b3dadeb9cd5593b83b9a2
860	9294	11	441fa447e3e0a056386b8b7fee793430d4f0ee1d940f9159f32bd7496ad36586
861	9305	15	aa330761195c6fb448df17c6438d45e0660b381c4969a40e0c94be552a9eb811
862	9320	15	97a5a6d2041e36bd275fb36e536b51458cb6198cb3e279fe9726cd33f076e335
863	9335	12	d5559b0c65d7b101aa01adb8673b40ce222983ebde8482cda5c97826b837efa5
864	9347	6	3a33c555cba4327e0a993a3129ba476a705a6b7b7ab7ac2712a48663ad2ac073
865	9353	3	30bcc19394bf5f49d9bea354b5c565db2f52270e13746226a741086617f17421
866	9356	11	793b597ed0eac77cb8f0969ff9f8aeb356dbb9c467f3f090fcc07c80639cfa75
867	9367	11	dede2e2cdbc83266ca33e0dbf74423be3151ffe03fb88d8185a69f4df94372e1
868	9378	13	2bdbe6196a43b7fd6cbe71e2db99365fccea78648037abc481f97dab5d57a060
869	9391	10	1c82fbb0d073071cc89127784db58168e2833fee98bac07fb88aba77d8d0ac91
870	9401	14	cbc46922fbb50b8388cc2809d096e464b1e8b512c30014a49205800fb6c29556
871	9415	14	1fed1c9a80468e6b5597b771ae6568d1cb6d7ac73870098401418614816676f7
872	9429	11	f430ff3117854de1fa9ab0e1379f5253bb745258c6511d4d9e65fa865d751d25
873	9440	13	e3a5136cbd4e202daf659358afeaa94500df542a74a8268b21b3f4727f4a8013
874	9453	13	053cf799c6c0304d08011ca817adef43133775f1e2dfa6167245c93d990efabd
875	9466	10	ee53c9089a1aba900c4a4d72462ec3ed92a058d26649072939310dac8c54a538
876	9476	12	050d21f9432ae8ab3f0073aca80c1986db24400644d38e174c47dd78bc38137a
877	9488	12	9e0e5c05b06562bca59e4607b3a1ae1d59c956c5fd9bcdb3aeefa62381b61790
878	9500	10	5d7520fb323d3cc1b91764294d1b9926fcb2d77dffe5f3768a36073b9c4fb2e0
879	9510	10	8e4930a61dd7aeb14fae2efd78ed589e4ba945788da771dd88a2dc922e2101b9
880	9520	9	8a55b78a187f4fd3917ae87bb62bbd296dbbf5fc34ebb86098334c9eec84979c
881	9529	8	baf77027074760948f4adea419bd8d255219fb68d6719039fc4fba65ef395c07
882	9537	8	4be4fdd7356ac052e8b420a24096db9dc2930f400bc703207f71bc1c0434b3cd
883	9545	10	10fbf74225d49a3b3e3a8d9d81c7b177f36516953f0a4c90b210b2d0915dca5e
884	9555	8	48bf46155570ca3247214f3d550ffc71a9b35f1593b7a3dd2f8aa19a1b154748
885	9563	10	43e58b870f712c2a65f32f5e7991f3ade9b50b4480218948e2aa35cf153243ec
886	9573	8	66f3a4b63e48b3be68c4c964014376458762a316e6560c8df1cbe53f600c5828
887	9581	9	b9f9c2e32f50e58d312b0b3f23cd7d2786a3aa41068fd053b9593b7f86f9f953
888	9590	8	8fab1a2e2afbcd6d5ba2e4b7f77b4a1491562e78b3f39f96bc962c6ab8e44649
889	9598	9	506abd1fc7bc16a6658daa9111495d2bcdaad34ffaf5b961498380213dc60756
890	9607	8	477f960f5e4e86b0eb30432fcf256819909868897d3ce55c99e64810d78e8121
891	9615	8	32847ac6378d7f20ae659936079d8e0a6a82fec2bab03dec2c1985325f23f8d9
892	9623	8	fb1a056636bf25b4350addd08489cc5defecf2107b6a624111ac2def632ec138
893	9631	8	ff757a5d1a8b6b6178ba38783df90c2d591c315c59a24d3a7eaa8b12a073220c
894	9639	8	7a74699fd636a60c4844c7e447126f72466f657041c20b30f941bc27765c3300
895	9647	8	dbe638c30d3b4c35951900b34971187cf6df190a8221c93b9999783a7f20fe79
896	9655	8	9d1877a8f8c12581cfcd4fa51e0171e4a0598d9c88ffc102438efded4cdd077d
897	9663	8	a14d56a94325286f360378fa7de34d91fafefe0d9c3eb06d0341dc6bcb50c504
898	9671	10	aeaf4c7ac0a5043f90808af210268e3e60f5316102533a1ceb54441b9ab2be91
899	9681	10	ebeac446201cdba765fd49719bcb074ddbe361adfeeb076769f7ebe34999a919
900	9691	10	63254616b8265173354a70c233cfb1726cf8318ee2be77da2424ef37128dcdb2
901	9701	9	b21d292334e11666a612c020a7a311c20df869a6dca05c6b3d8b69f0ff619a05
902	9710	11	cb2c21fe7ebf3d0383f3f27737687a10838cc3d723df4a379c8f6b01314b31e2
903	9721	9	46d737683eb1a3f56a82fa7a118a883b6520d16b4b8ce23ac5a6a084ccb3d4e6
904	9730	9	094bbc46a5e6118ab6b9ca18fe4b694f6ae8167ab9257026cbdac775415477e7
905	9739	11	324a23c1781627cb0cb59c8fd73df7ce7b5c01460e3a4002beb5283ab434c6e4
906	9750	10	f31b9f69329b94879ed52c01beaada4efc9c9ac67a7267cb3c71284759fb0e53
907	9760	12	262869e9b9038bf52cf578d8361cf9ae0b18aa1a97ca4284863facbf34905892
908	9772	11	39eba233d8fec27e6da4346aa793dd4885474a04a0e185dde2d76711a477c5ad
909	9783	9	6df95c6e38b9306c7f003a26273be69d8dabb0827f077710e25df60a3edfed77
910	9792	9	4f48ac39adf38508cbb8bc2c6b67da451ef5dbee6ee67bd1914240a2ae558e2b
911	9801	8	c2c68d399c6e90722536e0c9b33fad087c0498515b42f940a1e7209e778e4016
912	9809	9	49d1f27d5282b1fea2184e10bf5ac0deaabace41d7466f6a6351193d84b529d6
913	9818	8	924c78421aec2c1d7f74ccda736287e60bb0a6b6a6b52fdcc09b9ecd9df164a7
914	9826	12	07bb84f6f126ec0fff96c6efd7ed4872cc1bb824f87d4626fb51e4e967b8e67e
915	9838	9	cbb19712951df0b59e742eb167cb68d75f2caa55728f1b4f7f5b59dac13745ad
916	9847	10	94276463babe7ef1e9c77512d042718820d10effc1a82a210d9da89add7ef56d
917	9857	10	62df7756721cd5826fd1c98eb8672a8242a2bd641b0a7824a1760be4b52a745a
918	9867	8	12c3fd4dd2273c29c8f078a7a25cd7324c55f32b4f1266422cae704352fbaaf1
919	9875	9	c07e49c852cb436c1c497df5f5f580ff4f4cb6e077be2bf4a08905e7e40cf93b
920	9884	8	3afb130a8e91a8c6c292755526cb5c5372528f205feaa431df1f6b15756f654e
921	9892	8	f4417de785231c493f5d23d866f726fee13f36492d71fe3e540dd8efb656edaf
922	9900	7	ba7de86ef87894f251aeb354c5e07c2a857781499bede58a504f0d2133577211
923	9907	11	66f1a14d2f19a4678f6a70b1cd8dc131a07cf87036d3d91386c35574ad9df3c9
924	9918	9	2e0c3e91a1da7e9346eda9f01807a8b9d6a43a34e15c7e811eb0c184ce5382fb
925	9927	11	4e55eadfc6e57c6a7baa6fbda6b051a9409599d9c5894ef19a1a03b518cb1c50
926	9938	10	39c29fc0bc0bfaa2a4e3b6932563336c1b55ab1955f740631e8c0cd911016fd4
927	9948	12	e58f11b399cfc838925a5c734e430e36a8b9b3cf57474b2f920c74de7f2f5e31
928	9960	11	f5faa382f076ffe22ad0879f10335cdd749861b768663e13d10d278ee0e57dd2
929	9971	11	b25b3d6fb8b643dd476b9793aa8a99016df85457cb664c4ff79cbd54652599bc
930	9982	10	2b9d55aa814004ebfd550e84e8a9713e9c285c16eee4ec6f2fe0880265ba941b
931	9992	8	86a7a0c36c94d75bc2a3b06d25780321cc9f62e5595168462d3178235070c0c8
932	10000	9	af4bb03fbfe051896a888e0710aac28eaca74bbf419d7db30ce793cacda59695
933	10009	8	3f3277d23c9be02b1ece2406096db56cf318da509198b1756d3d5894820bcfbc
934	10017	9	b75fe185710b2fe6130ba706cf116cd7acb197ddcf865a8c23fdee525eb550a3
935	10026	10	01bbf92d412afe6563b45d025fb79a14416985a95f35a0bdba29259e1b56185d
936	10036	9	8f5c48a19a13d761965aa3152f0f69b922513f861521561fe48e002f53c67c78
937	10045	9	18b14ae3b646307a904bc9bf018e0919b201d997abb10a36b5d569fc8414c09a
938	10054	8	e43fd63c98c605860e84c99f554f603567fb4e14727c99fc71372e0bcd93d7df
939	10062	10	2d149ca62ffb3b23254456cf38678c55b82332b4d0936448bb1d72f980c86b75
940	10072	9	4712a56a21860050d24b80c095694ca21956506a81e3ca4146820c23e5861340
941	10081	9	1b38566808e2b8d6c11adf746ece2741ae8914271d340033c8e1faf7797c86fa
942	10090	8	ff00aa9cb8de34757115c794c4c0dd1474dc6c6798f71ff27732e18e5e738d28
943	10098	8	302f4e11082fd050ce6b452f1e3d7f2bccad354b81bb91b73024eef0723c8706
944	10106	9	bf80a1e318c7b6523b7f6fc5ee3dd8157e4fdb2f63567a7af698e249bc5fbec0
945	10115	8	a0b24fe4d69936e11e5c38297eec1ae899539294dde20826d29999bda70366d7
946	10123	8	8ff29598159a093572e334ab9dc4c460916a4bbac7203ccc14c91b70f1132b29
947	10131	7	af3db94c8cb2c238051ac23f2b9b31753917de146d7d1a77dea5fad54be88553
948	10138	9	53e6baa092e2da8ba2a9c0bf4c637b20cbdd3b5ed182a1266dbaefa99544f26c
949	10147	9	e507da3fa971de889a7daf639b0a43bba18ad59dd93b7d684e61f61e0ca89899
950	10156	8	3bc2e6014d2a961787e4388f3097340411aa0d0c7981926162f772795c464dea
951	10164	9	be0b49f6e1395787418f29a4576108ab8d49d5252e87b60fb602e6d8d894317d
952	10173	8	5c29ae62b6739ed1d1da442769f0d6bdca45392b6bbc9586bacb79118b1cb879
953	10181	8	e0d7c9d726ddace33167918b075995b38fccf8a393a1b7ebedf41c217d8566d2
954	10189	11	d35b80e1756b1bc1217324c9a12fd3a3e30af1cde246deb87a732755933f52a3
955	10200	11	f24aba9d542766067e8857792e36514d2316adb19a93cfb73658bc69fa0d1e62
956	10211	8	e5bd884a48a0c1c488dc1c6aa77383b5f0c9420e25a0d7a30b6c6f5afef03686
957	10219	10	0a3e1ee3851f6c85eaf764c21336af2e54f0b26bd887517eecd1d2a155f4bd95
958	10229	10	277ace8f7693f59701cf59ea01da4c744eb2ccb84c17184978112f86aa5652b3
959	10239	8	b5c159f1822b0b2ebd958a094fab66d92f90aae209f0e87017a2edd2b864e579
960	10247	9	c6c1b4570f79007d4103698f1af51b7c40e8c027dc3582ae8e709e467f1759d3
961	10256	8	1860fdb35bf39f4172e0390fee3b548a53bd4f6fa57197fc6c41e020904c9455
962	10264	8	abe3642e206702ea0c8c6bdc21eb541e3db0514b1d83770e3be8569077bd16a9
963	10272	7	042e2e6fbacf4b1eceefca6f2859ba52e2b7735ef298c93bf055a4b6182cb061
964	10279	8	9a192d99a53394904cd97732cd2c0da3308804a2055c1ab9812f78c594180561
965	10287	8	bb04ce793dac9df72fbb3f6b4093f52c64b69d38ae5cbea9e9adc5cb5e1e2959
966	10295	7	1af30857ad474b4b024778ace4328907b19216b38b6c8b9619739804a1acd123
967	10302	10	e54274478f9d1fc2c45e678df5468eef5bc4585ccdb6ca409ad0cf917158286a
968	10312	8	6d2d8f9bee02f6523eb9b968e9dc2b6bcf2a7752802468b79cee5f3c18eb6173
969	10320	8	8db802c32e960d7c239b3aaeaa96128cd4814a81660a611cf47b9957b15fee3f
970	10328	8	118214fedbe5dbe64c52ae8ef3eb5ea4a25a9d0ea8261a68b63b53365ab84bdd
971	10336	7	a1d7a86adafce9d61b8c18d0e53dd5258869da85510f0042fc18b6be9da6687e
972	10343	11	7dff68fb00bc98f341e9bda83f0d1e57d0b7864e9776959d3e8b32bd5731ac29
973	10354	6	37cc5cf18caf86d02856a91128d4f3aa6a341298c577d5e67b67db39641a4542
974	10360	8	d031ce8edb494c58f6c097b27824ddba8b1b8d099deb70dd8749e30597705e55
975	10368	7	91f5d76bbdad75024959f33bb2feff6d802e218b307ada7f7d2065aa976ffe78
976	10375	9	907db4533a24fe55b70ef4222776b61428eadb4a71b2ffacbc5cfa8d5ba5b4eb
977	10384	9	94ec1c2ab16de4658187e9b09da9df118cc5291f58a481c38464456815c02768
978	10393	8	4bf48bb2948ed755a350c11abe50435fd3b91d2577976a86d071475194aa07d3
979	10401	7	5153f4881a51ac725aeb66005267a2b3b8f06411469e07f4bf686bc5f4b4732f
980	10408	9	ed249056a1ea86fa462337d3f8590a79202feb1f1ed2f0d6f8fc772e3e52ec06
981	10417	7	616ed6d7ff4544b5ca3eb787725194075350e59e2966f179fc23c2b32f190440
982	10424	7	4e48db775b2e6fb1b65d07f1d14ce9a5e96dbc0167412129f84ecf2946380b1b
983	10431	11	1152bf187162e998787c570bdd03fef652a778848a8a6054e4a06e58ad72f9e9
984	10442	11	f57bdc6b077ac7c74704747cc2cf5c918d28eda4d27870756376d0be13629a18
985	10453	10	379364dcf718fd5c5fc82fbbd674c3755080846f5c212a5f6ad0f21158658633
986	10463	9	86144089c315dcecb06ea86fd0c84e8bfd6529cb5bae965339b2b4c46ed38926
987	10472	7	74d13d66b7ddaeadb0b09e50a22b435514435e6438952471a1eeadae69b4920c
988	10479	8	d66abf78a148f2c916d0a51b00da078bded7f9f2d34bd41b22b6122de93df9c7
989	10487	7	6db142decf47875975f54fcf8f1ffda33efe96a27147c9717492d8a932902d38
990	10494	7	e30e5a0a18c3d4931fe58e1aab5ca206f5ea7f72e1cde3f1e56e4e582d6775ca
991	10501	11	f82aaa5eb2298f438f0ddd465ac4a43fdfa7970004fc1bfd2681d0fa3b92bb1c
992	10512	11	a3e704c37e72fdaa7ab9b9ff61b3790257ff360efbb1e5e389cba55dafd09a3c
993	10523	10	6d6ab07388c47757001d95d0d58c970683286b74b27d8743a7867f775042e0ae
994	10533	9	db7a2b5ec615716ce7b884d443e7e6e060adfbfd3256c7db7fca1eba5834cded
995	10542	9	289b7e7a68d32c494904ee90e76bf48d75809abbfe5901123c52eba928f399ed
996	10551	8	03c81489b4b1eceed7e4e7041f49affb85365fff93409a35e01f8d1899cafb12
997	10559	9	1989e1fbaf61d93c29ef69952eaac4c37838f0a475ade0931b67532f952e25d8
998	10568	9	edbdb57975ef7876b55fc1ec514f11d5576d4593a50db49260f7b723d95b1e59
999	10577	12	f13799b441b7a50fd244e155adaecb5d3841bfb01ceeee516766f1c77d6d1588
1000	10589	12	6f9a154101fbdfc70499fc7e15151c95c1e108f39ec1cb21cbebf5aba394ff83
1001	10601	10	38f28fb411318790c1f7dccf1457553d8c7c57df061b0a63117f0b75158baf4d
1002	10611	11	c931a535aba8046545d7b445f6619959a7a205e65e20264e2c3dedbc22999e14
1003	10622	11	72aa3c2321adb63e48a6b54b70d008acf6a345fada7710bbb984f1cb4e94e180
1004	10633	13	aa3489f2f5fc4f572a6b629390142b62b8df784793bf72fcbabb077bb452356d
1005	10646	12	c22cf306bb388353347aa2cf72a1993d78d4ec05acc12afc5113fb8e6197915c
1006	10658	11	0a3b6de6bc644fe5e9455ba41ff1e65eb4197540fa338932dfb9755cdece3574
1007	10669	11	eaa87028452ffeb7814afa38f8181684e382894db47973bf6a5ea130df6a9140
1008	10680	9	f10eb6d7e69bb64d59a64fe73c192f71b0ef21da32f3888a3de4774ae565fc59
1009	10689	9	7a3b4dd3135c4fcc08df5928f112385be7216a993be0496d5c6aa9dd3a147fcd
1010	10698	10	8640ff20b4eec05464886cf294520f6252d566e64631e4527f13ebf18c583ef2
1011	10708	8	f7a5bf0f5add59886e067d2c3fb521cd4bfbbc79ce88f9596acfe7d5f50a252c
1012	10716	9	f9c17f4f219ccec7d69384b1179d02a324f03eb9bf1811e0dcec3d96768f2755
1013	10725	8	38b42d623f09774c300e35c4c875de5516e089bfaf0a25a37b0f87b555801801
1014	10733	8	699bf40b354efbaa29dbc8cca249c5d22154ab385991e8fa77017b9dc1c9b39d
1015	10741	10	57c379816a068e9909c12f6760186a1d213dcdab02af0a79cebda35cae707555
1016	10751	9	f1544adc7b42c88d092acca4d9eae2f0e3d654fedbd84aa00fef1902a25c8e85
1017	10760	9	7f971b67ee9dfd9c9d808b8bdc4c9a6e4517750f43771f0a721c8d106a159717
1018	10769	9	a6717183e62977976315a0b00bf5f7a6ff5f0341b6d3725ceb90bdd1751b1604
1019	10778	9	8524ec84634f25938b32142ef87d81dfec6c192b63c17a3d2f86e13ecd19e582
1020	10787	9	11ae8446ecfcff706f9af344e318e323e35b50a9691951c412e145ef6c0649de
1021	10796	8	1d14f5c82616132fc39b999ef425da2fce1fd4843123766b66945fad7c40b264
1022	10804	7	c208c44fba9448aff7a00b74e3de4002bc9b2cb75fd02b631b6a0a422c41daa8
1023	10811	8	856606fa48314d33c9026ca2e921b5da222ba19d983d51b7c59e954dbb04dfa5
1024	10819	10	cbba26945d5f3884af2ff39ca485fd5130fc199b1bbdfb68c6ab9e6eab9d68c5
1025	10829	9	4dd717df97c87d1aca2340b816997f946be2f300931e7eb91bc0cb4bbc09f978
1026	10838	7	b36d7d003405706f577361b4b081b6a61cf74834889763f6e4af2f040aeac502
1027	10845	9	326e864b3d127d20c4c61b6f0153dbfa095ea216be07dc20f92f715d364ef171
1028	10854	9	4f74f60eb93a85bbab181266427f39434e165c40b0add08e2c26ae70f3474f9c
1029	10863	8	df920ac7fe64bae6ca14c7098070ad7d6d5170f4c46cdb6cc5f20ac451a25a8e
1030	10871	8	3f111e813dbbb7bab2c8b05496524a2b15b00081cf3775054bdb013104d56d98
1031	10879	7	8f73483b2471317f6eb37935cca94dc4e912684a373cf44e71b53e044a384e81
1032	10886	8	aafdde62b062377bbdfe13e3bb4608e76e56de8ca6ab889e5ec0639742f6d66f
1033	10894	7	0a23953a420c3e3e92f965d6fceb808ac631fd4a9556403016f56f930a25d98a
1034	10901	12	a57cc4181c9fdab75997194aab6f36aef08ff7bf4f04a9a5eafa48966f530b56
1035	10913	8	235d3423abc39e18a714613c401fbf86158f2d0e55d4d2e68376f3b26287bc84
1036	10921	7	5b7038f6394dec26974b644b164ac3c0729b78a50baade0b3cbaa7089a05276c
1037	10928	8	83d2002867ae17a6ca29ecf404d8743fa7e04d2243faa561806787e986db7239
1038	10936	7	beac2b27a43f8f63ef449a23c581162830945d52f99381b25ae0a833f2f7c3d9
1039	10943	12	81ada27cdb0e2e66d5cdb01ee439c4f984a0602f8325736b1f76326847053fd9
1040	10955	6	019eee00bf8c33ec3505fe657fec3e8d622393344fc76751f862acae0e43cdcb
1041	10961	7	b793bf76f483e5b434e1bdd7965f6d092e111b6b5519d71600c7dcfefdcf5a48
1042	10968	4	14b9b8dfa2d652ff68127335b897df01fdcc826ac5e5d4f8985af99e09a771d7
1043	10972	5	ef5276179b042a81638ffe4fb2f16c34c3e13fe739e158a97c70c0236e3e0812
1044	10977	9	5f04429c70457c08a0c474a84ba3740af0f3265fe8d7838f553b70bf2d302b57
1045	10986	5	072a1ef5c26777472e9be4b4f73c66be1bb630760853e60bf3deeba268e38757
1046	10991	4	71d87a24c0c3a1d1aaa7a4113bf5df310f8376746c3cd32b1891644f4f44affd
1047	10995	3	8891cd9422a7c4bbc2c37a5649efff535fc1708acf9c589187c84bd876e92ba0
1048	10998	3	d451be5e890646b111c38eacc818869a07ebd060606fa07b652c6f8043a0ca0f
1049	11001	6	ac69ba8fbdc6576131a150dc46e1f9a8b9b88f0078d2e36614ce5f548185c6af
1050	11007	4	6a921db7538b6ba87812a2f3305a507239d3af1d5d99e102a813f66dcb491531
1051	11011	4	f1ffc769a8cf4eb64fe18d7cbd82b56ad81b53f6f2025b0d5ac3751d18368596
1052	11015	5	e6494d4d3b6a1806f5b7d41c9f937e080467070fb50153ac1178e4b63eb36bb0
1053	11020	3	469bc9080dea5f1577803276977728125e62d2c342419c97ec261aa3871c758c
1054	11023	6	f36326e72eb4b986ee27b27f71c4f498a5b5c18bb7e958b329302de8363f53e4
1055	11029	3	dc66bca1116c6a2a2cfa474efcdb3ffcfaa735eba9ad4e37197041b8203e0cea
1056	11032	6	44f570ebf6a5130adedfd7d3929847401c242281a3755cfd524c7e99ee1aa8be
1057	11038	3	c1c6fe6d5f8c2eb7c8f46fb233e1f33136965e67fae74445777b0696f56149cf
1058	11041	6	6c2265445bd8dccf2869f6d219330fbcdf4100b854d1a735cad7f74f09a483da
1059	11047	6	3d52869eb7ed8dd05aac85c484d64fb39b7a2f0e2dc99a09351165f136872319
1060	11053	7	a907a548c787ef668da11b3854665209ad716cd843eb2a9c0b79ce1ff77ae90a
1061	11060	5	30dded8777788a325e1418203bd60ac5955052e3f220be289bd73e1f3c245e97
1062	11065	4	59bea4fb87aa2f7cab1d8369f29df4c587e42cba20d3ef1d513f51890b7ea2b7
1063	11069	3	5fe575e43a2a32e74497cd42e1e4796fade5a6d6ed509ee862739c2719a95bb1
1064	11072	6	0b2a2083e2bdcad939fcaf7efcacb824b070a1b470977e09a20d5e5738b532b3
1065	11078	3	e41bca08603bfcea6e7b2a171038753b4dfdeee11006088c1dfee002149fc152
1066	11081	3	5e028200270a6c883e17217e7ccf89b9b43d2ddd1b1aeabcf480ea3620d78cf2
1067	11084	3	d4d0c9c0d05a7cb7055f8822b0c2df5c0707f3363954053d05d857b5a3806a09
1068	11087	3	06a5ba1abb4604414b205b31d26458c2453348fe16be0e93eec662c09e1c0b29
1069	11090	6	a1cd344e2a07b6e087a104a0146abe55a6b28c2986af85ae209b029c35b2dced
1070	11096	6	86cee1d19789e3b4399cd066b582baa2b5b591bf520402b0c859ae5ed6ec0bb6
1071	11102	8	20c7ab069e1da22df355fc4ccab9f60f82343dbb494aabfcaa07ec9b4a7d596e
1072	11110	5	67932f5cd38f806009ea925ad6042806950240875b4c74cdcf282b3a249b13f5
1073	11115	5	55409d51473debd52b32d97191e8f73f46aa5aa3ffb3df2c198480f9db55f51d
1074	11120	9	11e5b671dcda58467efb6566cdf09a0750fbc696fb42329ef5ce8aaf4d49102e
1075	11129	3	0ed6a0bd0bf0ebe91e314077365c203d94d1feaf1b0967e2fa785afc2509ed56
1076	11132	10	ead2b1367d977cc8658ec895602fc0bf197aba30395022c7916caeb1c05c6c2c
1077	11142	3	cb88536a8cc45a051ecae6832ca11c7cdb7d9919f907f589924bb34cd6f4e101
1078	11145	6	819d7fc2ffbda102cc6376c328aadc1c0a858761b0071001acb8d38bf6b6b1df
1079	11151	6	2fe94d3f799847a7e218de67d0247d694599b0de0a376fc28826d318510b2528
1080	11157	5	d389bcf733a293784bb9e1755692363420a173da6986b18129a7da952f4c2844
1081	11162	4	91c7cc5e3004fdbbf9ae1581fd6cd008d7b699bd075b99dd594ee31f3e07090e
1082	11166	5	5b3cc8af8f5a1a15d51bdc9bc2dae10be52774e27daf79c8a5308ff73a764238
1083	11171	6	703cfd3cf9dc2891d2723a3ab3b0e6e7ee5b699f4aa411dc4b1f3e3b514bcb7a
1084	11177	5	199483c811c9c3085bba5917da57a6a9f2cdf215b54e24c49f9d4fd11cec97e2
1085	11182	5	efe65882e58eac4fd420f5d6a5a511a175df0ab64c37b1ce9ca05800d64336b1
1086	11187	3	caf556bafe028da4e88639519920cf196cfb9ac21071d3bf26cf5ccdc41ad76c
1087	11190	3	bced2c94e6ef53517b674eef647207b721a995a069030651ffc3865b2a78f2da
1088	11193	4	e739cf76c314cc612b0f9e6b6ebd7f3f56ce0f24ac45edf108b971d152da58c9
1089	11197	4	7ed836b5e1c4b80e779b831edc642a3ab005e742bdde78b9274db925c01ae10d
1090	11201	4	68ad04d9df9b1a4101f6a81a6103b183e0ebba213c72549cbbec8641f050bcbe
1091	11205	4	63f99af75e8313f6a395556e0a0e2ab1f95f39edef84df20e98f55d9117224c0
1092	11209	1	658b68e8f6da54c56e44434709b680564892094de0e14ab6bf0f749afe731405
1093	11210	4	5828602e08d1c20e0938c8154e73bbf045630d0ad683907c8d61b60f309d1a09
1094	11214	4	414682dfd44e5437fbf7024f7072e283bce54720603f79ebf71e598768286536
1095	11218	4	ab410442d984e904a86a45925ae94e706b7ae817009e0468d4623dc06081a51b
1096	11222	3	38882683193bbc6013865187d901b4c7add1cd2aa360ad458971dead8460f9af
1097	11225	4	549cdb537320dc3c8e2732ff29a0f15054064d5ac482e80643269b5352b7d748
1098	11229	4	a4480d3738d1004bb7ae3a9d9d3738677bfb3a822f30a9c95e4ee8aa1c6f8946
1099	11233	4	d36c87c8f89d84d1417ac8e75b0ba6f8e0619c144c7a185f74ee180bd0e30d2d
1100	11237	4	b60fcb777042798a893ab0ce9dbd57ba9751e07571d77d9ac4e3273f79d43adb
1101	11241	3	a36ea15d408d41298d08fb1d5d2030e28f87db00a9b2438fabc53fc4e4b65871
1102	11244	3	1ea68d8a1efafddeb02ec572774ec67f8a711d3c88cb55dcf0213042b32ba5fd
1103	11247	3	a341dd4481d49e7a381cee8eb2a78d1b10e681afeaa3face21ca16df5e16ecea
1104	11250	5	6d44a17d0007d0a1de0872d70618fe166305690908da5f601c40645bf697048b
1105	11255	4	cfb831006b05d4c11c5ae72d1d7046f0067de1af38ffe3f5565c0b050a320328
1106	11259	5	bedd57267424a543f1ba0a242478f68e7ce4209dd63e6c4bc19f20b7db522a24
1107	11264	4	d9bd64a0dc496b22e8c00b24e7cd91b8f147110dc5d260ab31438bba787f0b78
1108	11268	3	37dfb33b47687c25254527cec4119bf9f6cbc07bba1ba9b4008806dd19adc712
1109	11271	4	740d0ef6948ed634c2da9e5f05b787d3ff57d711b6ea38266888e6f246fcd249
1110	11275	4	c800aa8f8a9c2e627229fc5b74a1585e42ab7e46d47ac52ada5a7d7bd868d564
1111	11279	4	75d1f86e4f3721e2114459c7cb9d6babd39de0ca979d1c4f75dfb705b0e354bc
1112	11283	6	0da36009cf72701e7a15083cdd61c7e86e92055a50761eb05260ad97cab02a1b
1113	11289	5	ea729d6d7bbdc018f08951a41ba847f16f0c41ea2e38e754812ebbb4c1d2e2c2
1114	11294	4	e93af1522c8c1f1b2fc73093e1ae374078d9c33054027b29714e4cda3a01af3e
1115	11298	5	a890c0dcdef4fb41d59332e6df70a755633e007c29244d22a1d700259be39260
1116	11303	4	02dd5614dc13d2ec1d1b7d8848734c2417cecdf6112194e9a673f360a6e83fa5
1117	11307	4	7546f32681affcffc3a3308eb4c2f3f7eff03548cde15242b1bf6b2012f82e99
1118	11311	4	316b6b27aceb5377d3571189ef97dc7b36187445cb488bcc75a1aba32db687ab
1119	11315	4	4dc5c4db2314a20d20d1e272f767b948a194d4af1dbf34f5b77e7f331a6fbacb
1120	11319	4	de6f66d0a5850b4c80dfea6f1af4350eae72576e04ab9adcd630f8df48995597
1121	11323	4	572986e6dd7896dfb4107c4c9f4e4213ba8bf411db2da84e7ea5a91104c89391
1122	11327	4	e5457e4ad1e38e55e69198f94af5e8d372f0be6c367cc4a0f01fee287c659f75
1123	11331	3	feb3c83b1cc9466f17fd07ee0b4c7c799e1ee05646ed01621969e907a5cdbf39
1124	11334	3	016328a85efbae1790b195a30dd42fc00dcb7dfe70e6da70937d7409c5651c18
1125	11337	4	f8a9514ada9c429c7a5b4ce803854881c0bfc368378c080160c3c8c5d845d7a0
1126	11341	3	de3ab3f9b7b350d90a21dabeb2f115c36634c1d7131b2db62d5faf91f03761bf
1127	11344	4	15b810833fde470c26a4e9062a4847226b09950faa46cd8764632fd14dc07561
1128	11348	4	c5cece53ae05e09aa24cd6060b8e9221b6ae598f0d55944d4aceae67ee3ba699
1129	11352	4	26c6f7d2579d7002fb44f767cff7fcfb37d71d038523364b2cbac5a5fbacf9c4
1130	11356	4	1f5fa3b8f46d15367c95c064c45677c735b40a95f978756117f57cd25026d519
1131	11360	5	51e7099109e4c01026bd5bab214ff9d71a86616ef306f00309d63b3b36fb894b
1132	11365	4	c730fc43259dbb48fe0f8d5d4ff3a0c98fd20e9165508bca2773edae307fcf46
1133	11369	4	1648f358db5b0ae78f45743089f16a46785419fbbb9033e6283718fdf9cdd90a
1134	11373	4	81f4da29d8dfc8a1f6dfb3095497eb3da917d4be0c7ae978ec8a3afceb50b708
1135	11377	4	09c4bd6e241730994d034f3ebd808fda1e4cba930bdc6d7a1e78ee1884c97a33
1136	11381	5	9110d78539f7755b0dfb3ab3c2482901c6fa1be4e7b856863cb6dcb7c367543f
1137	11386	4	33113cbc959d0ae201a97abe09a625934c25fd9ff2025fcdd61504e922649348
1138	11390	7	8221aef94ddab3d69832e95377378aa872e410a4c25c63ebbd618885283bad57
1139	11397	7	579b8c8e1b9af9311e4482b777957fe12fe615f7d3b6b8e18b0a8425eea1025f
1140	11404	3	9bd0d2fcd357ef409dba225b0052ee21f67675981fdc9281fd868b2675dba4b7
1141	11407	4	590273f3562a06207ff2736a384759e2b7bab5276c9b4dbe6f5703b54deb5049
1142	11411	4	968271795f24f4e0ffc11ca8e7347aa5fa3ae08c09e04291a929705d035fa25e
1143	11415	3	cc3a74c1d26e224e7de00b4ded88e6da2e2e0d3614f4a10c4b58db656a568e4c
1144	11418	4	311a7645f3c4b380c3d1914ad5a305e293b40416bb2f47bf98f94d60d8fa25da
1145	11422	4	88d4933cb498470d9ef6418591e4ae4e31c9f8fbe7c275221d581e02cbc55785
1146	11426	6	73867b6e244d9892d15f81e59b0cf77ad7b9e202f8d12f269a40e9009fe23a7a
1147	11432	6	bea55f6abae4403842be5b571a3c2abd333180bd68b8c64d7cc49cdd58d898e5
1148	11438	4	6ce4609cb06eba5572b2031d909a347149e2a8798aa0d10134a4dc1d893fa1f9
1149	11442	5	a664bb92d839f7dc8f1484822dfd1e43a991e0c5e53332c092d0c3eb45c1d0e6
1150	11447	4	509558ec71407ffa5589613d34dc730a6d36f520951359c35bff84e27e1aa1be
1151	11451	4	8296b1d59fcd535de5ab3b49905bb3cd235e577c2fa7361c69d940c84aeaeab2
1152	11455	4	4119703b7cb07260153c7c93bae587276d72e2c681f802421a74191cfd2047bf
1153	11459	3	d4f40658e8aa540ff506503ae2559edc8fa213344741d064db748f048306a21b
1154	11462	4	90206db6cd3040b3ca98cfbfdf9bed5bb2c24f10134b8fe6a89c7bda6bdf3a21
1155	11466	4	16c4de2cc93a515e8529bf7122f75ac9a01b05407f94aabd05a7fc9237f9d515
1156	11470	4	2eae50a7f67710abd5de9a7462e28c3910d8c779a9e3457c5124ed0408a2b3fd
1157	11474	4	ea76edfc91669e6ce326f690286e346cb9c7d5567125ada865dd17b6d36468dc
1158	11478	4	5daadd4a8ba509a5e222d6fb123da4a6eb08c9f90f5b85bf2340af62b697f67e
1159	11482	6	2aaa454bbb7f9298f0672164eae2dbf0a20ceb0a3290607d0a956776c68f7567
1160	11488	3	236dcd01f0dd4dc59ed14e117498eb799b80d5f994c7b49fe4c31b1617e7bd13
1161	11491	4	661df6cc05aece1105a1e232c53fb33add08457545a0362aa1a8cfe9e8766351
1162	11495	4	9248b3891171ceef10fdc5c36ac67f9ebe947c5709271794bb9dbe059a5fcea4
1163	11499	4	83fe4389d10c53c7c04963dcd0cfdc22d46dc947663ee27530d60ea58b600c83
1164	11503	6	4fd40bb2a4ca42cd8ce8fc867f2ea3501801efe38d310086d511d36df848c659
1165	11509	6	c9072327ec8cc31258453a1ac378dfbd19942537e4f2eed20fe67b33b35b69ca
1166	11515	5	ea197e869fe2596806f7e4dee3b829febca0bc0a53adbb444d58af53517fbf23
1167	11520	4	d65bc4d6e36f780e07241f23e60ea06efadf17ae64250b6d33f6fd2b2ba1e8a2
1168	11524	3	78b4447c4368cf8fabab52ed67288aa12cdc3a6caf0618f32b133a3efad7e413
1169	11527	3	5432be63c59372d0756f2aa8d8bd26feb396ad76d88e8378b7eb2a10eb7a2e54
1170	11530	3	c6362ab3e3b7447d9d4186166a758cbb9fd05c936023ddd8ebcee045be15a257
1171	11533	8	dc7c9bf25baec7c38bfdf78d3a4d8c17cf293546eaf4b07be196a0f718810831
1172	11541	6	2dd208ed2c553764e49032d65505d7e531f06937247b994d2f0dd528b8dbb7fd
1173	11547	4	680886967fc603c385f196efd03888ecd1495cc027f6c0682bdac93a3a222f6c
1174	11551	4	d4c2bd7eca782e2335d66563a8e0b1b08a0851d428bfdfd033babc1c1b5672ef
1175	11555	4	b33fc08e38f0adc1cac7145ebcaf8237574463264e51fb7cd4a8390d20aca3ce
1176	11559	3	468c8f1a5562338d72116750c05c666b2cd3953194b73000624c914a58590bb8
1177	11562	3	8ebb145f245abe269951fa3591c75a23694b2b48941767e94b76e4ec2dc9754c
1178	11565	3	d580333d20348f7311fe382bcbe3664f6e0bb27a68c8a65cac17f797349213b5
1179	11568	2	b04d03f0bf3669a75a6ab53ad38aff1b23ed0e9066abbf64726b95bb8bc49fd4
1180	11570	2	b448c774e5b3eb0d78140921a08128b477fdfdc9bc3811d06521d363d0c1cfbe
1181	11572	4	241245b90dc85922471fa7795474dfc32c924a6619f4ea64e1e0244562cb88fa
1182	11576	4	1dcbd940bdd894aef9c2614f92a28d78a02268d7ae0e326f68056c9723f3609b
1183	11580	2	673e58d8a8b84b718c1edd171bb8953d40ef111b77bab4d7fc7b8093b84e0efc
1184	11582	3	7edbace5eaa8a8e9648b7ca479f5891772e183eb4926137469934abd41c470e7
1185	11585	4	51411e0c7a0ecede1f348e05b4a31820130349b01dcdab3a76f05b15794dc82f
1186	11589	2	8230b6c8248df8ec5d28fe7b2cff47a52ecddc979bc0ddf627c624301b731ad1
1187	11591	4	7ff9460b69793d6c78dd6d6f7484b4e553e5077a79231716d148e87ee42efb88
1188	11595	3	048fc4ae2ed037495822b668d32d3d443512c9ba0d71a0d19456930649d23598
1189	11598	3	42204ed8afb8cf1681436102c4538728bf829f3e51da421a7b9941ac29a776b7
1190	11601	4	21a6610d7a106f22b272f125768de43b80b9e1757f95932ddc0c9e8c8cdac5d9
1191	11605	3	545d7e02db1f72d30fab3e9bb7762579e537e0167f423a0c1e366393f4bf64d8
1192	11608	3	ceb5885abaa0c83d04579c83b818c545be526cce8472cd60b5c95cefc28ad617
1193	11611	1	d17030e78466f295ff5920210f46dd036f8c295cf1569e0405b7d6d5d9cf24c1
1194	11612	4	1d6c7892a216ccb379e834211f081ccb17ac1fe972aa40f07f68fac4e7b87fe5
1195	11616	1	9d0a00f83c862ac606acb6971351465571fb22f4070dd5f9a2a08c0c089c0f51
1196	11617	4	30a9e1856cee90c918cfe7e10027b9bef215b2df79fca875f6aff947702238d1
