xed_index	iclass	macro_token	name_id	formatter_mnemonic	allocation	record_count
0	AAA	AAA	1	aaa	existing	1
1	AAD	AAD	2	aad	existing	1
2	AADD	AADD	1198	aadd	appended	4
3	AAM	AAM	3	aam	existing	1
4	AAND	AAND	1199	aand	appended	4
5	AAS	AAS	4	aas	existing	1
6	ADC	ADC	5	adc	existing	62
7	ADCX	ADCX	1135	adcx	existing	12
8	ADC_LOCK	ADC_LOCK	1200	adc_lock	appended	6
9	ADD	ADD	6	add	existing	106
10	ADDPD	ADDPD	351	addpd	existing	2
11	ADDPS	ADDPS	293	addps	existing	2
12	ADDSD	ADDSD	352	addsd	existing	2
13	ADDSS	ADDSS	294	addss	existing	2
14	ADDSUBPD	ADDSUBPD	435	addsubpd	existing	2
15	ADDSUBPS	ADDSUBPS	436	addsubps	existing	2
16	ADD_LOCK	ADD_LOCK	1201	add_lock	appended	6
17	ADOX	ADOX	1136	adox	existing	12
18	AESDEC	AESDEC	672	aesdec	existing	2
19	AESDEC128KL	AESDEC128KL	1202	aesdec128kl	appended	1
20	AESDEC256KL	AESDEC256KL	1203	aesdec256kl	appended	1
21	AESDECLAST	AESDECLAST	673	aesdeclast	existing	2
22	AESDECWIDE128KL	AESDECWIDE128KL	1204	aesdecwide128kl	appended	1
23	AESDECWIDE256KL	AESDECWIDE256KL	1205	aesdecwide256kl	appended	1
24	AESENC	AESENC	670	aesenc	existing	2
25	AESENC128KL	AESENC128KL	1206	aesenc128kl	appended	1
26	AESENC256KL	AESENC256KL	1207	aesenc256kl	appended	1
27	AESENCLAST	AESENCLAST	671	aesenclast	existing	2
28	AESENCWIDE128KL	AESENCWIDE128KL	1208	aesencwide128kl	appended	1
29	AESENCWIDE256KL	AESENCWIDE256KL	1209	aesencwide256kl	appended	1
30	AESIMC	AESIMC	674	aesimc	existing	2
31	AESKEYGENASSIST	AESKEYGENASSIST	675	aeskeygenassist	existing	2
32	AND	AND	7	and	existing	106
33	ANDN	ANDN	684	andn	existing	14
34	ANDNPD	ANDNPD	348	andnpd	existing	2
35	ANDNPS	ANDNPS	290	andnps	existing	2
36	ANDPD	ANDPD	347	andpd	existing	2
37	ANDPS	ANDPS	289	andps	existing	2
38	AND_LOCK	AND_LOCK	1210	and_lock	appended	6
39	AOR	AOR	1211	aor	appended	4
40	ARPL	ARPL	8	arpl	existing	2
41	AXOR	AXOR	1212	axor	appended	4
42	BEXTR	BEXTR	685	bextr	existing	14
43	BEXTR_XOP	BEXTR_XOP	1213	bextr_xop	appended	4
44	BLCFILL	BLCFILL	1214	blcfill	appended	4
45	BLCI	BLCI	1215	blci	appended	4
46	BLCIC	BLCIC	1216	blcic	appended	4
47	BLCMSK	BLCMSK	1217	blcmsk	appended	4
48	BLCS	BLCS	1218	blcs	appended	4
49	BLENDPD	BLENDPD	489	blendpd	existing	2
50	BLENDPS	BLENDPS	488	blendps	existing	2
51	BLENDVPD	BLENDVPD	456	blendvpd	existing	2
52	BLENDVPS	BLENDVPS	455	blendvps	existing	2
53	BLSFILL	BLSFILL	1219	blsfill	appended	4
54	BLSI	BLSI	686	blsi	existing	14
55	BLSIC	BLSIC	1220	blsic	appended	4
56	BLSMSK	BLSMSK	687	blsmsk	existing	14
57	BLSR	BLSR	688	blsr	existing	14
58	BNDCL	BNDCL	1168	bndcl	existing	4
59	BNDCN	BNDCN	1170	bndcn	existing	4
60	BNDCU	BNDCU	1169	bndcu	existing	4
61	BNDLDX	BNDLDX	1172	bndldx	existing	4
62	BNDMK	BNDMK	1167	bndmk	existing	2
63	BNDMOV	BNDMOV	1171	bndmov	existing	8
64	BNDSTX	BNDSTX	1173	bndstx	existing	4
65	BOUND	BOUND	1129	bound	existing	4
66	BSF	BSF	9	bsf	existing	4
67	BSR	BSR	10	bsr	existing	4
68	BSRINIT	BSRINIT	1221	bsrinit	appended	1
69	BSRMOVF	BSRMOVF	1222	bsrmovf	appended	2
70	BSRMOVH	BSRMOVH	1223	bsrmovh	appended	4
71	BSRMOVL	BSRMOVL	1224	bsrmovl	appended	4
72	BSWAP	BSWAP	11	bswap	existing	1
73	BT	BT	12	bt	existing	4
74	BTC	BTC	13	btc	existing	4
75	BTC_LOCK	BTC_LOCK	1225	btc_lock	appended	2
76	BTR	BTR	14	btr	existing	4
77	BTR_LOCK	BTR_LOCK	1226	btr_lock	appended	2
78	BTS	BTS	15	bts	existing	4
79	BTS_LOCK	BTS_LOCK	1227	bts_lock	appended	2
80	BZHI	BZHI	689	bzhi	existing	14
81	CALL_FAR	CALL_FAR	1228	call far	appended	2
82	CALL_NEAR	CALL_NEAR	1229	call	appended	4
83	CBW	CBW	17	cbw	existing	3
84	CCMPB	CCMPB	1230	ccmpb	appended	22
85	CCMPBE	CCMPBE	1231	ccmpbe	appended	22
86	CCMPF	CCMPF	1232	ccmpf	appended	22
87	CCMPL	CCMPL	1233	ccmpl	appended	22
88	CCMPLE	CCMPLE	1234	ccmple	appended	22
89	CCMPNB	CCMPNB	1235	ccmpnb	appended	22
90	CCMPNBE	CCMPNBE	1236	ccmpnbe	appended	22
91	CCMPNL	CCMPNL	1237	ccmpnl	appended	22
92	CCMPNLE	CCMPNLE	1238	ccmpnle	appended	22
93	CCMPNO	CCMPNO	1239	ccmpno	appended	22
94	CCMPNS	CCMPNS	1240	ccmpns	appended	22
95	CCMPNZ	CCMPNZ	1241	ccmpnz	appended	22
96	CCMPO	CCMPO	1242	ccmpo	appended	22
97	CCMPS	CCMPS	1243	ccmps	appended	22
98	CCMPT	CCMPT	1244	ccmpt	appended	22
99	CCMPZ	CCMPZ	1245	ccmpz	appended	22
100	CDQ	CDQ	18	cdq	existing	3
101	CDQE	CDQE	19	cdqe	existing	1
102	CFCMOVB	CFCMOVB	1246	cfcmovb	appended	12
103	CFCMOVBE	CFCMOVBE	1247	cfcmovbe	appended	12
104	CFCMOVL	CFCMOVL	1248	cfcmovl	appended	12
105	CFCMOVLE	CFCMOVLE	1249	cfcmovle	appended	12
106	CFCMOVNB	CFCMOVNB	1250	cfcmovnb	appended	12
107	CFCMOVNBE	CFCMOVNBE	1251	cfcmovnbe	appended	12
108	CFCMOVNL	CFCMOVNL	1252	cfcmovnl	appended	12
109	CFCMOVNLE	CFCMOVNLE	1253	cfcmovnle	appended	12
110	CFCMOVNO	CFCMOVNO	1254	cfcmovno	appended	12
111	CFCMOVNP	CFCMOVNP	1255	cfcmovnp	appended	12
112	CFCMOVNS	CFCMOVNS	1256	cfcmovns	appended	12
113	CFCMOVNZ	CFCMOVNZ	1257	cfcmovnz	appended	12
114	CFCMOVO	CFCMOVO	1258	cfcmovo	appended	12
115	CFCMOVP	CFCMOVP	1259	cfcmovp	appended	12
116	CFCMOVS	CFCMOVS	1260	cfcmovs	appended	12
117	CFCMOVZ	CFCMOVZ	1261	cfcmovz	appended	12
118	CLAC	CLAC	1262	clac	appended	1
119	CLC	CLC	20	clc	existing	1
120	CLD	CLD	21	cld	existing	1
121	CLDEMOTE	CLDEMOTE	1263	cldemote	appended	1
122	CLFLUSH	CLFLUSH	917	clflush	existing	1
123	CLFLUSHOPT	CLFLUSHOPT	918	clflushopt	existing	1
124	CLGI	CLGI	215	clgi	existing	1
125	CLI	CLI	22	cli	existing	1
126	CLRSSBSY	CLRSSBSY	828	clrssbsy	existing	1
127	CLTS	CLTS	23	clts	existing	1
128	CLUI	CLUI	1179	clui	existing	1
129	CLWB	CLWB	919	clwb	existing	1
130	CLZERO	CLZERO	1264	clzero	appended	1
131	CMC	CMC	24	cmc	existing	1
132	CMOVB	CMOVB	27	cmovb	existing	6
133	CMOVBE	CMOVBE	28	cmovbe	existing	6
134	CMOVL	CMOVL	32	cmovl	existing	6
135	CMOVLE	CMOVLE	33	cmovle	existing	6
136	CMOVNB	CMOVNB	1265	cmovnb	appended	6
137	CMOVNBE	CMOVNBE	1266	cmovnbe	appended	6
138	CMOVNL	CMOVNL	1267	cmovnl	appended	6
139	CMOVNLE	CMOVNLE	1268	cmovnle	appended	6
140	CMOVNO	CMOVNO	35	cmovno	existing	6
141	CMOVNP	CMOVNP	36	cmovnp	existing	6
142	CMOVNS	CMOVNS	37	cmovns	existing	6
143	CMOVNZ	CMOVNZ	1269	cmovnz	appended	6
144	CMOVO	CMOVO	38	cmovo	existing	6
145	CMOVP	CMOVP	39	cmovp	existing	6
146	CMOVS	CMOVS	40	cmovs	existing	6
147	CMOVZ	CMOVZ	1270	cmovz	appended	6
148	CMP	CMP	41	cmp	existing	18
149	CMPBEXADD	CMPBEXADD	1271	cmpbexadd	appended	4
150	CMPBXADD	CMPBXADD	1272	cmpbxadd	appended	4
151	CMPLEXADD	CMPLEXADD	1273	cmplexadd	appended	4
152	CMPLXADD	CMPLXADD	1274	cmplxadd	appended	4
153	CMPNBEXADD	CMPNBEXADD	1275	cmpnbexadd	appended	4
154	CMPNBXADD	CMPNBXADD	1276	cmpnbxadd	appended	4
155	CMPNLEXADD	CMPNLEXADD	1277	cmpnlexadd	appended	4
156	CMPNLXADD	CMPNLXADD	1278	cmpnlxadd	appended	4
157	CMPNOXADD	CMPNOXADD	1279	cmpnoxadd	appended	4
158	CMPNPXADD	CMPNPXADD	1280	cmpnpxadd	appended	4
159	CMPNSXADD	CMPNSXADD	1281	cmpnsxadd	appended	4
160	CMPNZXADD	CMPNZXADD	1282	cmpnzxadd	appended	4
161	CMPOXADD	CMPOXADD	1283	cmpoxadd	appended	4
162	CMPPD	CMPPD	363	cmppd	existing	2
163	CMPPS	CMPPS	305	cmpps	existing	2
164	CMPPXADD	CMPPXADD	1284	cmppxadd	appended	4
165	CMPSB	CMPSB	42	cmpsb	existing	1
166	CMPSD	CMPSD	43	cmpsd	existing	3
167	CMPSD_XMM	CMPSD_XMM	1285	cmpsd_xmm	appended	2
168	CMPSQ	CMPSQ	44	cmpsq	existing	1
169	CMPSS	CMPSS	306	cmpss	existing	2
170	CMPSW	CMPSW	45	cmpsw	existing	3
171	CMPSXADD	CMPSXADD	1286	cmpsxadd	appended	4
172	CMPXCHG	CMPXCHG	46	cmpxchg	existing	4
173	CMPXCHG16B	CMPXCHG16B	1133	cmpxchg16b	existing	1
174	CMPXCHG16B_LOCK	CMPXCHG16B_LOCK	1287	cmpxchg16b_lock	appended	1
175	CMPXCHG8B	CMPXCHG8B	1132	cmpxchg8b	existing	2
176	CMPXCHG8B_LOCK	CMPXCHG8B_LOCK	1288	cmpxchg8b_lock	appended	2
177	CMPXCHG_LOCK	CMPXCHG_LOCK	1289	cmpxchg_lock	appended	2
178	CMPZXADD	CMPZXADD	1290	cmpzxadd	appended	4
179	COMISD	COMISD	343	comisd	existing	2
180	COMISS	COMISS	281	comiss	existing	2
181	CPUID	CPUID	47	cpuid	existing	1
182	CQO	CQO	48	cqo	existing	1
183	CRC32	CRC32	507	crc32	existing	10
184	CTESTB	CTESTB	1291	ctestb	appended	18
185	CTESTBE	CTESTBE	1292	ctestbe	appended	18
186	CTESTF	CTESTF	1293	ctestf	appended	18
187	CTESTL	CTESTL	1294	ctestl	appended	18
188	CTESTLE	CTESTLE	1295	ctestle	appended	18
189	CTESTNB	CTESTNB	1296	ctestnb	appended	18
190	CTESTNBE	CTESTNBE	1297	ctestnbe	appended	18
191	CTESTNL	CTESTNL	1298	ctestnl	appended	18
192	CTESTNLE	CTESTNLE	1299	ctestnle	appended	18
193	CTESTNO	CTESTNO	1300	ctestno	appended	18
194	CTESTNS	CTESTNS	1301	ctestns	appended	18
195	CTESTNZ	CTESTNZ	1302	ctestnz	appended	18
196	CTESTO	CTESTO	1303	ctesto	appended	18
197	CTESTS	CTESTS	1304	ctests	appended	18
198	CTESTT	CTESTT	1305	ctestt	appended	18
199	CTESTZ	CTESTZ	1306	ctestz	appended	18
200	CVTDQ2PD	CVTDQ2PD	1307	cvtdq2pd	appended	2
201	CVTDQ2PS	CVTDQ2PS	373	cvtdq2ps	existing	2
202	CVTPD2DQ	CVTPD2DQ	1308	cvtpd2dq	appended	2
203	CVTPD2PI	CVTPD2PI	1309	cvtpd2pi	appended	2
204	CVTPD2PS	CVTPD2PS	372	cvtpd2ps	existing	2
205	CVTPI2PD	CVTPI2PD	1310	cvtpi2pd	appended	2
206	CVTPI2PS	CVTPI2PS	310	cvtpi2ps	existing	2
207	CVTPS2DQ	CVTPS2DQ	374	cvtps2dq	existing	2
208	CVTPS2PD	CVTPS2PD	369	cvtps2pd	existing	2
209	CVTPS2PI	CVTPS2PI	311	cvtps2pi	existing	2
210	CVTSD2SI	CVTSD2SI	377	cvtsd2si	existing	4
211	CVTSD2SS	CVTSD2SS	371	cvtsd2ss	existing	2
212	CVTSI2SD	CVTSI2SD	376	cvtsi2sd	existing	4
213	CVTSI2SS	CVTSI2SS	313	cvtsi2ss	existing	4
214	CVTSS2SD	CVTSS2SD	370	cvtss2sd	existing	2
215	CVTSS2SI	CVTSS2SI	314	cvtss2si	existing	4
216	CVTTPD2DQ	CVTTPD2DQ	1311	cvttpd2dq	appended	2
217	CVTTPD2PI	CVTTPD2PI	1312	cvttpd2pi	appended	2
218	CVTTPS2DQ	CVTTPS2DQ	375	cvttps2dq	existing	2
219	CVTTPS2PI	CVTTPS2PI	312	cvttps2pi	existing	2
220	CVTTSD2SI	CVTTSD2SI	378	cvttsd2si	existing	4
221	CVTTSS2SI	CVTTSS2SI	315	cvttss2si	existing	4
222	CWD	CWD	49	cwd	existing	3
223	CWDE	CWDE	50	cwde	existing	3
224	DAA	DAA	51	daa	existing	1
225	DAS	DAS	52	das	existing	1
226	DEC	DEC	53	dec	existing	29
227	DEC_LOCK	DEC_LOCK	1313	dec_lock	appended	2
228	DIV	DIV	54	div	existing	16
229	DIVPD	DIVPD	359	divpd	existing	2
230	DIVPS	DIVPS	301	divps	existing	2
231	DIVSD	DIVSD	360	divsd	existing	2
232	DIVSS	DIVSS	302	divss	existing	2
233	DPPD	DPPD	498	dppd	existing	2
234	DPPS	DPPS	497	dpps	existing	2
235	EMMS	EMMS	55	emms	existing	1
236	ENCLS	ENCLS	1174	encls	existing	1
237	ENCLU	ENCLU	1175	enclu	existing	1
238	ENCLV	ENCLV	1176	enclv	existing	1
239	ENCODEKEY128	ENCODEKEY128	1314	encodekey128	appended	1
240	ENCODEKEY256	ENCODEKEY256	1315	encodekey256	appended	1
241	ENDBR32	ENDBR32	56	endbr32	existing	1
242	ENDBR64	ENDBR64	57	endbr64	existing	1
243	ENQCMD	ENQCMD	1184	enqcmd	existing	2
244	ENQCMDS	ENQCMDS	1185	enqcmds	existing	2
245	ENTER	ENTER	58	enter	existing	1
246	ERETS	ERETS	1316	erets	appended	1
247	ERETU	ERETU	1317	eretu	appended	1
248	EXTRACTPS	EXTRACTPS	493	extractps	existing	2
249	EXTRQ	EXTRQ	508	extrq	existing	2
250	F2XM1	F2XM1	510	f2xm1	existing	1
251	FABS	FABS	511	fabs	existing	1
252	FADD	FADD	512	fadd	existing	4
253	FADDP	FADDP	513	faddp	existing	1
254	FBLD	FBLD	514	fbld	existing	1
255	FBSTP	FBSTP	515	fbstp	existing	1
256	FCHS	FCHS	516	fchs	existing	1
257	FCMOVB	FCMOVB	518	fcmovb	existing	1
258	FCMOVBE	FCMOVBE	519	fcmovbe	existing	1
259	FCMOVE	FCMOVE	520	fcmove	existing	1
260	FCMOVNB	FCMOVNB	521	fcmovnb	existing	1
261	FCMOVNBE	FCMOVNBE	522	fcmovnbe	existing	1
262	FCMOVNE	FCMOVNE	523	fcmovne	existing	1
263	FCMOVNU	FCMOVNU	524	fcmovnu	existing	1
264	FCMOVU	FCMOVU	525	fcmovu	existing	1
265	FCOM	FCOM	526	fcom	existing	4
266	FCOMI	FCOMI	527	fcomi	existing	1
267	FCOMIP	FCOMIP	528	fcomip	existing	1
268	FCOMP	FCOMP	529	fcomp	existing	5
269	FCOMPP	FCOMPP	530	fcompp	existing	1
270	FCOS	FCOS	531	fcos	existing	1
271	FDECSTP	FDECSTP	532	fdecstp	existing	1
272	FDISI8087_NOP	FDISI8087_NOP	1318	fdisi8087_nop	appended	1
273	FDIV	FDIV	534	fdiv	existing	4
274	FDIVP	FDIVP	535	fdivp	existing	1
275	FDIVR	FDIVR	536	fdivr	existing	4
276	FDIVRP	FDIVRP	537	fdivrp	existing	1
277	FEMMS	FEMMS	241	femms	existing	1
278	FENI8087_NOP	FENI8087_NOP	1319	feni8087_nop	appended	1
279	FFREE	FFREE	539	ffree	existing	1
280	FFREEP	FFREEP	540	ffreep	existing	1
281	FIADD	FIADD	541	fiadd	existing	2
282	FICOM	FICOM	542	ficom	existing	2
283	FICOMP	FICOMP	543	ficomp	existing	2
284	FIDIV	FIDIV	544	fidiv	existing	2
285	FIDIVR	FIDIVR	545	fidivr	existing	2
286	FILD	FILD	546	fild	existing	3
287	FIMUL	FIMUL	547	fimul	existing	2
288	FINCSTP	FINCSTP	548	fincstp	existing	1
289	FIST	FIST	550	fist	existing	2
290	FISTP	FISTP	551	fistp	existing	3
291	FISTTP	FISTTP	552	fisttp	existing	3
292	FISUB	FISUB	553	fisub	existing	2
293	FISUBR	FISUBR	554	fisubr	existing	2
294	FLD	FLD	555	fld	existing	4
295	FLD1	FLD1	556	fld1	existing	1
296	FLDCW	FLDCW	557	fldcw	existing	1
297	FLDENV	FLDENV	558	fldenv	existing	7
298	FLDL2E	FLDL2E	559	fldl2e	existing	1
299	FLDL2T	FLDL2T	560	fldl2t	existing	1
300	FLDLG2	FLDLG2	561	fldlg2	existing	1
301	FLDLN2	FLDLN2	562	fldln2	existing	1
302	FLDPI	FLDPI	563	fldpi	existing	1
303	FLDZ	FLDZ	564	fldz	existing	1
304	FMUL	FMUL	565	fmul	existing	4
305	FMULP	FMULP	566	fmulp	existing	1
306	FNCLEX	FNCLEX	567	fnclex	existing	1
307	FNINIT	FNINIT	570	fninit	existing	1
308	FNOP	FNOP	571	fnop	existing	1
309	FNSAVE	FNSAVE	572	fnsave	existing	7
310	FNSTCW	FNSTCW	574	fnstcw	existing	1
311	FNSTENV	FNSTENV	575	fnstenv	existing	7
312	FNSTSW	FNSTSW	576	fnstsw	existing	2
313	FPATAN	FPATAN	577	fpatan	existing	1
314	FPREM	FPREM	578	fprem	existing	1
315	FPREM1	FPREM1	579	fprem1	existing	1
316	FPTAN	FPTAN	580	fptan	existing	1
317	FRNDINT	FRNDINT	581	frndint	existing	1
318	FRSTOR	FRSTOR	582	frstor	existing	7
319	FSCALE	FSCALE	584	fscale	existing	1
320	FSETPM287_NOP	FSETPM287_NOP	1320	fsetpm287_nop	appended	1
321	FSIN	FSIN	586	fsin	existing	1
322	FSINCOS	FSINCOS	587	fsincos	existing	1
323	FSQRT	FSQRT	588	fsqrt	existing	1
324	FST	FST	589	fst	existing	3
325	FSTP	FSTP	592	fstp	existing	6
326	FSTPNCE	FSTPNCE	609	fstpnce	existing	1
327	FSUB	FSUB	594	fsub	existing	4
328	FSUBP	FSUBP	595	fsubp	existing	1
329	FSUBR	FSUBR	596	fsubr	existing	4
330	FSUBRP	FSUBRP	597	fsubrp	existing	1
331	FTST	FTST	598	ftst	existing	1
332	FUCOM	FUCOM	599	fucom	existing	1
333	FUCOMI	FUCOMI	600	fucomi	existing	1
334	FUCOMIP	FUCOMIP	601	fucomip	existing	1
335	FUCOMP	FUCOMP	602	fucomp	existing	1
336	FUCOMPP	FUCOMPP	603	fucompp	existing	1
337	FWAIT	FWAIT	1321	fwait	appended	1
338	FXAM	FXAM	604	fxam	existing	1
339	FXCH	FXCH	605	fxch	existing	3
340	FXRSTOR	FXRSTOR	1141	fxrstor	existing	1
341	FXRSTOR64	FXRSTOR64	1142	fxrstor64	existing	1
342	FXSAVE	FXSAVE	1139	fxsave	existing	1
343	FXSAVE64	FXSAVE64	1140	fxsave64	existing	1
344	FXTRACT	FXTRACT	606	fxtract	existing	1
345	FYL2X	FYL2X	607	fyl2x	existing	1
346	FYL2XP1	FYL2XP1	608	fyl2xp1	existing	1
347	GETSEC	GETSEC	59	getsec	existing	1
348	GF2P8AFFINEINVQB	GF2P8AFFINEINVQB	1322	gf2p8affineinvqb	appended	2
349	GF2P8AFFINEQB	GF2P8AFFINEQB	1323	gf2p8affineqb	appended	2
350	GF2P8MULB	GF2P8MULB	1324	gf2p8mulb	appended	2
351	HADDPD	HADDPD	431	haddpd	existing	2
352	HADDPS	HADDPS	432	haddps	existing	2
353	HLT	HLT	60	hlt	existing	1
354	HRESET	HRESET	1325	hreset	appended	1
355	HSUBPD	HSUBPD	433	hsubpd	existing	2
356	HSUBPS	HSUBPS	434	hsubps	existing	2
357	IBHF	IBHF	1326	ibhf	appended	1
358	IDIV	IDIV	61	idiv	existing	16
359	IMUL	IMUL	62	imul	existing	70
360	IN	IN	63	in	existing	4
361	INC	INC	64	inc	existing	29
362	INCSSPD	INCSSPD	829	incsspd	existing	1
363	INCSSPQ	INCSSPQ	830	incsspq	existing	1
364	INC_LOCK	INC_LOCK	1327	inc_lock	appended	2
365	INSB	INSB	65	insb	existing	1
366	INSD	INSD	66	insd	existing	4
367	INSERTPS	INSERTPS	495	insertps	existing	2
368	INSERTQ	INSERTQ	509	insertq	existing	2
369	INSW	INSW	67	insw	existing	3
370	INT	INT	68	int	existing	1
371	INT1	INT1	69	int1	existing	1
372	INT3	INT3	70	int3	existing	1
373	INTO	INTO	71	into	existing	1
374	INVD	INVD	72	invd	existing	1
375	INVEPT	INVEPT	216	invept	existing	3
376	INVLPG	INVLPG	73	invlpg	existing	1
377	INVLPGA	INVLPGA	217	invlpga	existing	1
378	INVLPGB	INVLPGB	1328	invlpgb	appended	2
379	INVPCID	INVPCID	1160	invpcid	existing	3
380	INVVPID	INVVPID	218	invvpid	existing	3
381	IRET	IRET	74	iret	existing	3
382	IRETD	IRETD	75	iretd	existing	3
383	IRETQ	IRETQ	76	iretq	existing	1
384	JB	JB	79	jb	existing	4
385	JBE	JBE	80	jbe	existing	4
386	JCXZ	JCXZ	81	jcxz	existing	1
387	JECXZ	JECXZ	83	jecxz	existing	2
388	JL	JL	86	jl	existing	4
389	JLE	JLE	87	jle	existing	4
390	JMP	JMP	88	jmp	existing	6
391	JMPABS	JMPABS	803	jmpabs	existing	1
392	JMP_FAR	JMP_FAR	1329	jmp far	appended	2
393	JNB	JNB	1330	jnb	appended	4
394	JNBE	JNBE	1331	jnbe	appended	4
395	JNL	JNL	1332	jnl	appended	4
396	JNLE	JNLE	1333	jnle	appended	4
397	JNO	JNO	90	jno	existing	4
398	JNP	JNP	91	jnp	existing	4
399	JNS	JNS	92	jns	existing	4
400	JNZ	JNZ	1334	jnz	appended	4
401	JO	JO	93	jo	existing	4
402	JP	JP	94	jp	existing	4
403	JRCXZ	JRCXZ	95	jrcxz	existing	1
404	JS	JS	96	js	existing	4
405	JZ	JZ	1335	jz	appended	4
406	KADDB	KADDB	954	kaddb	existing	1
407	KADDD	KADDD	955	kaddd	existing	1
408	KADDQ	KADDQ	956	kaddq	existing	1
409	KADDW	KADDW	957	kaddw	existing	1
410	KANDB	KANDB	958	kandb	existing	1
411	KANDD	KANDD	959	kandd	existing	1
412	KANDNB	KANDNB	960	kandnb	existing	1
413	KANDND	KANDND	961	kandnd	existing	1
414	KANDNQ	KANDNQ	962	kandnq	existing	1
415	KANDNW	KANDNW	943	kandnw	existing	1
416	KANDQ	KANDQ	963	kandq	existing	1
417	KANDW	KANDW	944	kandw	existing	1
418	KMOVB	KMOVB	964	kmovb	existing	10
419	KMOVD	KMOVD	965	kmovd	existing	12
420	KMOVQ	KMOVQ	966	kmovq	existing	10
421	KMOVW	KMOVW	945	kmovw	existing	10
422	KNOTB	KNOTB	967	knotb	existing	1
423	KNOTD	KNOTD	968	knotd	existing	1
424	KNOTQ	KNOTQ	969	knotq	existing	1
425	KNOTW	KNOTW	946	knotw	existing	1
426	KORB	KORB	970	korb	existing	1
427	KORD	KORD	971	kord	existing	1
428	KORQ	KORQ	972	korq	existing	1
429	KORTESTB	KORTESTB	973	kortestb	existing	1
430	KORTESTD	KORTESTD	974	kortestd	existing	1
431	KORTESTQ	KORTESTQ	975	kortestq	existing	1
432	KORTESTW	KORTESTW	947	kortestw	existing	1
433	KORW	KORW	948	korw	existing	1
434	KSHIFTLB	KSHIFTLB	976	kshiftlb	existing	1
435	KSHIFTLD	KSHIFTLD	977	kshiftld	existing	1
436	KSHIFTLQ	KSHIFTLQ	978	kshiftlq	existing	1
437	KSHIFTLW	KSHIFTLW	949	kshiftlw	existing	1
438	KSHIFTRB	KSHIFTRB	979	kshiftrb	existing	1
439	KSHIFTRD	KSHIFTRD	980	kshiftrd	existing	1
440	KSHIFTRQ	KSHIFTRQ	981	kshiftrq	existing	1
441	KSHIFTRW	KSHIFTRW	950	kshiftrw	existing	1
442	KTESTB	KTESTB	982	ktestb	existing	1
443	KTESTD	KTESTD	983	ktestd	existing	1
444	KTESTQ	KTESTQ	984	ktestq	existing	1
445	KTESTW	KTESTW	985	ktestw	existing	1
446	KUNPCKBW	KUNPCKBW	951	kunpckbw	existing	1
447	KUNPCKDQ	KUNPCKDQ	986	kunpckdq	existing	1
448	KUNPCKWD	KUNPCKWD	987	kunpckwd	existing	1
449	KXNORB	KXNORB	988	kxnorb	existing	1
450	KXNORD	KXNORD	989	kxnord	existing	1
451	KXNORQ	KXNORQ	990	kxnorq	existing	1
452	KXNORW	KXNORW	952	kxnorw	existing	1
453	KXORB	KXORB	991	kxorb	existing	1
454	KXORD	KXORD	992	kxord	existing	1
455	KXORQ	KXORQ	993	kxorq	existing	1
456	KXORW	KXORW	953	kxorw	existing	1
457	LAHF	LAHF	97	lahf	existing	1
458	LAR	LAR	98	lar	existing	2
459	LDDQU	LDDQU	437	lddqu	existing	1
460	LDMXCSR	LDMXCSR	316	ldmxcsr	existing	1
461	LDS	LDS	1130	lds	existing	1
462	LDTILECFG	LDTILECFG	719	ldtilecfg	existing	2
463	LEA	LEA	99	lea	existing	1
464	LEAVE	LEAVE	100	leave	existing	1
465	LES	LES	1131	les	existing	1
466	LFENCE	LFENCE	1137	lfence	existing	1
467	LFS	LFS	101	lfs	existing	1
468	LGDT	LGDT	102	lgdt	existing	2
469	LGS	LGS	103	lgs	existing	1
470	LIDT	LIDT	104	lidt	existing	2
471	LKGS	LKGS	1336	lkgs	appended	2
472	LLDT	LLDT	105	lldt	existing	2
473	LLWPCB	LLWPCB	1337	llwpcb	appended	1
474	LMSW	LMSW	106	lmsw	existing	2
475	LOADIWKEY	LOADIWKEY	1338	loadiwkey	appended	1
476	LODSB	LODSB	107	lodsb	existing	1
477	LODSD	LODSD	108	lodsd	existing	3
478	LODSQ	LODSQ	109	lodsq	existing	1
479	LODSW	LODSW	110	lodsw	existing	3
480	LOOP	LOOP	111	loop	existing	1
481	LOOPE	LOOPE	112	loope	existing	4
482	LOOPNE	LOOPNE	113	loopne	existing	4
483	LSL	LSL	114	lsl	existing	2
484	LSS	LSS	115	lss	existing	1
485	LTR	LTR	116	ltr	existing	2
486	LWPINS	LWPINS	1339	lwpins	appended	2
487	LWPVAL	LWPVAL	1340	lwpval	appended	2
488	LZCNT	LZCNT	117	lzcnt	existing	10
489	MASKMOVDQU	MASKMOVDQU	1341	maskmovdqu	appended	1
490	MASKMOVQ	MASKMOVQ	335	maskmovq	existing	1
491	MAXPD	MAXPD	361	maxpd	existing	2
492	MAXPS	MAXPS	303	maxps	existing	2
493	MAXSD	MAXSD	362	maxsd	existing	2
494	MAXSS	MAXSS	304	maxss	existing	2
495	MCOMMIT	MCOMMIT	1342	mcommit	appended	1
496	MFENCE	MFENCE	1138	mfence	existing	1
497	MINPD	MINPD	357	minpd	existing	2
498	MINPS	MINPS	299	minps	existing	2
499	MINSD	MINSD	358	minsd	existing	2
500	MINSS	MINSS	300	minss	existing	2
501	MONITOR	MONITOR	1157	monitor	existing	4
502	MONITORX	MONITORX	1343	monitorx	appended	4
503	MOV	MOV	118	mov	existing	22
504	MOVAPD	MOVAPD	338	movapd	existing	4
505	MOVAPS	MOVAPS	274	movaps	existing	4
506	MOVBE	MOVBE	1134	movbe	existing	10
507	MOVD	MOVD	1344	movd	appended	16
508	MOVDDUP	MOVDDUP	428	movddup	existing	2
509	MOVDIR64B	MOVDIR64B	923	movdir64b	existing	3
510	MOVDIRI	MOVDIRI	922	movdiri	existing	3
511	MOVDQ2Q	MOVDQ2Q	1345	movdq2q	appended	1
512	MOVDQA	MOVDQA	367	movdqa	existing	4
513	MOVDQU	MOVDQU	368	movdqu	existing	4
514	MOVHLPS	MOVHLPS	276	movhlps	existing	1
515	MOVHPD	MOVHPD	340	movhpd	existing	2
516	MOVHPS	MOVHPS	277	movhps	existing	2
517	MOVLHPS	MOVLHPS	278	movlhps	existing	1
518	MOVLPD	MOVLPD	339	movlpd	existing	2
519	MOVLPS	MOVLPS	275	movlps	existing	2
520	MOVMSKPD	MOVMSKPD	344	movmskpd	existing	1
521	MOVMSKPS	MOVMSKPS	282	movmskps	existing	1
522	MOVNTDQ	MOVNTDQ	1346	movntdq	appended	1
523	MOVNTDQA	MOVNTDQA	466	movntdqa	existing	1
524	MOVNTI	MOVNTI	1347	movnti	appended	3
525	MOVNTPD	MOVNTPD	341	movntpd	existing	1
526	MOVNTPS	MOVNTPS	279	movntps	existing	1
527	MOVNTQ	MOVNTQ	336	movntq	existing	1
528	MOVNTSD	MOVNTSD	501	movntsd	existing	1
529	MOVNTSS	MOVNTSS	500	movntss	existing	1
530	MOVQ	MOVQ	1348	movq	appended	16
531	MOVQ2DQ	MOVQ2DQ	1349	movq2dq	appended	1
532	MOVRS	MOVRS	1350	movrs	appended	5
533	MOVSB	MOVSB	120	movsb	existing	1
534	MOVSD	MOVSD	121	movsd	existing	3
535	MOVSD_XMM	MOVSD_XMM	1351	movsd_xmm	appended	4
536	MOVSHDUP	MOVSHDUP	430	movshdup	existing	2
537	MOVSLDUP	MOVSLDUP	429	movsldup	existing	2
538	MOVSQ	MOVSQ	122	movsq	existing	1
539	MOVSS	MOVSS	273	movss	existing	4
540	MOVSW	MOVSW	123	movsw	existing	3
541	MOVSX	MOVSX	124	movsx	existing	7
542	MOVSXD	MOVSXD	125	movsxd	existing	3
543	MOVUPD	MOVUPD	337	movupd	existing	4
544	MOVUPS	MOVUPS	272	movups	existing	4
545	MOVZX	MOVZX	126	movzx	existing	7
546	MOV_CR	MOV_CR	1352	mov_cr	appended	4
547	MOV_DR	MOV_DR	1353	mov_dr	appended	4
548	MPSADBW	MPSADBW	499	mpsadbw	existing	2
549	MUL	MUL	127	mul	existing	16
550	MULPD	MULPD	353	mulpd	existing	2
551	MULPS	MULPS	295	mulps	existing	2
552	MULSD	MULSD	354	mulsd	existing	2
553	MULSS	MULSS	296	mulss	existing	2
554	MULX	MULX	690	mulx	existing	10
555	MWAIT	MWAIT	1158	mwait	existing	1
556	MWAITX	MWAITX	1354	mwaitx	appended	1
557	NEG	NEG	128	neg	existing	28
558	NEG_LOCK	NEG_LOCK	1355	neg_lock	appended	2
559	NOP	NOP	129	nop	existing	58
560	NOT	NOT	130	not	existing	16
561	NOT_LOCK	NOT_LOCK	1356	not_lock	appended	2
562	OR	OR	131	or	existing	106
563	ORPD	ORPD	349	orpd	existing	2
564	ORPS	ORPS	291	orps	existing	2
565	OR_LOCK	OR_LOCK	1357	or_lock	appended	6
566	OUT	OUT	132	out	existing	4
567	OUTSB	OUTSB	133	outsb	existing	1
568	OUTSD	OUTSD	134	outsd	existing	4
569	OUTSW	OUTSW	135	outsw	existing	3
570	PABSB	PABSB	450	pabsb	existing	4
571	PABSD	PABSD	452	pabsd	existing	4
572	PABSW	PABSW	451	pabsw	existing	4
573	PACKSSDW	PACKSSDW	390	packssdw	existing	4
574	PACKSSWB	PACKSSWB	382	packsswb	existing	4
575	PACKUSDW	PACKUSDW	467	packusdw	existing	2
576	PACKUSWB	PACKUSWB	386	packuswb	existing	4
577	PADDB	PADDB	425	paddb	existing	4
578	PADDD	PADDD	427	paddd	existing	4
579	PADDQ	PADDQ	399	paddq	existing	4
580	PADDSB	PADDSB	413	paddsb	existing	4
581	PADDSW	PADDSW	414	paddsw	existing	4
582	PADDUSB	PADDUSB	404	paddusb	existing	4
583	PADDUSW	PADDUSW	405	paddusw	existing	4
584	PADDW	PADDW	426	paddw	existing	4
585	PALIGNR	PALIGNR	453	palignr	existing	4
586	PAND	PAND	403	pand	existing	4
587	PANDN	PANDN	406	pandn	existing	4
588	PAUSE	PAUSE	136	pause	existing	1
589	PAVGB	PAVGB	323	pavgb	existing	4
590	PAVGUSB	PAVGUSB	242	pavgusb	existing	2
591	PAVGW	PAVGW	324	pavgw	existing	4
592	PBLENDVB	PBLENDVB	454	pblendvb	existing	2
593	PBLENDW	PBLENDW	490	pblendw	existing	2
594	PBNDKB	PBNDKB	1358	pbndkb	appended	1
595	PCLMULQDQ	PCLMULQDQ	676	pclmulqdq	existing	2
596	PCMPEQB	PCMPEQB	393	pcmpeqb	existing	4
597	PCMPEQD	PCMPEQD	395	pcmpeqd	existing	4
598	PCMPEQQ	PCMPEQQ	465	pcmpeqq	existing	2
599	PCMPEQW	PCMPEQW	394	pcmpeqw	existing	4
600	PCMPESTRI	PCMPESTRI	504	pcmpestri	existing	4
601	PCMPESTRI64	PCMPESTRI64	1359	pcmpestri64	appended	2
602	PCMPESTRM	PCMPESTRM	503	pcmpestrm	existing	4
603	PCMPESTRM64	PCMPESTRM64	1360	pcmpestrm64	appended	2
604	PCMPGTB	PCMPGTB	383	pcmpgtb	existing	4
605	PCMPGTD	PCMPGTD	385	pcmpgtd	existing	4
606	PCMPGTQ	PCMPGTQ	502	pcmpgtq	existing	2
607	PCMPGTW	PCMPGTW	384	pcmpgtw	existing	4
608	PCMPISTRI	PCMPISTRI	506	pcmpistri	existing	4
609	PCMPISTRI64	PCMPISTRI64	1361	pcmpistri64	appended	2
610	PCMPISTRM	PCMPISTRM	505	pcmpistrm	existing	2
611	PCONFIG	PCONFIG	1362	pconfig	appended	2
612	PDEP	PDEP	691	pdep	existing	10
613	PEXT	PEXT	692	pext	existing	10
614	PEXTRB	PEXTRB	491	pextrb	existing	2
615	PEXTRD	PEXTRD	492	pextrd	existing	2
616	PEXTRQ	PEXTRQ	1363	pextrq	appended	2
617	PEXTRW	PEXTRW	325	pextrw	existing	2
618	PEXTRW_SSE4	PEXTRW_SSE4	1364	pextrw	appended	2
619	PF2ID	PF2ID	243	pf2id	existing	2
620	PF2IW	PF2IW	244	pf2iw	existing	2
621	PFACC	PFACC	245	pfacc	existing	2
622	PFADD	PFADD	246	pfadd	existing	2
623	PFCMPEQ	PFCMPEQ	247	pfcmpeq	existing	2
624	PFCMPGE	PFCMPGE	248	pfcmpge	existing	2
625	PFCMPGT	PFCMPGT	249	pfcmpgt	existing	2
626	PFMAX	PFMAX	250	pfmax	existing	2
627	PFMIN	PFMIN	251	pfmin	existing	2
628	PFMUL	PFMUL	252	pfmul	existing	2
629	PFNACC	PFNACC	253	pfnacc	existing	2
630	PFPNACC	PFPNACC	254	pfpnacc	existing	2
631	PFRCP	PFRCP	255	pfrcp	existing	2
632	PFRCPIT1	PFRCPIT1	256	pfrcpit1	existing	2
633	PFRCPIT2	PFRCPIT2	257	pfrcpit2	existing	2
634	PFRSQIT1	PFRSQIT1	258	pfrsqit1	existing	2
635	PFRSQRT	PFRSQRT	259	pfrsqrt	existing	2
636	PFSUB	PFSUB	260	pfsub	existing	2
637	PFSUBR	PFSUBR	261	pfsubr	existing	2
638	PHADDD	PHADDD	440	phaddd	existing	4
639	PHADDSW	PHADDSW	441	phaddsw	existing	4
640	PHADDW	PHADDW	439	phaddw	existing	4
641	PHMINPOSUW	PHMINPOSUW	483	phminposuw	existing	2
642	PHSUBD	PHSUBD	444	phsubd	existing	4
643	PHSUBSW	PHSUBSW	445	phsubsw	existing	4
644	PHSUBW	PHSUBW	443	phsubw	existing	4
645	PI2FD	PI2FD	262	pi2fd	existing	2
646	PI2FW	PI2FW	263	pi2fw	existing	2
647	PINSRB	PINSRB	494	pinsrb	existing	2
648	PINSRD	PINSRD	496	pinsrd	existing	2
649	PINSRQ	PINSRQ	1365	pinsrq	appended	2
650	PINSRW	PINSRW	326	pinsrw	existing	4
651	PMADDUBSW	PMADDUBSW	442	pmaddubsw	existing	4
652	PMADDWD	PMADDWD	420	pmaddwd	existing	4
653	PMAXSB	PMAXSB	478	pmaxsb	existing	2
654	PMAXSD	PMAXSD	479	pmaxsd	existing	2
655	PMAXSW	PMAXSW	327	pmaxsw	existing	4
656	PMAXUB	PMAXUB	328	pmaxub	existing	4
657	PMAXUD	PMAXUD	481	pmaxud	existing	2
658	PMAXUW	PMAXUW	480	pmaxuw	existing	2
659	PMINSB	PMINSB	474	pminsb	existing	2
660	PMINSD	PMINSD	475	pminsd	existing	2
661	PMINSW	PMINSW	329	pminsw	existing	4
662	PMINUB	PMINUB	330	pminub	existing	4
663	PMINUD	PMINUD	477	pminud	existing	2
664	PMINUW	PMINUW	476	pminuw	existing	2
665	PMOVMSKB	PMOVMSKB	331	pmovmskb	existing	2
666	PMOVSXBD	PMOVSXBD	459	pmovsxbd	existing	2
667	PMOVSXBQ	PMOVSXBQ	460	pmovsxbq	existing	2
668	PMOVSXBW	PMOVSXBW	458	pmovsxbw	existing	2
669	PMOVSXDQ	PMOVSXDQ	463	pmovsxdq	existing	2
670	PMOVSXWD	PMOVSXWD	461	pmovsxwd	existing	2
671	PMOVSXWQ	PMOVSXWQ	462	pmovsxwq	existing	2
672	PMOVZXBD	PMOVZXBD	469	pmovzxbd	existing	2
673	PMOVZXBQ	PMOVZXBQ	470	pmovzxbq	existing	2
674	PMOVZXBW	PMOVZXBW	468	pmovzxbw	existing	2
675	PMOVZXDQ	PMOVZXDQ	473	pmovzxdq	existing	2
676	PMOVZXWD	PMOVZXWD	471	pmovzxwd	existing	2
677	PMOVZXWQ	PMOVZXWQ	472	pmovzxwq	existing	2
678	PMULDQ	PMULDQ	464	pmuldq	existing	2
679	PMULHRSW	PMULHRSW	449	pmulhrsw	existing	4
680	PMULHRW	PMULHRW	264	pmulhrw	existing	2
681	PMULHUW	PMULHUW	332	pmulhuw	existing	4
682	PMULHW	PMULHW	409	pmulhw	existing	4
683	PMULLD	PMULLD	482	pmulld	existing	2
684	PMULLW	PMULLW	400	pmullw	existing	4
685	PMULUDQ	PMULUDQ	419	pmuludq	existing	4
686	POP	POP	137	pop	existing	9
687	POP2	POP2	732	pop2	existing	1
688	POP2P	POP2P	1366	pop2p	appended	1
689	POPA	POPA	211	popa	existing	2
690	POPAD	POPAD	212	popad	existing	2
691	POPCNT	POPCNT	138	popcnt	existing	10
692	POPF	POPF	139	popf	existing	3
693	POPFD	POPFD	140	popfd	existing	2
694	POPFQ	POPFQ	141	popfq	existing	2
695	POPP	POPP	1367	popp	appended	1
696	POR	POR	412	por	existing	4
697	PREFETCHIT0	PREFETCHIT0	1368	prefetchit0	appended	1
698	PREFETCHIT1	PREFETCHIT1	1369	prefetchit1	appended	1
699	PREFETCHNTA	PREFETCHNTA	319	prefetchnta	existing	1
700	PREFETCHRST2	PREFETCHRST2	1370	prefetchrst2	appended	1
701	PREFETCHT0	PREFETCHT0	320	prefetcht0	existing	1
702	PREFETCHT1	PREFETCHT1	321	prefetcht1	existing	1
703	PREFETCHT2	PREFETCHT2	322	prefetcht2	existing	1
704	PREFETCHW	PREFETCHW	266	prefetchw	existing	2
705	PREFETCHWT1	PREFETCHWT1	1371	prefetchwt1	appended	1
706	PREFETCH_EXCLUSIVE	PREFETCH_EXCLUSIVE	1372	prefetch_exclusive	appended	1
707	PREFETCH_RESERVED	PREFETCH_RESERVED	1373	prefetch_reserved	appended	4
708	PSADBW	PSADBW	333	psadbw	existing	4
709	PSHUFB	PSHUFB	438	pshufb	existing	4
710	PSHUFD	PSHUFD	1374	pshufd	appended	2
711	PSHUFHW	PSHUFHW	1375	pshufhw	appended	2
712	PSHUFLW	PSHUFLW	1376	pshuflw	appended	2
713	PSHUFW	PSHUFW	334	pshufw	existing	2
714	PSIGNB	PSIGNB	446	psignb	existing	4
715	PSIGND	PSIGND	448	psignd	existing	4
716	PSIGNW	PSIGNW	447	psignw	existing	4
717	PSLLD	PSLLD	417	pslld	existing	6
718	PSLLDQ	PSLLDQ	1377	pslldq	appended	1
719	PSLLQ	PSLLQ	418	psllq	existing	6
720	PSLLW	PSLLW	416	psllw	existing	6
721	PSMASH	PSMASH	1378	psmash	appended	1
722	PSRAD	PSRAD	408	psrad	existing	6
723	PSRAW	PSRAW	407	psraw	existing	6
724	PSRLD	PSRLD	397	psrld	existing	6
725	PSRLDQ	PSRLDQ	1379	psrldq	appended	1
726	PSRLQ	PSRLQ	398	psrlq	existing	6
727	PSRLW	PSRLW	396	psrlw	existing	6
728	PSUBB	PSUBB	421	psubb	existing	4
729	PSUBD	PSUBD	423	psubd	existing	4
730	PSUBQ	PSUBQ	424	psubq	existing	4
731	PSUBSB	PSUBSB	410	psubsb	existing	4
732	PSUBSW	PSUBSW	411	psubsw	existing	4
733	PSUBUSB	PSUBUSB	401	psubusb	existing	4
734	PSUBUSW	PSUBUSW	402	psubusw	existing	4
735	PSUBW	PSUBW	422	psubw	existing	4
736	PSWAPD	PSWAPD	267	pswapd	existing	2
737	PTEST	PTEST	457	ptest	existing	2
738	PTWRITE	PTWRITE	1380	ptwrite	appended	2
739	PUNPCKHBW	PUNPCKHBW	387	punpckhbw	existing	4
740	PUNPCKHDQ	PUNPCKHDQ	389	punpckhdq	existing	4
741	PUNPCKHQDQ	PUNPCKHQDQ	392	punpckhqdq	existing	2
742	PUNPCKHWD	PUNPCKHWD	388	punpckhwd	existing	4
743	PUNPCKLBW	PUNPCKLBW	379	punpcklbw	existing	4
744	PUNPCKLDQ	PUNPCKLDQ	381	punpckldq	existing	4
745	PUNPCKLQDQ	PUNPCKLQDQ	391	punpcklqdq	existing	2
746	PUNPCKLWD	PUNPCKLWD	380	punpcklwd	existing	4
747	PUSH	PUSH	142	push	existing	12
748	PUSH2	PUSH2	731	push2	existing	1
749	PUSH2P	PUSH2P	1381	push2p	appended	1
750	PUSHA	PUSHA	213	pusha	existing	2
751	PUSHAD	PUSHAD	214	pushad	existing	2
752	PUSHF	PUSHF	143	pushf	existing	3
753	PUSHFD	PUSHFD	144	pushfd	existing	2
754	PUSHFQ	PUSHFQ	145	pushfq	existing	2
755	PUSHP	PUSHP	1382	pushp	appended	1
756	PVALIDATE	PVALIDATE	1383	pvalidate	appended	1
757	PXOR	PXOR	415	pxor	existing	4
758	RCL	RCL	146	rcl	existing	48
759	RCPPS	RCPPS	287	rcpps	existing	2
760	RCPSS	RCPSS	288	rcpss	existing	2
761	RCR	RCR	147	rcr	existing	48
762	RDFSBASE	RDFSBASE	1161	rdfsbase	existing	1
763	RDGSBASE	RDGSBASE	1162	rdgsbase	existing	1
764	RDMSR	RDMSR	148	rdmsr	existing	3
765	RDMSRLIST	RDMSRLIST	1384	rdmsrlist	appended	1
766	RDPID	RDPID	920	rdpid	existing	2
767	RDPKRU	RDPKRU	1165	rdpkru	existing	1
768	RDPMC	RDPMC	149	rdpmc	existing	1
769	RDPRU	RDPRU	1385	rdpru	appended	1
770	RDRAND	RDRAND	737	rdrand	existing	1
771	RDSEED	RDSEED	738	rdseed	existing	1
772	RDSSPD	RDSSPD	831	rdsspd	existing	1
773	RDSSPQ	RDSSPQ	832	rdsspq	existing	1
774	RDTSC	RDTSC	150	rdtsc	existing	1
775	RDTSCP	RDTSCP	1159	rdtscp	existing	1
776	REPE_CMPSB	REPE_CMPSB	1386	repe_cmpsb	appended	1
777	REPE_CMPSD	REPE_CMPSD	1387	repe_cmpsd	appended	3
778	REPE_CMPSQ	REPE_CMPSQ	1388	repe_cmpsq	appended	1
779	REPE_CMPSW	REPE_CMPSW	1389	repe_cmpsw	appended	3
780	REPE_SCASB	REPE_SCASB	1390	repe_scasb	appended	1
781	REPE_SCASD	REPE_SCASD	1391	repe_scasd	appended	3
782	REPE_SCASQ	REPE_SCASQ	1392	repe_scasq	appended	1
783	REPE_SCASW	REPE_SCASW	1393	repe_scasw	appended	3
784	REPNE_CMPSB	REPNE_CMPSB	1394	repne_cmpsb	appended	1
785	REPNE_CMPSD	REPNE_CMPSD	1395	repne_cmpsd	appended	3
786	REPNE_CMPSQ	REPNE_CMPSQ	1396	repne_cmpsq	appended	1
787	REPNE_CMPSW	REPNE_CMPSW	1397	repne_cmpsw	appended	3
788	REPNE_SCASB	REPNE_SCASB	1398	repne_scasb	appended	1
789	REPNE_SCASD	REPNE_SCASD	1399	repne_scasd	appended	3
790	REPNE_SCASQ	REPNE_SCASQ	1400	repne_scasq	appended	1
791	REPNE_SCASW	REPNE_SCASW	1401	repne_scasw	appended	3
792	REP_INSB	REP_INSB	1402	rep_insb	appended	2
793	REP_INSD	REP_INSD	1403	rep_insd	appended	8
794	REP_INSW	REP_INSW	1404	rep_insw	appended	6
795	REP_LODSB	REP_LODSB	1405	rep_lodsb	appended	2
796	REP_LODSD	REP_LODSD	1406	rep_lodsd	appended	6
797	REP_LODSQ	REP_LODSQ	1407	rep_lodsq	appended	2
798	REP_LODSW	REP_LODSW	1408	rep_lodsw	appended	6
799	REP_MONTMUL	REP_MONTMUL	1409	rep_montmul	appended	2
800	REP_MOVSB	REP_MOVSB	1410	rep_movsb	appended	2
801	REP_MOVSD	REP_MOVSD	1411	rep_movsd	appended	6
802	REP_MOVSQ	REP_MOVSQ	1412	rep_movsq	appended	2
803	REP_MOVSW	REP_MOVSW	1413	rep_movsw	appended	6
804	REP_OUTSB	REP_OUTSB	1414	rep_outsb	appended	2
805	REP_OUTSD	REP_OUTSD	1415	rep_outsd	appended	8
806	REP_OUTSW	REP_OUTSW	1416	rep_outsw	appended	6
807	REP_STOSB	REP_STOSB	1417	rep_stosb	appended	2
808	REP_STOSD	REP_STOSD	1418	rep_stosd	appended	6
809	REP_STOSQ	REP_STOSQ	1419	rep_stosq	appended	2
810	REP_STOSW	REP_STOSW	1420	rep_stosw	appended	6
811	REP_XCRYPTCBC	REP_XCRYPTCBC	1421	rep_xcryptcbc	appended	1
812	REP_XCRYPTCFB	REP_XCRYPTCFB	1422	rep_xcryptcfb	appended	1
813	REP_XCRYPTCTR	REP_XCRYPTCTR	1423	rep_xcryptctr	appended	1
814	REP_XCRYPTECB	REP_XCRYPTECB	1424	rep_xcryptecb	appended	1
815	REP_XCRYPTOFB	REP_XCRYPTOFB	1425	rep_xcryptofb	appended	1
816	REP_XSHA1	REP_XSHA1	1426	rep_xsha1	appended	1
817	REP_XSHA256	REP_XSHA256	1427	rep_xsha256	appended	1
818	REP_XSTORE	REP_XSTORE	1428	rep_xstore	appended	1
819	RET_FAR	RET_FAR	1429	ret far	appended	2
820	RET_NEAR	RET_NEAR	1430	ret_near	appended	2
821	RMPADJUST	RMPADJUST	1431	rmpadjust	appended	1
822	RMPUPDATE	RMPUPDATE	1432	rmpupdate	appended	1
823	ROL	ROL	153	rol	existing	84
824	ROR	ROR	154	ror	existing	84
825	RORX	RORX	693	rorx	existing	10
826	ROUNDPD	ROUNDPD	485	roundpd	existing	2
827	ROUNDPS	ROUNDPS	484	roundps	existing	2
828	ROUNDSD	ROUNDSD	487	roundsd	existing	2
829	ROUNDSS	ROUNDSS	486	roundss	existing	2
830	RSM	RSM	1433	rsm	appended	1
831	RSQRTPS	RSQRTPS	285	rsqrtps	existing	2
832	RSQRTSS	RSQRTSS	286	rsqrtss	existing	2
833	RSTORSSP	RSTORSSP	833	rstorssp	existing	1
834	SAHF	SAHF	155	sahf	existing	1
835	SALC	SALC	221	salc	existing	1
836	SAR	SAR	156	sar	existing	84
837	SARX	SARX	694	sarx	existing	10
838	SAVEPREVSSP	SAVEPREVSSP	834	saveprevssp	existing	1
839	SBB	SBB	157	sbb	existing	62
840	SBB_LOCK	SBB_LOCK	1434	sbb_lock	appended	6
841	SCASB	SCASB	158	scasb	existing	1
842	SCASD	SCASD	159	scasd	existing	3
843	SCASQ	SCASQ	160	scasq	existing	1
844	SCASW	SCASW	161	scasw	existing	3
845	SEAMCALL	SEAMCALL	1435	seamcall	appended	1
846	SEAMOPS	SEAMOPS	1436	seamops	appended	1
847	SEAMRET	SEAMRET	1437	seamret	appended	1
848	SENDUIPI	SENDUIPI	1180	senduipi	existing	1
849	SERIALIZE	SERIALIZE	921	serialize	existing	1
850	SETB	SETB	164	setb	existing	6
851	SETBE	SETBE	165	setbe	existing	6
852	SETL	SETL	169	setl	existing	6
853	SETLE	SETLE	170	setle	existing	6
854	SETNB	SETNB	1438	setnb	appended	6
855	SETNBE	SETNBE	1439	setnbe	appended	6
856	SETNL	SETNL	1440	setnl	appended	6
857	SETNLE	SETNLE	1441	setnle	appended	6
858	SETNO	SETNO	172	setno	existing	6
859	SETNP	SETNP	173	setnp	existing	6
860	SETNS	SETNS	174	setns	existing	6
861	SETNZ	SETNZ	1442	setnz	appended	6
862	SETO	SETO	175	seto	existing	6
863	SETP	SETP	176	setp	existing	6
864	SETS	SETS	177	sets	existing	6
865	SETSSBSY	SETSSBSY	835	setssbsy	existing	1
866	SETZ	SETZ	1443	setz	appended	6
867	SFENCE	SFENCE	318	sfence	existing	1
868	SGDT	SGDT	178	sgdt	existing	2
869	SHA1MSG1	SHA1MSG1	677	sha1msg1	existing	2
870	SHA1MSG2	SHA1MSG2	678	sha1msg2	existing	2
871	SHA1NEXTE	SHA1NEXTE	679	sha1nexte	existing	2
872	SHA1RNDS4	SHA1RNDS4	680	sha1rnds4	existing	2
873	SHA256MSG1	SHA256MSG1	681	sha256msg1	existing	2
874	SHA256MSG2	SHA256MSG2	682	sha256msg2	existing	2
875	SHA256RNDS2	SHA256RNDS2	683	sha256rnds2	existing	2
876	SHL	SHL	179	shl	existing	168
877	SHLD	SHLD	180	shld	existing	36
878	SHLX	SHLX	695	shlx	existing	10
879	SHR	SHR	181	shr	existing	84
880	SHRD	SHRD	182	shrd	existing	36
881	SHRX	SHRX	696	shrx	existing	10
882	SHUFPD	SHUFPD	364	shufpd	existing	2
883	SHUFPS	SHUFPS	307	shufps	existing	2
884	SIDT	SIDT	183	sidt	existing	2
885	SKINIT	SKINIT	222	skinit	existing	1
886	SLDT	SLDT	184	sldt	existing	2
887	SLWPCB	SLWPCB	1444	slwpcb	appended	1
888	SMSW	SMSW	185	smsw	existing	2
889	SQRTPD	SQRTPD	345	sqrtpd	existing	2
890	SQRTPS	SQRTPS	283	sqrtps	existing	2
891	SQRTSD	SQRTSD	346	sqrtsd	existing	2
892	SQRTSS	SQRTSS	284	sqrtss	existing	2
893	STAC	STAC	1445	stac	appended	1
894	STC	STC	186	stc	existing	1
895	STD	STD	187	std	existing	1
896	STGI	STGI	223	stgi	existing	1
897	STI	STI	188	sti	existing	1
898	STMXCSR	STMXCSR	317	stmxcsr	existing	1
899	STOSB	STOSB	189	stosb	existing	1
900	STOSD	STOSD	190	stosd	existing	3
901	STOSQ	STOSQ	191	stosq	existing	1
902	STOSW	STOSW	192	stosw	existing	3
903	STR	STR	193	str	existing	2
904	STTILECFG	STTILECFG	720	sttilecfg	existing	2
905	STUI	STUI	1181	stui	existing	1
906	SUB	SUB	194	sub	existing	106
907	SUBPD	SUBPD	355	subpd	existing	2
908	SUBPS	SUBPS	297	subps	existing	2
909	SUBSD	SUBSD	356	subsd	existing	2
910	SUBSS	SUBSS	298	subss	existing	2
911	SUB_LOCK	SUB_LOCK	1446	sub_lock	appended	6
912	SWAPGS	SWAPGS	1447	swapgs	appended	1
913	SYSCALL	SYSCALL	195	syscall	existing	1
914	SYSCALL_AMD	SYSCALL_AMD	1448	syscall_amd	appended	1
915	SYSENTER	SYSENTER	196	sysenter	existing	2
916	SYSEXIT	SYSEXIT	197	sysexit	existing	2
917	SYSRET	SYSRET	198	sysret	existing	1
918	SYSRET64	SYSRET64	1449	sysret64	appended	1
919	SYSRET_AMD	SYSRET_AMD	1450	sysret_amd	appended	1
920	T1MSKC	T1MSKC	1451	t1mskc	appended	4
921	TCMMIMFP16PS	TCMMIMFP16PS	925	tcmmimfp16ps	existing	1
922	TCMMRLFP16PS	TCMMRLFP16PS	926	tcmmrlfp16ps	existing	1
923	TCVTROWD2PS	TCVTROWD2PS	933	tcvtrowd2ps	existing	2
924	TCVTROWPS2BF16H	TCVTROWPS2BF16H	934	tcvtrowps2bf16h	existing	2
925	TCVTROWPS2BF16L	TCVTROWPS2BF16L	935	tcvtrowps2bf16l	existing	2
926	TCVTROWPS2PHH	TCVTROWPS2PHH	936	tcvtrowps2phh	existing	2
927	TCVTROWPS2PHL	TCVTROWPS2PHL	937	tcvtrowps2phl	existing	2
928	TDCALL	TDCALL	1452	tdcall	appended	2
929	TDPBF16PS	TDPBF16PS	730	tdpbf16ps	existing	1
930	TDPBF8PS	TDPBF8PS	927	tdpbf8ps	existing	1
931	TDPBHF8PS	TDPBHF8PS	928	tdpbhf8ps	existing	1
932	TDPBSSD	TDPBSSD	726	tdpbssd	existing	1
933	TDPBSUD	TDPBSUD	727	tdpbsud	existing	1
934	TDPBUSD	TDPBUSD	728	tdpbusd	existing	1
935	TDPBUUD	TDPBUUD	729	tdpbuud	existing	1
936	TDPFP16PS	TDPFP16PS	802	tdpfp16ps	existing	1
937	TDPHBF8PS	TDPHBF8PS	929	tdphbf8ps	existing	1
938	TDPHF8PS	TDPHF8PS	930	tdphf8ps	existing	1
939	TEST	TEST	199	test	existing	14
940	TESTUI	TESTUI	1182	testui	existing	1
941	TILELOADD	TILELOADD	721	tileloadd	existing	2
942	TILELOADDRS	TILELOADDRS	931	tileloaddrs	existing	2
943	TILELOADDRST1	TILELOADDRST1	932	tileloaddrst1	existing	2
944	TILELOADDT1	TILELOADDT1	722	tileloaddt1	existing	2
945	TILEMOVCOL	TILEMOVCOL	1453	tilemovcol	appended	2
946	TILEMOVROW	TILEMOVROW	938	tilemovrow	existing	4
947	TILERELEASE	TILERELEASE	725	tilerelease	existing	1
948	TILESTORED	TILESTORED	723	tilestored	existing	2
949	TILEZERO	TILEZERO	724	tilezero	existing	1
950	TLBSYNC	TLBSYNC	1454	tlbsync	appended	1
951	TOP2BF16PS	TOP2BF16PS	1455	top2bf16ps	appended	1
952	TOP4BSSD	TOP4BSSD	1456	top4bssd	appended	1
953	TOP4BSUD	TOP4BSUD	1457	top4bsud	appended	1
954	TOP4BUSD	TOP4BUSD	1458	top4busd	appended	1
955	TOP4BUUD	TOP4BUUD	1459	top4buud	appended	1
956	TOP4MXBF8PS	TOP4MXBF8PS	1460	top4mxbf8ps	appended	1
957	TOP4MXBHF8PS	TOP4MXBHF8PS	1461	top4mxbhf8ps	appended	1
958	TOP4MXBSSPS	TOP4MXBSSPS	1462	top4mxbssps	appended	1
959	TOP4MXHBF8PS	TOP4MXHBF8PS	1463	top4mxhbf8ps	appended	1
960	TOP4MXHF8PS	TOP4MXHF8PS	1464	top4mxhf8ps	appended	1
961	TPAUSE	TPAUSE	842	tpause	existing	1
962	TZCNT	TZCNT	200	tzcnt	existing	10
963	TZMSK	TZMSK	1465	tzmsk	appended	4
964	UCOMISD	UCOMISD	342	ucomisd	existing	2
965	UCOMISS	UCOMISS	280	ucomiss	existing	2
966	UD0	UD0	268	ud0	existing	3
967	UD1	UD1	269	ud1	existing	2
968	UD2	UD2	201	ud2	existing	1
969	UDB	UDB	224	udb	existing	1
970	UIRET	UIRET	1183	uiret	existing	1
971	UMONITOR	UMONITOR	840	umonitor	existing	1
972	UMWAIT	UMWAIT	841	umwait	existing	1
973	UNPCKHPD	UNPCKHPD	366	unpckhpd	existing	2
974	UNPCKHPS	UNPCKHPS	309	unpckhps	existing	2
975	UNPCKLPD	UNPCKLPD	365	unpcklpd	existing	2
976	UNPCKLPS	UNPCKLPS	308	unpcklps	existing	2
977	URDMSR	URDMSR	1466	urdmsr	appended	4
978	UWRMSR	UWRMSR	1467	uwrmsr	appended	4
979	V4FMADDPS	V4FMADDPS	1118	v4fmaddps	existing	1
980	V4FMADDSS	V4FMADDSS	1119	v4fmaddss	existing	1
981	V4FNMADDPS	V4FNMADDPS	1120	v4fnmaddps	existing	1
982	V4FNMADDSS	V4FNMADDSS	1121	v4fnmaddss	existing	1
983	VADDBF16	VADDBF16	939	vaddbf16	existing	6
984	VADDPD	VADDPD	611	vaddpd	existing	11
985	VADDPH	VADDPH	1468	vaddph	appended	7
986	VADDPS	VADDPS	610	vaddps	existing	11
987	VADDSD	VADDSD	613	vaddsd	existing	5
988	VADDSH	VADDSH	1469	vaddsh	appended	3
989	VADDSS	VADDSS	612	vaddss	existing	5
990	VADDSUBPD	VADDSUBPD	893	vaddsubpd	existing	4
991	VADDSUBPS	VADDSUBPS	894	vaddsubps	existing	4
992	VAESDEC	VAESDEC	798	vaesdec	existing	10
993	VAESDECLAST	VAESDECLAST	799	vaesdeclast	existing	10
994	VAESENC	VAESENC	735	vaesenc	existing	10
995	VAESENCLAST	VAESENCLAST	797	vaesenclast	existing	10
996	VAESIMC	VAESIMC	800	vaesimc	existing	2
997	VAESKEYGENASSIST	VAESKEYGENASSIST	801	vaeskeygenassist	existing	2
998	VALIGND	VALIGND	1470	valignd	appended	6
999	VALIGNQ	VALIGNQ	1471	valignq	appended	6
1000	VANDNPD	VANDNPD	637	vandnpd	existing	10
1001	VANDNPS	VANDNPS	636	vandnps	existing	10
1002	VANDPD	VANDPD	635	vandpd	existing	10
1003	VANDPS	VANDPS	634	vandps	existing	10
1004	VBCSTNEBF162PS	VBCSTNEBF162PS	1472	vbcstnebf162ps	appended	2
1005	VBCSTNESH2PS	VBCSTNESH2PS	1473	vbcstnesh2ps	appended	2
1006	VBLENDMPD	VBLENDMPD	1474	vblendmpd	appended	6
1007	VBLENDMPS	VBLENDMPS	1475	vblendmps	appended	6
1008	VBLENDPD	VBLENDPD	1476	vblendpd	appended	4
1009	VBLENDPS	VBLENDPS	1477	vblendps	appended	4
1010	VBLENDVPD	VBLENDVPD	1478	vblendvpd	appended	4
1011	VBLENDVPS	VBLENDVPS	1479	vblendvps	appended	4
1012	VBROADCASTF128	VBROADCASTF128	1480	vbroadcastf128	appended	1
1013	VBROADCASTF32X2	VBROADCASTF32X2	1481	vbroadcastf32x2	appended	4
1014	VBROADCASTF32X4	VBROADCASTF32X4	1482	vbroadcastf32x4	appended	2
1015	VBROADCASTF32X8	VBROADCASTF32X8	1483	vbroadcastf32x8	appended	1
1016	VBROADCASTF64X2	VBROADCASTF64X2	1484	vbroadcastf64x2	appended	2
1017	VBROADCASTF64X4	VBROADCASTF64X4	1485	vbroadcastf64x4	appended	1
1018	VBROADCASTI128	VBROADCASTI128	1486	vbroadcasti128	appended	1
1019	VBROADCASTI32X2	VBROADCASTI32X2	1487	vbroadcasti32x2	appended	6
1020	VBROADCASTI32X4	VBROADCASTI32X4	1488	vbroadcasti32x4	appended	2
1021	VBROADCASTI32X8	VBROADCASTI32X8	1489	vbroadcasti32x8	appended	1
1022	VBROADCASTI64X2	VBROADCASTI64X2	1490	vbroadcasti64x2	appended	2
1023	VBROADCASTI64X4	VBROADCASTI64X4	1491	vbroadcasti64x4	appended	1
1024	VBROADCASTSD	VBROADCASTSD	1492	vbroadcastsd	appended	6
1025	VBROADCASTSS	VBROADCASTSS	1493	vbroadcastss	appended	10
1026	VCMPBF16	VCMPBF16	1494	vcmpbf16	appended	6
1027	VCMPPD	VCMPPD	1495	vcmppd	appended	11
1028	VCMPPH	VCMPPH	1496	vcmpph	appended	7
1029	VCMPPS	VCMPPS	1497	vcmpps	appended	11
1030	VCMPSD	VCMPSD	1498	vcmpsd	appended	5
1031	VCMPSH	VCMPSH	1499	vcmpsh	appended	3
1032	VCMPSS	VCMPSS	1500	vcmpss	appended	5
1033	VCOMISBF16	VCOMISBF16	1501	vcomisbf16	appended	2
1034	VCOMISD	VCOMISD	1502	vcomisd	appended	5
1035	VCOMISH	VCOMISH	1503	vcomish	appended	3
1036	VCOMISS	VCOMISS	1504	vcomiss	appended	5
1037	VCOMPRESSPD	VCOMPRESSPD	1505	vcompresspd	appended	6
1038	VCOMPRESSPS	VCOMPRESSPS	1506	vcompressps	appended	6
1039	VCOMXSD	VCOMXSD	1507	vcomxsd	appended	3
1040	VCOMXSH	VCOMXSH	1508	vcomxsh	appended	3
1041	VCOMXSS	VCOMXSS	1509	vcomxss	appended	3
1042	VCVT2PH2BF8	VCVT2PH2BF8	1510	vcvt2ph2bf8	appended	6
1043	VCVT2PH2BF8S	VCVT2PH2BF8S	1511	vcvt2ph2bf8s	appended	6
1044	VCVT2PH2HF8	VCVT2PH2HF8	1512	vcvt2ph2hf8	appended	6
1045	VCVT2PH2HF8S	VCVT2PH2HF8S	1513	vcvt2ph2hf8s	appended	6
1046	VCVT2PS2PHX	VCVT2PS2PHX	1514	vcvt2ps2phx	appended	7
1047	VCVTBF162IBS	VCVTBF162IBS	1515	vcvtbf162ibs	appended	6
1048	VCVTBF162IUBS	VCVTBF162IUBS	1516	vcvtbf162iubs	appended	6
1049	VCVTBF42HF8	VCVTBF42HF8	1517	vcvtbf42hf8	appended	6
1050	VCVTBF62HF8	VCVTBF62HF8	1518	vcvtbf62hf8	appended	3
1051	VCVTBF82BF4S	VCVTBF82BF4S	1519	vcvtbf82bf4s	appended	6
1052	VCVTBF82BF6S	VCVTBF82BF6S	1520	vcvtbf82bf6s	appended	3
1053	VCVTBF82PS	VCVTBF82PS	1521	vcvtbf82ps	appended	6
1054	VCVTBIASPH2BF8	VCVTBIASPH2BF8	1522	vcvtbiasph2bf8	appended	6
1055	VCVTBIASPH2BF8S	VCVTBIASPH2BF8S	1523	vcvtbiasph2bf8s	appended	6
1056	VCVTBIASPH2HF8	VCVTBIASPH2HF8	1524	vcvtbiasph2hf8	appended	6
1057	VCVTBIASPH2HF8S	VCVTBIASPH2HF8S	1525	vcvtbiasph2hf8s	appended	6
1058	VCVTBIASPS2BF8	VCVTBIASPS2BF8	1526	vcvtbiasps2bf8	appended	6
1059	VCVTBIASPS2BF8S	VCVTBIASPS2BF8S	1527	vcvtbiasps2bf8s	appended	6
1060	VCVTBIASPS2HF8	VCVTBIASPS2HF8	1528	vcvtbiasps2hf8	appended	6
1061	VCVTBIASPS2HF8S	VCVTBIASPS2HF8S	1529	vcvtbiasps2hf8s	appended	6
1062	VCVTDQ2PD	VCVTDQ2PD	907	vcvtdq2pd	existing	11
1063	VCVTDQ2PH	VCVTDQ2PH	1530	vcvtdq2ph	appended	7
1064	VCVTDQ2PS	VCVTDQ2PS	908	vcvtdq2ps	existing	11
1065	VCVTHF62HF8	VCVTHF62HF8	1531	vcvthf62hf8	appended	3
1066	VCVTHF82BF4S	VCVTHF82BF4S	1532	vcvthf82bf4s	appended	6
1067	VCVTHF82HF6S	VCVTHF82HF6S	1533	vcvthf82hf6s	appended	3
1068	VCVTHF82PH	VCVTHF82PH	1534	vcvthf82ph	appended	6
1069	VCVTHF82PS	VCVTHF82PS	1535	vcvthf82ps	appended	6
1070	VCVTNE2PS2BF16	VCVTNE2PS2BF16	1536	vcvtne2ps2bf16	appended	6
1071	VCVTNEEBF162PS	VCVTNEEBF162PS	1537	vcvtneebf162ps	appended	2
1072	VCVTNEEPH2PS	VCVTNEEPH2PS	1538	vcvtneeph2ps	appended	2
1073	VCVTNEOBF162PS	VCVTNEOBF162PS	1539	vcvtneobf162ps	appended	2
1074	VCVTNEOPH2PS	VCVTNEOPH2PS	1540	vcvtneoph2ps	appended	2
1075	VCVTNEPS2BF16	VCVTNEPS2BF16	1541	vcvtneps2bf16	appended	10
1076	VCVTPD2DQ	VCVTPD2DQ	909	vcvtpd2dq	existing	11
1077	VCVTPD2PH	VCVTPD2PH	1542	vcvtpd2ph	appended	7
1078	VCVTPD2PS	VCVTPD2PS	911	vcvtpd2ps	existing	11
1079	VCVTPD2QQ	VCVTPD2QQ	1543	vcvtpd2qq	appended	7
1080	VCVTPD2UDQ	VCVTPD2UDQ	1544	vcvtpd2udq	appended	7
1081	VCVTPD2UQQ	VCVTPD2UQQ	1545	vcvtpd2uqq	appended	7
1082	VCVTPH2BF8	VCVTPH2BF8	1546	vcvtph2bf8	appended	6
1083	VCVTPH2BF8S	VCVTPH2BF8S	1547	vcvtph2bf8s	appended	6
1084	VCVTPH2DQ	VCVTPH2DQ	1548	vcvtph2dq	appended	7
1085	VCVTPH2HF8	VCVTPH2HF8	1549	vcvtph2hf8	appended	6
1086	VCVTPH2HF8S	VCVTPH2HF8S	1550	vcvtph2hf8s	appended	6
1087	VCVTPH2IBS	VCVTPH2IBS	1551	vcvtph2ibs	appended	7
1088	VCVTPH2IUBS	VCVTPH2IUBS	1552	vcvtph2iubs	appended	7
1089	VCVTPH2PD	VCVTPH2PD	1553	vcvtph2pd	appended	7
1090	VCVTPH2PS	VCVTPH2PS	697	vcvtph2ps	existing	11
1091	VCVTPH2PSX	VCVTPH2PSX	1554	vcvtph2psx	appended	7
1092	VCVTPH2QQ	VCVTPH2QQ	1555	vcvtph2qq	appended	7
1093	VCVTPH2UDQ	VCVTPH2UDQ	1556	vcvtph2udq	appended	7
1094	VCVTPH2UQQ	VCVTPH2UQQ	1557	vcvtph2uqq	appended	7
1095	VCVTPH2UW	VCVTPH2UW	1558	vcvtph2uw	appended	7
1096	VCVTPH2W	VCVTPH2W	1559	vcvtph2w	appended	7
1097	VCVTPS2BF8	VCVTPS2BF8	1560	vcvtps2bf8	appended	6
1098	VCVTPS2BF8S	VCVTPS2BF8S	1561	vcvtps2bf8s	appended	6
1099	VCVTPS2DQ	VCVTPS2DQ	912	vcvtps2dq	existing	11
1100	VCVTPS2HF8	VCVTPS2HF8	1562	vcvtps2hf8	appended	6
1101	VCVTPS2HF8S	VCVTPS2HF8S	1563	vcvtps2hf8s	appended	6
1102	VCVTPS2IBS	VCVTPS2IBS	1564	vcvtps2ibs	appended	7
1103	VCVTPS2IUBS	VCVTPS2IUBS	1565	vcvtps2iubs	appended	7
1104	VCVTPS2PD	VCVTPS2PD	914	vcvtps2pd	existing	11
1105	VCVTPS2PH	VCVTPS2PH	698	vcvtps2ph	existing	11
1106	VCVTPS2PHX	VCVTPS2PHX	1566	vcvtps2phx	appended	7
1107	VCVTPS2QQ	VCVTPS2QQ	1567	vcvtps2qq	appended	7
1108	VCVTPS2UDQ	VCVTPS2UDQ	1568	vcvtps2udq	appended	7
1109	VCVTPS2UQQ	VCVTPS2UQQ	1569	vcvtps2uqq	appended	7
1110	VCVTQQ2PD	VCVTQQ2PD	1570	vcvtqq2pd	appended	7
1111	VCVTQQ2PH	VCVTQQ2PH	1571	vcvtqq2ph	appended	7
1112	VCVTQQ2PS	VCVTQQ2PS	1572	vcvtqq2ps	appended	7
1113	VCVTROPS2HF8	VCVTROPS2HF8	1573	vcvtrops2hf8	appended	6
1114	VCVTROPS2HF8S	VCVTROPS2HF8S	1574	vcvtrops2hf8s	appended	6
1115	VCVTSD2SH	VCVTSD2SH	1575	vcvtsd2sh	appended	3
1116	VCVTSD2SI	VCVTSD2SI	1576	vcvtsd2si	appended	15
1117	VCVTSD2SS	VCVTSD2SS	915	vcvtsd2ss	existing	5
1118	VCVTSD2USI	VCVTSD2USI	1577	vcvtsd2usi	appended	9
1119	VCVTSH2SD	VCVTSH2SD	1578	vcvtsh2sd	appended	3
1120	VCVTSH2SI	VCVTSH2SI	1579	vcvtsh2si	appended	9
1121	VCVTSH2SS	VCVTSH2SS	1580	vcvtsh2ss	appended	3
1122	VCVTSH2USI	VCVTSH2USI	1581	vcvtsh2usi	appended	9
1123	VCVTSI2SD	VCVTSI2SD	1582	vcvtsi2sd	appended	13
1124	VCVTSI2SH	VCVTSI2SH	1583	vcvtsi2sh	appended	9
1125	VCVTSI2SS	VCVTSI2SS	1584	vcvtsi2ss	appended	15
1126	VCVTSS2SD	VCVTSS2SD	916	vcvtss2sd	existing	5
1127	VCVTSS2SH	VCVTSS2SH	1585	vcvtss2sh	appended	3
1128	VCVTSS2SI	VCVTSS2SI	1586	vcvtss2si	appended	15
1129	VCVTSS2USI	VCVTSS2USI	1587	vcvtss2usi	appended	9
1130	VCVTTBF162IBS	VCVTTBF162IBS	1588	vcvttbf162ibs	appended	7
1131	VCVTTBF162IUBS	VCVTTBF162IUBS	1589	vcvttbf162iubs	appended	7
1132	VCVTTPD2DQ	VCVTTPD2DQ	910	vcvttpd2dq	existing	11
1133	VCVTTPD2DQS	VCVTTPD2DQS	1590	vcvttpd2dqs	appended	7
1134	VCVTTPD2QQ	VCVTTPD2QQ	1591	vcvttpd2qq	appended	7
1135	VCVTTPD2QQS	VCVTTPD2QQS	1592	vcvttpd2qqs	appended	7
1136	VCVTTPD2UDQ	VCVTTPD2UDQ	1593	vcvttpd2udq	appended	7
1137	VCVTTPD2UDQS	VCVTTPD2UDQS	1594	vcvttpd2udqs	appended	7
1138	VCVTTPD2UQQ	VCVTTPD2UQQ	1595	vcvttpd2uqq	appended	7
1139	VCVTTPD2UQQS	VCVTTPD2UQQS	1596	vcvttpd2uqqs	appended	7
1140	VCVTTPH2DQ	VCVTTPH2DQ	1597	vcvttph2dq	appended	7
1141	VCVTTPH2IBS	VCVTTPH2IBS	1598	vcvttph2ibs	appended	7
1142	VCVTTPH2IUBS	VCVTTPH2IUBS	1599	vcvttph2iubs	appended	7
1143	VCVTTPH2QQ	VCVTTPH2QQ	1600	vcvttph2qq	appended	7
1144	VCVTTPH2UDQ	VCVTTPH2UDQ	1601	vcvttph2udq	appended	7
1145	VCVTTPH2UQQ	VCVTTPH2UQQ	1602	vcvttph2uqq	appended	7
1146	VCVTTPH2UW	VCVTTPH2UW	1603	vcvttph2uw	appended	7
1147	VCVTTPH2W	VCVTTPH2W	1604	vcvttph2w	appended	7
1148	VCVTTPS2DQ	VCVTTPS2DQ	913	vcvttps2dq	existing	11
1149	VCVTTPS2DQS	VCVTTPS2DQS	1605	vcvttps2dqs	appended	7
1150	VCVTTPS2IBS	VCVTTPS2IBS	1606	vcvttps2ibs	appended	7
1151	VCVTTPS2IUBS	VCVTTPS2IUBS	1607	vcvttps2iubs	appended	7
1152	VCVTTPS2QQ	VCVTTPS2QQ	1608	vcvttps2qq	appended	7
1153	VCVTTPS2QQS	VCVTTPS2QQS	1609	vcvttps2qqs	appended	7
1154	VCVTTPS2UDQ	VCVTTPS2UDQ	1610	vcvttps2udq	appended	7
1155	VCVTTPS2UDQS	VCVTTPS2UDQS	1611	vcvttps2udqs	appended	7
1156	VCVTTPS2UQQ	VCVTTPS2UQQ	1612	vcvttps2uqq	appended	7
1157	VCVTTPS2UQQS	VCVTTPS2UQQS	1613	vcvttps2uqqs	appended	7
1158	VCVTTSD2SI	VCVTTSD2SI	1614	vcvttsd2si	appended	15
1159	VCVTTSD2SIS	VCVTTSD2SIS	1615	vcvttsd2sis	appended	9
1160	VCVTTSD2USI	VCVTTSD2USI	1616	vcvttsd2usi	appended	9
1161	VCVTTSD2USIS	VCVTTSD2USIS	1617	vcvttsd2usis	appended	9
1162	VCVTTSH2SI	VCVTTSH2SI	1618	vcvttsh2si	appended	9
1163	VCVTTSH2USI	VCVTTSH2USI	1619	vcvttsh2usi	appended	9
1164	VCVTTSS2SI	VCVTTSS2SI	1620	vcvttss2si	appended	15
1165	VCVTTSS2SIS	VCVTTSS2SIS	1621	vcvttss2sis	appended	9
1166	VCVTTSS2USI	VCVTTSS2USI	1622	vcvttss2usi	appended	9
1167	VCVTTSS2USIS	VCVTTSS2USIS	1623	vcvttss2usis	appended	9
1168	VCVTUDQ2PD	VCVTUDQ2PD	1624	vcvtudq2pd	appended	7
1169	VCVTUDQ2PH	VCVTUDQ2PH	1625	vcvtudq2ph	appended	7
1170	VCVTUDQ2PS	VCVTUDQ2PS	1626	vcvtudq2ps	appended	7
1171	VCVTUQQ2PD	VCVTUQQ2PD	1627	vcvtuqq2pd	appended	7
1172	VCVTUQQ2PH	VCVTUQQ2PH	1628	vcvtuqq2ph	appended	7
1173	VCVTUQQ2PS	VCVTUQQ2PS	1629	vcvtuqq2ps	appended	7
1174	VCVTUSI2SD	VCVTUSI2SD	1630	vcvtusi2sd	appended	7
1175	VCVTUSI2SH	VCVTUSI2SH	1631	vcvtusi2sh	appended	9
1176	VCVTUSI2SS	VCVTUSI2SS	1632	vcvtusi2ss	appended	9
1177	VCVTUW2PH	VCVTUW2PH	1633	vcvtuw2ph	appended	7
1178	VCVTW2PH	VCVTW2PH	1634	vcvtw2ph	appended	7
1179	VDBPSADBW	VDBPSADBW	1635	vdbpsadbw	appended	6
1180	VDIVBF16	VDIVBF16	942	vdivbf16	existing	6
1181	VDIVPD	VDIVPD	623	vdivpd	existing	11
1182	VDIVPH	VDIVPH	1636	vdivph	appended	7
1183	VDIVPS	VDIVPS	622	vdivps	existing	11
1184	VDIVSD	VDIVSD	625	vdivsd	existing	5
1185	VDIVSH	VDIVSH	1637	vdivsh	appended	3
1186	VDIVSS	VDIVSS	624	vdivss	existing	5
1187	VDPBF16PS	VDPBF16PS	1638	vdpbf16ps	appended	6
1188	VDPPD	VDPPD	1639	vdppd	appended	2
1189	VDPPHPS	VDPPHPS	1640	vdpphps	appended	6
1190	VDPPS	VDPPS	1641	vdpps	appended	4
1191	VERR	VERR	202	verr	existing	2
1192	VERW	VERW	203	verw	existing	2
1193	VEXP2PD	VEXP2PD	1642	vexp2pd	appended	3
1194	VEXP2PS	VEXP2PS	1643	vexp2ps	appended	3
1195	VEXPANDPD	VEXPANDPD	1644	vexpandpd	appended	6
1196	VEXPANDPS	VEXPANDPS	1645	vexpandps	appended	6
1197	VEXTRACTF128	VEXTRACTF128	1646	vextractf128	appended	2
1198	VEXTRACTF32X4	VEXTRACTF32X4	1647	vextractf32x4	appended	4
1199	VEXTRACTF32X8	VEXTRACTF32X8	1648	vextractf32x8	appended	2
1200	VEXTRACTF64X2	VEXTRACTF64X2	1649	vextractf64x2	appended	4
1201	VEXTRACTF64X4	VEXTRACTF64X4	1650	vextractf64x4	appended	2
1202	VEXTRACTI128	VEXTRACTI128	1651	vextracti128	appended	2
1203	VEXTRACTI32X4	VEXTRACTI32X4	1652	vextracti32x4	appended	4
1204	VEXTRACTI32X8	VEXTRACTI32X8	1653	vextracti32x8	appended	2
1205	VEXTRACTI64X2	VEXTRACTI64X2	1654	vextracti64x2	appended	4
1206	VEXTRACTI64X4	VEXTRACTI64X4	1655	vextracti64x4	appended	2
1207	VEXTRACTPS	VEXTRACTPS	1656	vextractps	appended	4
1208	VFCMADDCPH	VFCMADDCPH	1657	vfcmaddcph	appended	7
1209	VFCMADDCSH	VFCMADDCSH	1658	vfcmaddcsh	appended	3
1210	VFCMULCPH	VFCMULCPH	1659	vfcmulcph	appended	7
1211	VFCMULCSH	VFCMULCSH	1660	vfcmulcsh	appended	3
1212	VFIXUPIMMPD	VFIXUPIMMPD	1661	vfixupimmpd	appended	7
1213	VFIXUPIMMPS	VFIXUPIMMPS	1662	vfixupimmps	appended	7
1214	VFIXUPIMMSD	VFIXUPIMMSD	1663	vfixupimmsd	appended	3
1215	VFIXUPIMMSS	VFIXUPIMMSS	1664	vfixupimmss	appended	3
1216	VFMADD132BF16	VFMADD132BF16	1665	vfmadd132bf16	appended	6
1217	VFMADD132PD	VFMADD132PD	702	vfmadd132pd	existing	11
1218	VFMADD132PH	VFMADD132PH	1666	vfmadd132ph	appended	7
1219	VFMADD132PS	VFMADD132PS	699	vfmadd132ps	existing	11
1220	VFMADD132SD	VFMADD132SD	704	vfmadd132sd	existing	5
1221	VFMADD132SH	VFMADD132SH	1667	vfmadd132sh	appended	3
1222	VFMADD132SS	VFMADD132SS	703	vfmadd132ss	existing	5
1223	VFMADD213BF16	VFMADD213BF16	1668	vfmadd213bf16	appended	6
1224	VFMADD213PD	VFMADD213PD	743	vfmadd213pd	existing	11
1225	VFMADD213PH	VFMADD213PH	1669	vfmadd213ph	appended	7
1226	VFMADD213PS	VFMADD213PS	700	vfmadd213ps	existing	11
1227	VFMADD213SD	VFMADD213SD	746	vfmadd213sd	existing	5
1228	VFMADD213SH	VFMADD213SH	1670	vfmadd213sh	appended	3
1229	VFMADD213SS	VFMADD213SS	745	vfmadd213ss	existing	5
1230	VFMADD231BF16	VFMADD231BF16	1671	vfmadd231bf16	appended	6
1231	VFMADD231PD	VFMADD231PD	744	vfmadd231pd	existing	11
1232	VFMADD231PH	VFMADD231PH	1672	vfmadd231ph	appended	7
1233	VFMADD231PS	VFMADD231PS	701	vfmadd231ps	existing	11
1234	VFMADD231SD	VFMADD231SD	748	vfmadd231sd	existing	5
1235	VFMADD231SH	VFMADD231SH	1673	vfmadd231sh	appended	3
1236	VFMADD231SS	VFMADD231SS	747	vfmadd231ss	existing	5
1237	VFMADDCPH	VFMADDCPH	1674	vfmaddcph	appended	7
1238	VFMADDCSH	VFMADDCSH	1675	vfmaddcsh	appended	3
1239	VFMADDPD	VFMADDPD	711	vfmaddpd	existing	8
1240	VFMADDPS	VFMADDPS	710	vfmaddps	existing	8
1241	VFMADDSD	VFMADDSD	713	vfmaddsd	existing	4
1242	VFMADDSS	VFMADDSS	712	vfmaddss	existing	4
1243	VFMADDSUB132PD	VFMADDSUB132PD	750	vfmaddsub132pd	existing	11
1244	VFMADDSUB132PH	VFMADDSUB132PH	1676	vfmaddsub132ph	appended	7
1245	VFMADDSUB132PS	VFMADDSUB132PS	749	vfmaddsub132ps	existing	11
1246	VFMADDSUB213PD	VFMADDSUB213PD	752	vfmaddsub213pd	existing	11
1247	VFMADDSUB213PH	VFMADDSUB213PH	1677	vfmaddsub213ph	appended	7
1248	VFMADDSUB213PS	VFMADDSUB213PS	751	vfmaddsub213ps	existing	11
1249	VFMADDSUB231PD	VFMADDSUB231PD	754	vfmaddsub231pd	existing	11
1250	VFMADDSUB231PH	VFMADDSUB231PH	1678	vfmaddsub231ph	appended	7
1251	VFMADDSUB231PS	VFMADDSUB231PS	753	vfmaddsub231ps	existing	11
1252	VFMADDSUBPD	VFMADDSUBPD	805	vfmaddsubpd	existing	8
1253	VFMADDSUBPS	VFMADDSUBPS	804	vfmaddsubps	existing	8
1254	VFMSUB132BF16	VFMSUB132BF16	1679	vfmsub132bf16	appended	6
1255	VFMSUB132PD	VFMSUB132PD	762	vfmsub132pd	existing	11
1256	VFMSUB132PH	VFMSUB132PH	1680	vfmsub132ph	appended	7
1257	VFMSUB132PS	VFMSUB132PS	761	vfmsub132ps	existing	11
1258	VFMSUB132SD	VFMSUB132SD	764	vfmsub132sd	existing	5
1259	VFMSUB132SH	VFMSUB132SH	1681	vfmsub132sh	appended	3
1260	VFMSUB132SS	VFMSUB132SS	763	vfmsub132ss	existing	5
1261	VFMSUB213BF16	VFMSUB213BF16	1682	vfmsub213bf16	appended	6
1262	VFMSUB213PD	VFMSUB213PD	766	vfmsub213pd	existing	11
1263	VFMSUB213PH	VFMSUB213PH	1683	vfmsub213ph	appended	7
1264	VFMSUB213PS	VFMSUB213PS	765	vfmsub213ps	existing	11
1265	VFMSUB213SD	VFMSUB213SD	768	vfmsub213sd	existing	5
1266	VFMSUB213SH	VFMSUB213SH	1684	vfmsub213sh	appended	3
1267	VFMSUB213SS	VFMSUB213SS	767	vfmsub213ss	existing	5
1268	VFMSUB231BF16	VFMSUB231BF16	1685	vfmsub231bf16	appended	6
1269	VFMSUB231PD	VFMSUB231PD	770	vfmsub231pd	existing	11
1270	VFMSUB231PH	VFMSUB231PH	1686	vfmsub231ph	appended	7
1271	VFMSUB231PS	VFMSUB231PS	769	vfmsub231ps	existing	11
1272	VFMSUB231SD	VFMSUB231SD	772	vfmsub231sd	existing	5
1273	VFMSUB231SH	VFMSUB231SH	1687	vfmsub231sh	appended	3
1274	VFMSUB231SS	VFMSUB231SS	771	vfmsub231ss	existing	5
1275	VFMSUBADD132PD	VFMSUBADD132PD	756	vfmsubadd132pd	existing	11
1276	VFMSUBADD132PH	VFMSUBADD132PH	1688	vfmsubadd132ph	appended	7
1277	VFMSUBADD132PS	VFMSUBADD132PS	755	vfmsubadd132ps	existing	11
1278	VFMSUBADD213PD	VFMSUBADD213PD	758	vfmsubadd213pd	existing	11
1279	VFMSUBADD213PH	VFMSUBADD213PH	1689	vfmsubadd213ph	appended	7
1280	VFMSUBADD213PS	VFMSUBADD213PS	757	vfmsubadd213ps	existing	11
1281	VFMSUBADD231PD	VFMSUBADD231PD	760	vfmsubadd231pd	existing	11
1282	VFMSUBADD231PH	VFMSUBADD231PH	1690	vfmsubadd231ph	appended	7
1283	VFMSUBADD231PS	VFMSUBADD231PS	759	vfmsubadd231ps	existing	11
1284	VFMSUBADDPD	VFMSUBADDPD	807	vfmsubaddpd	existing	8
1285	VFMSUBADDPS	VFMSUBADDPS	806	vfmsubaddps	existing	8
1286	VFMSUBPD	VFMSUBPD	809	vfmsubpd	existing	8
1287	VFMSUBPS	VFMSUBPS	808	vfmsubps	existing	8
1288	VFMSUBSD	VFMSUBSD	811	vfmsubsd	existing	4
1289	VFMSUBSS	VFMSUBSS	810	vfmsubss	existing	4
1290	VFMULCPH	VFMULCPH	1691	vfmulcph	appended	7
1291	VFMULCSH	VFMULCSH	1692	vfmulcsh	appended	3
1292	VFNMADD132BF16	VFNMADD132BF16	1693	vfnmadd132bf16	appended	6
1293	VFNMADD132PD	VFNMADD132PD	774	vfnmadd132pd	existing	11
1294	VFNMADD132PH	VFNMADD132PH	1694	vfnmadd132ph	appended	7
1295	VFNMADD132PS	VFNMADD132PS	773	vfnmadd132ps	existing	11
1296	VFNMADD132SD	VFNMADD132SD	776	vfnmadd132sd	existing	5
1297	VFNMADD132SH	VFNMADD132SH	1695	vfnmadd132sh	appended	3
1298	VFNMADD132SS	VFNMADD132SS	775	vfnmadd132ss	existing	5
1299	VFNMADD213BF16	VFNMADD213BF16	1696	vfnmadd213bf16	appended	6
1300	VFNMADD213PD	VFNMADD213PD	778	vfnmadd213pd	existing	11
1301	VFNMADD213PH	VFNMADD213PH	1697	vfnmadd213ph	appended	7
1302	VFNMADD213PS	VFNMADD213PS	777	vfnmadd213ps	existing	11
1303	VFNMADD213SD	VFNMADD213SD	780	vfnmadd213sd	existing	5
1304	VFNMADD213SH	VFNMADD213SH	1698	vfnmadd213sh	appended	3
1305	VFNMADD213SS	VFNMADD213SS	779	vfnmadd213ss	existing	5
1306	VFNMADD231BF16	VFNMADD231BF16	1699	vfnmadd231bf16	appended	6
1307	VFNMADD231PD	VFNMADD231PD	782	vfnmadd231pd	existing	11
1308	VFNMADD231PH	VFNMADD231PH	1700	vfnmadd231ph	appended	7
1309	VFNMADD231PS	VFNMADD231PS	781	vfnmadd231ps	existing	11
1310	VFNMADD231SD	VFNMADD231SD	784	vfnmadd231sd	existing	5
1311	VFNMADD231SH	VFNMADD231SH	1701	vfnmadd231sh	appended	3
1312	VFNMADD231SS	VFNMADD231SS	783	vfnmadd231ss	existing	5
1313	VFNMADDPD	VFNMADDPD	813	vfnmaddpd	existing	8
1314	VFNMADDPS	VFNMADDPS	812	vfnmaddps	existing	8
1315	VFNMADDSD	VFNMADDSD	815	vfnmaddsd	existing	4
1316	VFNMADDSS	VFNMADDSS	814	vfnmaddss	existing	4
1317	VFNMSUB132BF16	VFNMSUB132BF16	1702	vfnmsub132bf16	appended	6
1318	VFNMSUB132PD	VFNMSUB132PD	786	vfnmsub132pd	existing	11
1319	VFNMSUB132PH	VFNMSUB132PH	1703	vfnmsub132ph	appended	7
1320	VFNMSUB132PS	VFNMSUB132PS	785	vfnmsub132ps	existing	11
1321	VFNMSUB132SD	VFNMSUB132SD	788	vfnmsub132sd	existing	5
1322	VFNMSUB132SH	VFNMSUB132SH	1704	vfnmsub132sh	appended	3
1323	VFNMSUB132SS	VFNMSUB132SS	787	vfnmsub132ss	existing	5
1324	VFNMSUB213BF16	VFNMSUB213BF16	1705	vfnmsub213bf16	appended	6
1325	VFNMSUB213PD	VFNMSUB213PD	790	vfnmsub213pd	existing	11
1326	VFNMSUB213PH	VFNMSUB213PH	1706	vfnmsub213ph	appended	7
1327	VFNMSUB213PS	VFNMSUB213PS	789	vfnmsub213ps	existing	11
1328	VFNMSUB213SD	VFNMSUB213SD	792	vfnmsub213sd	existing	5
1329	VFNMSUB213SH	VFNMSUB213SH	1707	vfnmsub213sh	appended	3
1330	VFNMSUB213SS	VFNMSUB213SS	791	vfnmsub213ss	existing	5
1331	VFNMSUB231BF16	VFNMSUB231BF16	1708	vfnmsub231bf16	appended	6
1332	VFNMSUB231PD	VFNMSUB231PD	794	vfnmsub231pd	existing	11
1333	VFNMSUB231PH	VFNMSUB231PH	1709	vfnmsub231ph	appended	7
1334	VFNMSUB231PS	VFNMSUB231PS	793	vfnmsub231ps	existing	11
1335	VFNMSUB231SD	VFNMSUB231SD	796	vfnmsub231sd	existing	5
1336	VFNMSUB231SH	VFNMSUB231SH	1710	vfnmsub231sh	appended	3
1337	VFNMSUB231SS	VFNMSUB231SS	795	vfnmsub231ss	existing	5
1338	VFNMSUBPD	VFNMSUBPD	817	vfnmsubpd	existing	8
1339	VFNMSUBPS	VFNMSUBPS	816	vfnmsubps	existing	8
1340	VFNMSUBSD	VFNMSUBSD	819	vfnmsubsd	existing	4
1341	VFNMSUBSS	VFNMSUBSS	818	vfnmsubss	existing	4
1342	VFPCLASSBF16	VFPCLASSBF16	1711	vfpclassbf16	appended	6
1343	VFPCLASSPD	VFPCLASSPD	1712	vfpclasspd	appended	6
1344	VFPCLASSPH	VFPCLASSPH	1713	vfpclassph	appended	6
1345	VFPCLASSPS	VFPCLASSPS	1714	vfpclassps	appended	6
1346	VFPCLASSSD	VFPCLASSSD	1715	vfpclasssd	appended	2
1347	VFPCLASSSH	VFPCLASSSH	1716	vfpclasssh	appended	2
1348	VFPCLASSSS	VFPCLASSSS	1717	vfpclassss	appended	2
1349	VFRCZPD	VFRCZPD	844	vfrczpd	existing	4
1350	VFRCZPS	VFRCZPS	843	vfrczps	existing	4
1351	VFRCZSD	VFRCZSD	846	vfrczsd	existing	2
1352	VFRCZSS	VFRCZSS	845	vfrczss	existing	2
1353	VGATHERDPD	VGATHERDPD	1718	vgatherdpd	appended	5
1354	VGATHERDPS	VGATHERDPS	1719	vgatherdps	appended	5
1355	VGATHERPF0DPD	VGATHERPF0DPD	1720	vgatherpf0dpd	appended	1
1356	VGATHERPF0DPS	VGATHERPF0DPS	1721	vgatherpf0dps	appended	1
1357	VGATHERPF0QPD	VGATHERPF0QPD	1722	vgatherpf0qpd	appended	1
1358	VGATHERPF0QPS	VGATHERPF0QPS	1723	vgatherpf0qps	appended	1
1359	VGATHERPF1DPD	VGATHERPF1DPD	1724	vgatherpf1dpd	appended	1
1360	VGATHERPF1DPS	VGATHERPF1DPS	1725	vgatherpf1dps	appended	1
1361	VGATHERPF1QPD	VGATHERPF1QPD	1726	vgatherpf1qpd	appended	1
1362	VGATHERPF1QPS	VGATHERPF1QPS	1727	vgatherpf1qps	appended	1
1363	VGATHERQPD	VGATHERQPD	1728	vgatherqpd	appended	5
1364	VGATHERQPS	VGATHERQPS	1729	vgatherqps	appended	5
1365	VGETEXPBF16	VGETEXPBF16	1128	vgetexpbf16	existing	6
1366	VGETEXPPD	VGETEXPPD	1123	vgetexppd	existing	7
1367	VGETEXPPH	VGETEXPPH	1126	vgetexpph	existing	7
1368	VGETEXPPS	VGETEXPPS	1122	vgetexpps	existing	7
1369	VGETEXPSD	VGETEXPSD	1125	vgetexpsd	existing	3
1370	VGETEXPSH	VGETEXPSH	1127	vgetexpsh	existing	3
1371	VGETEXPSS	VGETEXPSS	1124	vgetexpss	existing	3
1372	VGETMANTBF16	VGETMANTBF16	1730	vgetmantbf16	appended	6
1373	VGETMANTPD	VGETMANTPD	1731	vgetmantpd	appended	7
1374	VGETMANTPH	VGETMANTPH	1732	vgetmantph	appended	7
1375	VGETMANTPS	VGETMANTPS	1733	vgetmantps	appended	7
1376	VGETMANTSD	VGETMANTSD	1734	vgetmantsd	appended	3
1377	VGETMANTSH	VGETMANTSH	1735	vgetmantsh	appended	3
1378	VGETMANTSS	VGETMANTSS	1736	vgetmantss	appended	3
1379	VGF2P8AFFINEINVQB	VGF2P8AFFINEINVQB	1737	vgf2p8affineinvqb	appended	10
1380	VGF2P8AFFINEQB	VGF2P8AFFINEQB	1738	vgf2p8affineqb	appended	10
1381	VGF2P8MULB	VGF2P8MULB	1739	vgf2p8mulb	appended	10
1382	VHADDPD	VHADDPD	895	vhaddpd	existing	4
1383	VHADDPS	VHADDPS	896	vhaddps	existing	4
1384	VHSUBPD	VHSUBPD	897	vhsubpd	existing	4
1385	VHSUBPS	VHSUBPS	898	vhsubps	existing	4
1386	VINSERTF128	VINSERTF128	1740	vinsertf128	appended	2
1387	VINSERTF32X4	VINSERTF32X4	1741	vinsertf32x4	appended	4
1388	VINSERTF32X8	VINSERTF32X8	1742	vinsertf32x8	appended	2
1389	VINSERTF64X2	VINSERTF64X2	1743	vinsertf64x2	appended	4
1390	VINSERTF64X4	VINSERTF64X4	1744	vinsertf64x4	appended	2
1391	VINSERTI128	VINSERTI128	1745	vinserti128	appended	2
1392	VINSERTI32X4	VINSERTI32X4	1746	vinserti32x4	appended	4
1393	VINSERTI32X8	VINSERTI32X8	1747	vinserti32x8	appended	2
1394	VINSERTI64X2	VINSERTI64X2	1748	vinserti64x2	appended	4
1395	VINSERTI64X4	VINSERTI64X4	1749	vinserti64x4	appended	2
1396	VINSERTPS	VINSERTPS	1750	vinsertps	appended	4
1397	VLDDQU	VLDDQU	1195	vlddqu	existing	2
1398	VLDMXCSR	VLDMXCSR	1751	vldmxcsr	appended	1
1399	VMASKMOVDQU	VMASKMOVDQU	1752	vmaskmovdqu	appended	1
1400	VMASKMOVPD	VMASKMOVPD	1753	vmaskmovpd	appended	4
1401	VMASKMOVPS	VMASKMOVPS	1754	vmaskmovps	appended	4
1402	VMAXBF16	VMAXBF16	1755	vmaxbf16	appended	6
1403	VMAXPD	VMAXPD	631	vmaxpd	existing	11
1404	VMAXPH	VMAXPH	1756	vmaxph	appended	7
1405	VMAXPS	VMAXPS	630	vmaxps	existing	11
1406	VMAXSD	VMAXSD	633	vmaxsd	existing	5
1407	VMAXSH	VMAXSH	1757	vmaxsh	appended	3
1408	VMAXSS	VMAXSS	632	vmaxss	existing	5
1409	VMCALL	VMCALL	225	vmcall	existing	1
1410	VMCLEAR	VMCLEAR	226	vmclear	existing	1
1411	VMFUNC	VMFUNC	227	vmfunc	existing	1
1412	VMINBF16	VMINBF16	1758	vminbf16	appended	6
1413	VMINMAXBF16	VMINMAXBF16	1759	vminmaxbf16	appended	6
1414	VMINMAXPD	VMINMAXPD	1760	vminmaxpd	appended	7
1415	VMINMAXPH	VMINMAXPH	1761	vminmaxph	appended	7
1416	VMINMAXPS	VMINMAXPS	1762	vminmaxps	appended	7
1417	VMINMAXSD	VMINMAXSD	1763	vminmaxsd	appended	3
1418	VMINMAXSH	VMINMAXSH	1764	vminmaxsh	appended	3
1419	VMINMAXSS	VMINMAXSS	1765	vminmaxss	appended	3
1420	VMINPD	VMINPD	627	vminpd	existing	11
1421	VMINPH	VMINPH	1766	vminph	appended	7
1422	VMINPS	VMINPS	626	vminps	existing	11
1423	VMINSD	VMINSD	629	vminsd	existing	5
1424	VMINSH	VMINSH	1767	vminsh	appended	3
1425	VMINSS	VMINSS	628	vminss	existing	5
1426	VMLAUNCH	VMLAUNCH	229	vmlaunch	existing	1
1427	VMLOAD	VMLOAD	230	vmload	existing	1
1428	VMMCALL	VMMCALL	231	vmmcall	existing	1
1429	VMOVAPD	VMOVAPD	1189	vmovapd	existing	20
1430	VMOVAPS	VMOVAPS	1188	vmovaps	existing	20
1431	VMOVD	VMOVD	1768	vmovd	appended	20
1432	VMOVDDUP	VMOVDDUP	1769	vmovddup	appended	10
1433	VMOVDQA	VMOVDQA	1190	vmovdqa	existing	8
1434	VMOVDQA32	VMOVDQA32	1770	vmovdqa32	appended	12
1435	VMOVDQA64	VMOVDQA64	1771	vmovdqa64	appended	12
1436	VMOVDQU	VMOVDQU	1191	vmovdqu	existing	8
1437	VMOVDQU16	VMOVDQU16	1772	vmovdqu16	appended	12
1438	VMOVDQU32	VMOVDQU32	1773	vmovdqu32	appended	12
1439	VMOVDQU64	VMOVDQU64	1774	vmovdqu64	appended	12
1440	VMOVDQU8	VMOVDQU8	1775	vmovdqu8	appended	12
1441	VMOVHLPS	VMOVHLPS	1776	vmovhlps	appended	2
1442	VMOVHPD	VMOVHPD	1777	vmovhpd	appended	4
1443	VMOVHPS	VMOVHPS	1778	vmovhps	appended	4
1444	VMOVLHPS	VMOVLHPS	1779	vmovlhps	appended	2
1445	VMOVLPD	VMOVLPD	1780	vmovlpd	appended	4
1446	VMOVLPS	VMOVLPS	1781	vmovlps	appended	4
1447	VMOVMSKPD	VMOVMSKPD	1197	vmovmskpd	existing	2
1448	VMOVMSKPS	VMOVMSKPS	1196	vmovmskps	existing	2
1449	VMOVNTDQ	VMOVNTDQ	1194	vmovntdq	existing	5
1450	VMOVNTDQA	VMOVNTDQA	1782	vmovntdqa	appended	5
1451	VMOVNTPD	VMOVNTPD	1193	vmovntpd	existing	5
1452	VMOVNTPS	VMOVNTPS	1192	vmovntps	existing	5
1453	VMOVQ	VMOVQ	1783	vmovq	appended	16
1454	VMOVRSB	VMOVRSB	1784	vmovrsb	appended	3
1455	VMOVRSD	VMOVRSD	1785	vmovrsd	appended	3
1456	VMOVRSQ	VMOVRSQ	1786	vmovrsq	appended	3
1457	VMOVRSW	VMOVRSW	1787	vmovrsw	appended	3
1458	VMOVSD	VMOVSD	1788	vmovsd	appended	8
1459	VMOVSH	VMOVSH	1789	vmovsh	appended	4
1460	VMOVSHDUP	VMOVSHDUP	1790	vmovshdup	appended	10
1461	VMOVSLDUP	VMOVSLDUP	1791	vmovsldup	appended	10
1462	VMOVSS	VMOVSS	1792	vmovss	appended	8
1463	VMOVUPD	VMOVUPD	1187	vmovupd	existing	20
1464	VMOVUPS	VMOVUPS	1186	vmovups	existing	20
1465	VMOVW	VMOVW	1793	vmovw	appended	8
1466	VMPSADBW	VMPSADBW	1794	vmpsadbw	appended	10
1467	VMPTRLD	VMPTRLD	232	vmptrld	existing	1
1468	VMPTRST	VMPTRST	233	vmptrst	existing	1
1469	VMREAD	VMREAD	234	vmread	existing	4
1470	VMRESUME	VMRESUME	235	vmresume	existing	1
1471	VMRUN	VMRUN	236	vmrun	existing	1
1472	VMSAVE	VMSAVE	237	vmsave	existing	1
1473	VMULBF16	VMULBF16	940	vmulbf16	existing	6
1474	VMULPD	VMULPD	619	vmulpd	existing	11
1475	VMULPH	VMULPH	1795	vmulph	appended	7
1476	VMULPS	VMULPS	618	vmulps	existing	11
1477	VMULSD	VMULSD	621	vmulsd	existing	5
1478	VMULSH	VMULSH	1796	vmulsh	appended	3
1479	VMULSS	VMULSS	620	vmulss	existing	5
1480	VMWRITE	VMWRITE	238	vmwrite	existing	4
1481	VMXOFF	VMXOFF	239	vmxoff	existing	1
1482	VMXON	VMXON	240	vmxon	existing	1
1483	VORPD	VORPD	639	vorpd	existing	10
1484	VORPS	VORPS	638	vorps	existing	10
1485	VP2INTERSECTD	VP2INTERSECTD	1797	vp2intersectd	appended	6
1486	VP2INTERSECTQ	VP2INTERSECTQ	1798	vp2intersectq	appended	6
1487	VP4DPWSSD	VP4DPWSSD	1116	vp4dpwssd	existing	1
1488	VP4DPWSSDS	VP4DPWSSDS	1117	vp4dpwssds	existing	1
1489	VPABSB	VPABSB	1799	vpabsb	appended	10
1490	VPABSD	VPABSD	1800	vpabsd	appended	10
1491	VPABSQ	VPABSQ	1801	vpabsq	appended	6
1492	VPABSW	VPABSW	1802	vpabsw	appended	10
1493	VPACKSSDW	VPACKSSDW	1803	vpackssdw	appended	10
1494	VPACKSSWB	VPACKSSWB	1804	vpacksswb	appended	10
1495	VPACKUSDW	VPACKUSDW	1805	vpackusdw	appended	10
1496	VPACKUSWB	VPACKUSWB	1806	vpackuswb	appended	10
1497	VPADDB	VPADDB	642	vpaddb	existing	10
1498	VPADDD	VPADDD	644	vpaddd	existing	10
1499	VPADDQ	VPADDQ	645	vpaddq	existing	10
1500	VPADDSB	VPADDSB	1021	vpaddsb	existing	10
1501	VPADDSW	VPADDSW	1022	vpaddsw	existing	10
1502	VPADDUSB	VPADDUSB	1023	vpaddusb	existing	10
1503	VPADDUSW	VPADDUSW	1024	vpaddusw	existing	10
1504	VPADDW	VPADDW	643	vpaddw	existing	10
1505	VPALIGNR	VPALIGNR	734	vpalignr	existing	10
1506	VPAND	VPAND	650	vpand	existing	4
1507	VPANDD	VPANDD	1029	vpandd	existing	6
1508	VPANDN	VPANDN	651	vpandn	existing	4
1509	VPANDND	VPANDND	1031	vpandnd	existing	6
1510	VPANDNQ	VPANDNQ	1032	vpandnq	existing	6
1511	VPANDQ	VPANDQ	1030	vpandq	existing	6
1512	VPAVGB	VPAVGB	663	vpavgb	existing	10
1513	VPAVGW	VPAVGW	664	vpavgw	existing	10
1514	VPBLENDD	VPBLENDD	1807	vpblendd	appended	4
1515	VPBLENDMB	VPBLENDMB	1808	vpblendmb	appended	6
1516	VPBLENDMD	VPBLENDMD	1809	vpblendmd	appended	6
1517	VPBLENDMQ	VPBLENDMQ	1810	vpblendmq	appended	6
1518	VPBLENDMW	VPBLENDMW	1811	vpblendmw	appended	6
1519	VPBLENDVB	VPBLENDVB	1812	vpblendvb	appended	4
1520	VPBLENDW	VPBLENDW	1813	vpblendw	appended	4
1521	VPBROADCASTB	VPBROADCASTB	1814	vpbroadcastb	appended	13
1522	VPBROADCASTD	VPBROADCASTD	1815	vpbroadcastd	appended	16
1523	VPBROADCASTMB2Q	VPBROADCASTMB2Q	1093	vpbroadcastmb2q	existing	3
1524	VPBROADCASTMW2D	VPBROADCASTMW2D	1094	vpbroadcastmw2d	existing	3
1525	VPBROADCASTQ	VPBROADCASTQ	1816	vpbroadcastq	appended	13
1526	VPBROADCASTW	VPBROADCASTW	1817	vpbroadcastw	appended	13
1527	VPCLMULQDQ	VPCLMULQDQ	736	vpclmulqdq	existing	10
1528	VPCMOV	VPCMOV	709	vpcmov	existing	8
1529	VPCMPB	VPCMPB	994	vpcmpb	existing	6
1530	VPCMPD	VPCMPD	996	vpcmpd	existing	6
1531	VPCMPEQB	VPCMPEQB	654	vpcmpeqb	existing	10
1532	VPCMPEQD	VPCMPEQD	656	vpcmpeqd	existing	10
1533	VPCMPEQQ	VPCMPEQQ	1818	vpcmpeqq	appended	10
1534	VPCMPEQW	VPCMPEQW	655	vpcmpeqw	existing	10
1535	VPCMPESTRI	VPCMPESTRI	1819	vpcmpestri	appended	4
1536	VPCMPESTRI64	VPCMPESTRI64	1820	vpcmpestri64	appended	2
1537	VPCMPESTRM	VPCMPESTRM	1821	vpcmpestrm	appended	4
1538	VPCMPESTRM64	VPCMPESTRM64	1822	vpcmpestrm64	appended	2
1539	VPCMPGTB	VPCMPGTB	657	vpcmpgtb	existing	10
1540	VPCMPGTD	VPCMPGTD	659	vpcmpgtd	existing	10
1541	VPCMPGTQ	VPCMPGTQ	1823	vpcmpgtq	appended	10
1542	VPCMPGTW	VPCMPGTW	658	vpcmpgtw	existing	10
1543	VPCMPISTRI	VPCMPISTRI	1824	vpcmpistri	appended	4
1544	VPCMPISTRI64	VPCMPISTRI64	1825	vpcmpistri64	appended	2
1545	VPCMPISTRM	VPCMPISTRM	1826	vpcmpistrm	appended	2
1546	VPCMPQ	VPCMPQ	997	vpcmpq	existing	6
1547	VPCMPUB	VPCMPUB	998	vpcmpub	existing	6
1548	VPCMPUD	VPCMPUD	1000	vpcmpud	existing	6
1549	VPCMPUQ	VPCMPUQ	1001	vpcmpuq	existing	6
1550	VPCMPUW	VPCMPUW	999	vpcmpuw	existing	6
1551	VPCMPW	VPCMPW	995	vpcmpw	existing	6
1552	VPCOMB	VPCOMB	874	vpcomb	existing	2
1553	VPCOMD	VPCOMD	876	vpcomd	existing	2
1554	VPCOMPRESSB	VPCOMPRESSB	1077	vpcompressb	existing	6
1555	VPCOMPRESSD	VPCOMPRESSD	1079	vpcompressd	existing	6
1556	VPCOMPRESSQ	VPCOMPRESSQ	1080	vpcompressq	existing	6
1557	VPCOMPRESSW	VPCOMPRESSW	1078	vpcompressw	existing	6
1558	VPCOMQ	VPCOMQ	877	vpcomq	existing	2
1559	VPCOMUB	VPCOMUB	878	vpcomub	existing	2
1560	VPCOMUD	VPCOMUD	880	vpcomud	existing	2
1561	VPCOMUQ	VPCOMUQ	881	vpcomuq	existing	2
1562	VPCOMUW	VPCOMUW	879	vpcomuw	existing	2
1563	VPCOMW	VPCOMW	875	vpcomw	existing	2
1564	VPCONFLICTD	VPCONFLICTD	1089	vpconflictd	existing	6
1565	VPCONFLICTQ	VPCONFLICTQ	1090	vpconflictq	existing	6
1566	VPDPBSSD	VPDPBSSD	1104	vpdpbssd	existing	10
1567	VPDPBSSDS	VPDPBSSDS	1105	vpdpbssds	existing	10
1568	VPDPBSUD	VPDPBSUD	1106	vpdpbsud	existing	10
1569	VPDPBSUDS	VPDPBSUDS	1107	vpdpbsuds	existing	10
1570	VPDPBUSD	VPDPBUSD	715	vpdpbusd	existing	10
1571	VPDPBUSDS	VPDPBUSDS	1095	vpdpbusds	existing	10
1572	VPDPBUUD	VPDPBUUD	1108	vpdpbuud	existing	10
1573	VPDPBUUDS	VPDPBUUDS	1109	vpdpbuuds	existing	10
1574	VPDPWSSD	VPDPWSSD	1096	vpdpwssd	existing	10
1575	VPDPWSSDS	VPDPWSSDS	1097	vpdpwssds	existing	10
1576	VPDPWSUD	VPDPWSUD	1110	vpdpwsud	existing	10
1577	VPDPWSUDS	VPDPWSUDS	1111	vpdpwsuds	existing	10
1578	VPDPWUSD	VPDPWUSD	1112	vpdpwusd	existing	10
1579	VPDPWUSDS	VPDPWUSDS	1113	vpdpwusds	existing	10
1580	VPDPWUUD	VPDPWUUD	1114	vpdpwuud	existing	10
1581	VPDPWUUDS	VPDPWUUDS	1115	vpdpwuuds	existing	10
1582	VPERM2F128	VPERM2F128	1827	vperm2f128	appended	2
1583	VPERM2I128	VPERM2I128	1828	vperm2i128	appended	2
1584	VPERMB	VPERMB	714	vpermb	existing	6
1585	VPERMD	VPERMD	1829	vpermd	appended	6
1586	VPERMI2B	VPERMI2B	1098	vpermi2b	existing	6
1587	VPERMI2D	VPERMI2D	1830	vpermi2d	appended	6
1588	VPERMI2PD	VPERMI2PD	1831	vpermi2pd	appended	6
1589	VPERMI2PS	VPERMI2PS	1832	vpermi2ps	appended	6
1590	VPERMI2Q	VPERMI2Q	1833	vpermi2q	appended	6
1591	VPERMI2W	VPERMI2W	1101	vpermi2w	existing	6
1592	VPERMIL2PD	VPERMIL2PD	884	vpermil2pd	existing	8
1593	VPERMIL2PS	VPERMIL2PS	883	vpermil2ps	existing	8
1594	VPERMILPD	VPERMILPD	1834	vpermilpd	appended	20
1595	VPERMILPS	VPERMILPS	1835	vpermilps	appended	20
1596	VPERMPD	VPERMPD	1836	vpermpd	appended	10
1597	VPERMPS	VPERMPS	1837	vpermps	appended	6
1598	VPERMQ	VPERMQ	1838	vpermq	appended	10
1599	VPERMT2B	VPERMT2B	1099	vpermt2b	existing	6
1600	VPERMT2D	VPERMT2D	1839	vpermt2d	appended	6
1601	VPERMT2PD	VPERMT2PD	1840	vpermt2pd	appended	6
1602	VPERMT2PS	VPERMT2PS	1841	vpermt2ps	appended	6
1603	VPERMT2Q	VPERMT2Q	1842	vpermt2q	appended	6
1604	VPERMT2W	VPERMT2W	1102	vpermt2w	existing	6
1605	VPERMW	VPERMW	1103	vpermw	existing	6
1606	VPEXPANDB	VPEXPANDB	1081	vpexpandb	existing	6
1607	VPEXPANDD	VPEXPANDD	1083	vpexpandd	existing	6
1608	VPEXPANDQ	VPEXPANDQ	1084	vpexpandq	existing	6
1609	VPEXPANDW	VPEXPANDW	1082	vpexpandw	existing	6
1610	VPEXTRB	VPEXTRB	1843	vpextrb	appended	4
1611	VPEXTRD	VPEXTRD	1844	vpextrd	appended	8
1612	VPEXTRQ	VPEXTRQ	1845	vpextrq	appended	4
1613	VPEXTRW	VPEXTRW	1846	vpextrw	appended	5
1614	VPEXTRW_C5	VPEXTRW_C5	1847	vpextrw_c5	appended	2
1615	VPGATHERDD	VPGATHERDD	1848	vpgatherdd	appended	5
1616	VPGATHERDQ	VPGATHERDQ	1849	vpgatherdq	appended	5
1617	VPGATHERQD	VPGATHERQD	1850	vpgatherqd	appended	5
1618	VPGATHERQQ	VPGATHERQQ	1851	vpgatherqq	appended	5
1619	VPHADDBD	VPHADDBD	848	vphaddbd	existing	2
1620	VPHADDBQ	VPHADDBQ	849	vphaddbq	existing	2
1621	VPHADDBW	VPHADDBW	847	vphaddbw	existing	2
1622	VPHADDD	VPHADDD	1852	vphaddd	appended	4
1623	VPHADDDQ	VPHADDDQ	852	vphadddq	existing	2
1624	VPHADDSW	VPHADDSW	1853	vphaddsw	appended	4
1625	VPHADDUBD	VPHADDUBD	854	vphaddubd	existing	2
1626	VPHADDUBQ	VPHADDUBQ	855	vphaddubq	existing	2
1627	VPHADDUBW	VPHADDUBW	853	vphaddubw	existing	2
1628	VPHADDUDQ	VPHADDUDQ	858	vphaddudq	existing	2
1629	VPHADDUWD	VPHADDUWD	856	vphadduwd	existing	2
1630	VPHADDUWQ	VPHADDUWQ	857	vphadduwq	existing	2
1631	VPHADDW	VPHADDW	1854	vphaddw	appended	4
1632	VPHADDWD	VPHADDWD	850	vphaddwd	existing	2
1633	VPHADDWQ	VPHADDWQ	851	vphaddwq	existing	2
1634	VPHMINPOSUW	VPHMINPOSUW	1855	vphminposuw	appended	2
1635	VPHSUBBW	VPHSUBBW	859	vphsubbw	existing	2
1636	VPHSUBD	VPHSUBD	1856	vphsubd	appended	4
1637	VPHSUBDQ	VPHSUBDQ	861	vphsubdq	existing	2
1638	VPHSUBSW	VPHSUBSW	1857	vphsubsw	appended	4
1639	VPHSUBW	VPHSUBW	1858	vphsubw	appended	4
1640	VPHSUBWD	VPHSUBWD	860	vphsubwd	existing	2
1641	VPINSRB	VPINSRB	1859	vpinsrb	appended	4
1642	VPINSRD	VPINSRD	1860	vpinsrd	appended	8
1643	VPINSRQ	VPINSRQ	1861	vpinsrq	appended	4
1644	VPINSRW	VPINSRW	1862	vpinsrw	appended	4
1645	VPLZCNTD	VPLZCNTD	1091	vplzcntd	existing	6
1646	VPLZCNTQ	VPLZCNTQ	1092	vplzcntq	existing	6
1647	VPMACSDD	VPMACSDD	870	vpmacsdd	existing	2
1648	VPMACSDQH	VPMACSDQH	871	vpmacsdqh	existing	2
1649	VPMACSDQL	VPMACSDQL	869	vpmacsdql	existing	2
1650	VPMACSSDD	VPMACSSDD	865	vpmacssdd	existing	2
1651	VPMACSSDQH	VPMACSSDQH	866	vpmacssdqh	existing	2
1652	VPMACSSDQL	VPMACSSDQL	864	vpmacssdql	existing	2
1653	VPMACSSWD	VPMACSSWD	863	vpmacsswd	existing	2
1654	VPMACSSWW	VPMACSSWW	862	vpmacssww	existing	2
1655	VPMACSWD	VPMACSWD	868	vpmacswd	existing	2
1656	VPMACSWW	VPMACSWW	867	vpmacsww	existing	2
1657	VPMADCSSWD	VPMADCSSWD	872	vpmadcsswd	existing	2
1658	VPMADCSWD	VPMADCSWD	873	vpmadcswd	existing	2
1659	VPMADD52HUQ	VPMADD52HUQ	718	vpmadd52huq	existing	10
1660	VPMADD52LUQ	VPMADD52LUQ	717	vpmadd52luq	existing	10
1661	VPMADDUBSW	VPMADDUBSW	1020	vpmaddubsw	existing	10
1662	VPMADDWD	VPMADDWD	662	vpmaddwd	existing	10
1663	VPMASKMOVD	VPMASKMOVD	1863	vpmaskmovd	appended	4
1664	VPMASKMOVQ	VPMASKMOVQ	1864	vpmaskmovq	appended	4
1665	VPMAXSB	VPMAXSB	1008	vpmaxsb	existing	10
1666	VPMAXSD	VPMAXSD	1009	vpmaxsd	existing	10
1667	VPMAXSQ	VPMAXSQ	1010	vpmaxsq	existing	6
1668	VPMAXSW	VPMAXSW	665	vpmaxsw	existing	10
1669	VPMAXUB	VPMAXUB	666	vpmaxub	existing	10
1670	VPMAXUD	VPMAXUD	1012	vpmaxud	existing	10
1671	VPMAXUQ	VPMAXUQ	1013	vpmaxuq	existing	6
1672	VPMAXUW	VPMAXUW	1011	vpmaxuw	existing	10
1673	VPMINSB	VPMINSB	1002	vpminsb	existing	10
1674	VPMINSD	VPMINSD	1003	vpminsd	existing	10
1675	VPMINSQ	VPMINSQ	1004	vpminsq	existing	6
1676	VPMINSW	VPMINSW	667	vpminsw	existing	10
1677	VPMINUB	VPMINUB	668	vpminub	existing	10
1678	VPMINUD	VPMINUD	1006	vpminud	existing	10
1679	VPMINUQ	VPMINUQ	1007	vpminuq	existing	6
1680	VPMINUW	VPMINUW	1005	vpminuw	existing	10
1681	VPMOVB2M	VPMOVB2M	1865	vpmovb2m	appended	3
1682	VPMOVD2M	VPMOVD2M	1866	vpmovd2m	appended	3
1683	VPMOVDB	VPMOVDB	1867	vpmovdb	appended	6
1684	VPMOVDW	VPMOVDW	1868	vpmovdw	appended	6
1685	VPMOVM2B	VPMOVM2B	1869	vpmovm2b	appended	3
1686	VPMOVM2D	VPMOVM2D	1870	vpmovm2d	appended	3
1687	VPMOVM2Q	VPMOVM2Q	1871	vpmovm2q	appended	3
1688	VPMOVM2W	VPMOVM2W	1872	vpmovm2w	appended	3
1689	VPMOVMSKB	VPMOVMSKB	1873	vpmovmskb	appended	2
1690	VPMOVQ2M	VPMOVQ2M	1874	vpmovq2m	appended	3
1691	VPMOVQB	VPMOVQB	1875	vpmovqb	appended	6
1692	VPMOVQD	VPMOVQD	1876	vpmovqd	appended	6
1693	VPMOVQW	VPMOVQW	1877	vpmovqw	appended	6
1694	VPMOVSDB	VPMOVSDB	1878	vpmovsdb	appended	6
1695	VPMOVSDW	VPMOVSDW	1879	vpmovsdw	appended	6
1696	VPMOVSQB	VPMOVSQB	1880	vpmovsqb	appended	6
1697	VPMOVSQD	VPMOVSQD	1881	vpmovsqd	appended	6
1698	VPMOVSQW	VPMOVSQW	1882	vpmovsqw	appended	6
1699	VPMOVSSDB	VPMOVSSDB	1883	vpmovssdb	appended	6
1700	VPMOVSWB	VPMOVSWB	1884	vpmovswb	appended	6
1701	VPMOVSXBD	VPMOVSXBD	1885	vpmovsxbd	appended	10
1702	VPMOVSXBQ	VPMOVSXBQ	1886	vpmovsxbq	appended	10
1703	VPMOVSXBW	VPMOVSXBW	1887	vpmovsxbw	appended	10
1704	VPMOVSXDQ	VPMOVSXDQ	1888	vpmovsxdq	appended	10
1705	VPMOVSXWD	VPMOVSXWD	1889	vpmovsxwd	appended	10
1706	VPMOVSXWQ	VPMOVSXWQ	1890	vpmovsxwq	appended	10
1707	VPMOVUSDB	VPMOVUSDB	1891	vpmovusdb	appended	6
1708	VPMOVUSDW	VPMOVUSDW	1892	vpmovusdw	appended	6
1709	VPMOVUSQB	VPMOVUSQB	1893	vpmovusqb	appended	6
1710	VPMOVUSQD	VPMOVUSQD	1894	vpmovusqd	appended	6
1711	VPMOVUSQW	VPMOVUSQW	1895	vpmovusqw	appended	6
1712	VPMOVUSWB	VPMOVUSWB	1896	vpmovuswb	appended	6
1713	VPMOVW2M	VPMOVW2M	1897	vpmovw2m	appended	3
1714	VPMOVWB	VPMOVWB	1898	vpmovwb	appended	6
1715	VPMOVZXBD	VPMOVZXBD	1899	vpmovzxbd	appended	10
1716	VPMOVZXBQ	VPMOVZXBQ	1900	vpmovzxbq	appended	10
1717	VPMOVZXBW	VPMOVZXBW	1901	vpmovzxbw	appended	10
1718	VPMOVZXDQ	VPMOVZXDQ	1902	vpmovzxdq	appended	10
1719	VPMOVZXWD	VPMOVZXWD	1903	vpmovzxwd	appended	10
1720	VPMOVZXWQ	VPMOVZXWQ	1904	vpmovzxwq	appended	10
1721	VPMULDQ	VPMULDQ	1019	vpmuldq	existing	10
1722	VPMULHRSW	VPMULHRSW	1018	vpmulhrsw	existing	10
1723	VPMULHUW	VPMULHUW	1017	vpmulhuw	existing	10
1724	VPMULHW	VPMULHW	1016	vpmulhw	existing	10
1725	VPMULLD	VPMULLD	1014	vpmulld	existing	10
1726	VPMULLQ	VPMULLQ	1015	vpmullq	existing	6
1727	VPMULLW	VPMULLW	660	vpmullw	existing	10
1728	VPMULTISHIFTQB	VPMULTISHIFTQB	1100	vpmultishiftqb	existing	6
1729	VPMULUDQ	VPMULUDQ	661	vpmuludq	existing	10
1730	VPOPCNTB	VPOPCNTB	1085	vpopcntb	existing	6
1731	VPOPCNTD	VPOPCNTD	716	vpopcntd	existing	6
1732	VPOPCNTQ	VPOPCNTQ	1087	vpopcntq	existing	6
1733	VPOPCNTW	VPOPCNTW	1086	vpopcntw	existing	6
1734	VPOR	VPOR	652	vpor	existing	4
1735	VPORD	VPORD	1033	vpord	existing	6
1736	VPORQ	VPORQ	1034	vporq	existing	6
1737	VPPERM	VPPERM	882	vpperm	existing	4
1738	VPROLD	VPROLD	1050	vprold	existing	6
1739	VPROLQ	VPROLQ	1051	vprolq	existing	6
1740	VPROLVD	VPROLVD	1046	vprolvd	existing	6
1741	VPROLVQ	VPROLVQ	1047	vprolvq	existing	6
1742	VPRORD	VPRORD	1052	vprord	existing	6
1743	VPRORQ	VPRORQ	1053	vprorq	existing	6
1744	VPRORVD	VPRORVD	1048	vprorvd	existing	6
1745	VPRORVQ	VPRORVQ	1049	vprorvq	existing	6
1746	VPROTB	VPROTB	705	vprotb	existing	6
1747	VPROTD	VPROTD	707	vprotd	existing	6
1748	VPROTQ	VPROTQ	708	vprotq	existing	6
1749	VPROTW	VPROTW	706	vprotw	existing	6
1750	VPSADBW	VPSADBW	669	vpsadbw	existing	10
1751	VPSCATTERDD	VPSCATTERDD	1905	vpscatterdd	appended	3
1752	VPSCATTERDQ	VPSCATTERDQ	1906	vpscatterdq	appended	3
1753	VPSCATTERQD	VPSCATTERQD	1907	vpscatterqd	appended	3
1754	VPSCATTERQQ	VPSCATTERQQ	1908	vpscatterqq	appended	3
1755	VPSHAB	VPSHAB	824	vpshab	existing	4
1756	VPSHAD	VPSHAD	826	vpshad	existing	4
1757	VPSHAQ	VPSHAQ	827	vpshaq	existing	4
1758	VPSHAW	VPSHAW	825	vpshaw	existing	4
1759	VPSHLB	VPSHLB	820	vpshlb	existing	4
1760	VPSHLD	VPSHLD	822	vpshld	existing	4
1761	VPSHLDD	VPSHLDD	1066	vpshldd	existing	6
1762	VPSHLDQ	VPSHLDQ	1067	vpshldq	existing	6
1763	VPSHLDVD	VPSHLDVD	1069	vpshldvd	existing	6
1764	VPSHLDVQ	VPSHLDVQ	1070	vpshldvq	existing	6
1765	VPSHLDVW	VPSHLDVW	1068	vpshldvw	existing	6
1766	VPSHLDW	VPSHLDW	1065	vpshldw	existing	6
1767	VPSHLQ	VPSHLQ	823	vpshlq	existing	4
1768	VPSHLW	VPSHLW	821	vpshlw	existing	4
1769	VPSHRDD	VPSHRDD	1072	vpshrdd	existing	6
1770	VPSHRDQ	VPSHRDQ	1073	vpshrdq	existing	6
1771	VPSHRDVD	VPSHRDVD	1075	vpshrdvd	existing	6
1772	VPSHRDVQ	VPSHRDVQ	1076	vpshrdvq	existing	6
1773	VPSHRDVW	VPSHRDVW	1074	vpshrdvw	existing	6
1774	VPSHRDW	VPSHRDW	1071	vpshrdw	existing	6
1775	VPSHUFB	VPSHUFB	733	vpshufb	existing	10
1776	VPSHUFBITQMB	VPSHUFBITQMB	1088	vpshufbitqmb	existing	6
1777	VPSHUFD	VPSHUFD	1909	vpshufd	appended	10
1778	VPSHUFHW	VPSHUFHW	1910	vpshufhw	appended	10
1779	VPSHUFLW	VPSHUFLW	1911	vpshuflw	appended	10
1780	VPSIGNB	VPSIGNB	1912	vpsignb	appended	4
1781	VPSIGND	VPSIGND	1913	vpsignd	appended	4
1782	VPSIGNW	VPSIGNW	1914	vpsignw	appended	4
1783	VPSLLD	VPSLLD	1057	vpslld	existing	18
1784	VPSLLDQ	VPSLLDQ	1064	vpslldq	existing	8
1785	VPSLLQ	VPSLLQ	1063	vpsllq	existing	18
1786	VPSLLVD	VPSLLVD	1037	vpsllvd	existing	10
1787	VPSLLVQ	VPSLLVQ	1038	vpsllvq	existing	10
1788	VPSLLVW	VPSLLVW	1043	vpsllvw	existing	6
1789	VPSLLW	VPSLLW	1060	vpsllw	existing	18
1790	VPSRAD	VPSRAD	1055	vpsrad	existing	18
1791	VPSRAQ	VPSRAQ	1056	vpsraq	existing	12
1792	VPSRAVD	VPSRAVD	1041	vpsravd	existing	10
1793	VPSRAVQ	VPSRAVQ	1042	vpsravq	existing	6
1794	VPSRAVW	VPSRAVW	1045	vpsravw	existing	6
1795	VPSRAW	VPSRAW	1059	vpsraw	existing	18
1796	VPSRLD	VPSRLD	1054	vpsrld	existing	18
1797	VPSRLDQ	VPSRLDQ	1062	vpsrldq	existing	8
1798	VPSRLQ	VPSRLQ	1061	vpsrlq	existing	18
1799	VPSRLVD	VPSRLVD	1039	vpsrlvd	existing	10
1800	VPSRLVQ	VPSRLVQ	1040	vpsrlvq	existing	10
1801	VPSRLVW	VPSRLVW	1044	vpsrlvw	existing	6
1802	VPSRLW	VPSRLW	1058	vpsrlw	existing	18
1803	VPSUBB	VPSUBB	646	vpsubb	existing	10
1804	VPSUBD	VPSUBD	648	vpsubd	existing	10
1805	VPSUBQ	VPSUBQ	649	vpsubq	existing	10
1806	VPSUBSB	VPSUBSB	1025	vpsubsb	existing	10
1807	VPSUBSW	VPSUBSW	1026	vpsubsw	existing	10
1808	VPSUBUSB	VPSUBUSB	1027	vpsubusb	existing	10
1809	VPSUBUSW	VPSUBUSW	1028	vpsubusw	existing	10
1810	VPSUBW	VPSUBW	647	vpsubw	existing	10
1811	VPTERNLOGD	VPTERNLOGD	1915	vpternlogd	appended	6
1812	VPTERNLOGQ	VPTERNLOGQ	1916	vpternlogq	appended	6
1813	VPTEST	VPTEST	1917	vptest	appended	4
1814	VPTESTMB	VPTESTMB	1918	vptestmb	appended	6
1815	VPTESTMD	VPTESTMD	1919	vptestmd	appended	6
1816	VPTESTMQ	VPTESTMQ	1920	vptestmq	appended	6
1817	VPTESTMW	VPTESTMW	1921	vptestmw	appended	6
1818	VPTESTNMB	VPTESTNMB	1922	vptestnmb	appended	6
1819	VPTESTNMD	VPTESTNMD	1923	vptestnmd	appended	6
1820	VPTESTNMQ	VPTESTNMQ	1924	vptestnmq	appended	6
1821	VPTESTNMW	VPTESTNMW	1925	vptestnmw	appended	6
1822	VPUNPCKHBW	VPUNPCKHBW	1926	vpunpckhbw	appended	10
1823	VPUNPCKHDQ	VPUNPCKHDQ	1927	vpunpckhdq	appended	10
1824	VPUNPCKHQDQ	VPUNPCKHQDQ	1928	vpunpckhqdq	appended	10
1825	VPUNPCKHWD	VPUNPCKHWD	1929	vpunpckhwd	appended	10
1826	VPUNPCKLBW	VPUNPCKLBW	1930	vpunpcklbw	appended	10
1827	VPUNPCKLDQ	VPUNPCKLDQ	1931	vpunpckldq	appended	10
1828	VPUNPCKLQDQ	VPUNPCKLQDQ	1932	vpunpcklqdq	appended	10
1829	VPUNPCKLWD	VPUNPCKLWD	1933	vpunpcklwd	appended	10
1830	VPXOR	VPXOR	653	vpxor	existing	4
1831	VPXORD	VPXORD	1035	vpxord	existing	6
1832	VPXORQ	VPXORQ	1036	vpxorq	existing	6
1833	VRANGEPD	VRANGEPD	1934	vrangepd	appended	7
1834	VRANGEPS	VRANGEPS	1935	vrangeps	appended	7
1835	VRANGESD	VRANGESD	1936	vrangesd	appended	3
1836	VRANGESS	VRANGESS	1937	vrangess	appended	3
1837	VRCP14PD	VRCP14PD	1938	vrcp14pd	appended	6
1838	VRCP14PS	VRCP14PS	1939	vrcp14ps	appended	6
1839	VRCP14SD	VRCP14SD	1940	vrcp14sd	appended	2
1840	VRCP14SS	VRCP14SS	1941	vrcp14ss	appended	2
1841	VRCP28PD	VRCP28PD	1942	vrcp28pd	appended	3
1842	VRCP28PS	VRCP28PS	1943	vrcp28ps	appended	3
1843	VRCP28SD	VRCP28SD	1944	vrcp28sd	appended	3
1844	VRCP28SS	VRCP28SS	1945	vrcp28ss	appended	3
1845	VRCPBF16	VRCPBF16	1946	vrcpbf16	appended	6
1846	VRCPPH	VRCPPH	1947	vrcpph	appended	6
1847	VRCPPS	VRCPPS	899	vrcpps	existing	4
1848	VRCPSH	VRCPSH	1948	vrcpsh	appended	2
1849	VRCPSS	VRCPSS	900	vrcpss	existing	2
1850	VREDUCEBF16	VREDUCEBF16	1949	vreducebf16	appended	6
1851	VREDUCEPD	VREDUCEPD	1950	vreducepd	appended	7
1852	VREDUCEPH	VREDUCEPH	1951	vreduceph	appended	7
1853	VREDUCEPS	VREDUCEPS	1952	vreduceps	appended	7
1854	VREDUCESD	VREDUCESD	1953	vreducesd	appended	3
1855	VREDUCESH	VREDUCESH	1954	vreducesh	appended	3
1856	VREDUCESS	VREDUCESS	1955	vreducess	appended	3
1857	VRNDSCALEBF16	VRNDSCALEBF16	1956	vrndscalebf16	appended	6
1858	VRNDSCALEPD	VRNDSCALEPD	1957	vrndscalepd	appended	7
1859	VRNDSCALEPH	VRNDSCALEPH	1958	vrndscaleph	appended	7
1860	VRNDSCALEPS	VRNDSCALEPS	1959	vrndscaleps	appended	7
1861	VRNDSCALESD	VRNDSCALESD	1960	vrndscalesd	appended	3
1862	VRNDSCALESH	VRNDSCALESH	1961	vrndscalesh	appended	3
1863	VRNDSCALESS	VRNDSCALESS	1962	vrndscaless	appended	3
1864	VROUNDPD	VROUNDPD	1963	vroundpd	appended	4
1865	VROUNDPS	VROUNDPS	1964	vroundps	appended	4
1866	VROUNDSD	VROUNDSD	1965	vroundsd	appended	2
1867	VROUNDSS	VROUNDSS	1966	vroundss	appended	2
1868	VRSQRT14PD	VRSQRT14PD	1967	vrsqrt14pd	appended	6
1869	VRSQRT14PS	VRSQRT14PS	1968	vrsqrt14ps	appended	6
1870	VRSQRT14SD	VRSQRT14SD	1969	vrsqrt14sd	appended	2
1871	VRSQRT14SS	VRSQRT14SS	1970	vrsqrt14ss	appended	2
1872	VRSQRT28PD	VRSQRT28PD	1971	vrsqrt28pd	appended	3
1873	VRSQRT28PS	VRSQRT28PS	1972	vrsqrt28ps	appended	3
1874	VRSQRT28SD	VRSQRT28SD	1973	vrsqrt28sd	appended	3
1875	VRSQRT28SS	VRSQRT28SS	1974	vrsqrt28ss	appended	3
1876	VRSQRTBF16	VRSQRTBF16	1975	vrsqrtbf16	appended	6
1877	VRSQRTPH	VRSQRTPH	1976	vrsqrtph	appended	6
1878	VRSQRTPS	VRSQRTPS	901	vrsqrtps	existing	4
1879	VRSQRTSH	VRSQRTSH	1977	vrsqrtsh	appended	2
1880	VRSQRTSS	VRSQRTSS	902	vrsqrtss	existing	2
1881	VSCALEFBF16	VSCALEFBF16	1978	vscalefbf16	appended	6
1882	VSCALEFPD	VSCALEFPD	1979	vscalefpd	appended	7
1883	VSCALEFPH	VSCALEFPH	1980	vscalefph	appended	7
1884	VSCALEFPS	VSCALEFPS	1981	vscalefps	appended	7
1885	VSCALEFSD	VSCALEFSD	1982	vscalefsd	appended	3
1886	VSCALEFSH	VSCALEFSH	1983	vscalefsh	appended	3
1887	VSCALEFSS	VSCALEFSS	1984	vscalefss	appended	3
1888	VSCATTERDPD	VSCATTERDPD	1985	vscatterdpd	appended	3
1889	VSCATTERDPS	VSCATTERDPS	1986	vscatterdps	appended	3
1890	VSCATTERPF0DPD	VSCATTERPF0DPD	1987	vscatterpf0dpd	appended	1
1891	VSCATTERPF0DPS	VSCATTERPF0DPS	1988	vscatterpf0dps	appended	1
1892	VSCATTERPF0QPD	VSCATTERPF0QPD	1989	vscatterpf0qpd	appended	1
1893	VSCATTERPF0QPS	VSCATTERPF0QPS	1990	vscatterpf0qps	appended	1
1894	VSCATTERPF1DPD	VSCATTERPF1DPD	1991	vscatterpf1dpd	appended	1
1895	VSCATTERPF1DPS	VSCATTERPF1DPS	1992	vscatterpf1dps	appended	1
1896	VSCATTERPF1QPD	VSCATTERPF1QPD	1993	vscatterpf1qpd	appended	1
1897	VSCATTERPF1QPS	VSCATTERPF1QPS	1994	vscatterpf1qps	appended	1
1898	VSCATTERQPD	VSCATTERQPD	1995	vscatterqpd	appended	3
1899	VSCATTERQPS	VSCATTERQPS	1996	vscatterqps	appended	3
1900	VSHA512MSG1	VSHA512MSG1	885	vsha512msg1	existing	1
1901	VSHA512MSG2	VSHA512MSG2	886	vsha512msg2	existing	1
1902	VSHA512RNDS2	VSHA512RNDS2	887	vsha512rnds2	existing	1
1903	VSHUFF32X4	VSHUFF32X4	1997	vshuff32x4	appended	4
1904	VSHUFF64X2	VSHUFF64X2	1998	vshuff64x2	appended	4
1905	VSHUFI32X4	VSHUFI32X4	1999	vshufi32x4	appended	4
1906	VSHUFI64X2	VSHUFI64X2	2000	vshufi64x2	appended	4
1907	VSHUFPD	VSHUFPD	2001	vshufpd	appended	10
1908	VSHUFPS	VSHUFPS	2002	vshufps	appended	10
1909	VSM3MSG1	VSM3MSG1	888	vsm3msg1	existing	2
1910	VSM3MSG2	VSM3MSG2	889	vsm3msg2	existing	2
1911	VSM3RNDS2	VSM3RNDS2	890	vsm3rnds2	existing	2
1912	VSM4KEY4	VSM4KEY4	891	vsm4key4	existing	10
1913	VSM4RNDS4	VSM4RNDS4	892	vsm4rnds4	existing	10
1914	VSQRTBF16	VSQRTBF16	2003	vsqrtbf16	appended	6
1915	VSQRTPD	VSQRTPD	903	vsqrtpd	existing	11
1916	VSQRTPH	VSQRTPH	2004	vsqrtph	appended	7
1917	VSQRTPS	VSQRTPS	904	vsqrtps	existing	11
1918	VSQRTSD	VSQRTSD	905	vsqrtsd	existing	5
1919	VSQRTSH	VSQRTSH	2005	vsqrtsh	appended	3
1920	VSQRTSS	VSQRTSS	906	vsqrtss	existing	5
1921	VSTMXCSR	VSTMXCSR	2006	vstmxcsr	appended	1
1922	VSUBBF16	VSUBBF16	941	vsubbf16	existing	6
1923	VSUBPD	VSUBPD	615	vsubpd	existing	11
1924	VSUBPH	VSUBPH	2007	vsubph	appended	7
1925	VSUBPS	VSUBPS	614	vsubps	existing	11
1926	VSUBSD	VSUBSD	617	vsubsd	existing	5
1927	VSUBSH	VSUBSH	2008	vsubsh	appended	3
1928	VSUBSS	VSUBSS	616	vsubss	existing	5
1929	VTESTPD	VTESTPD	2009	vtestpd	appended	4
1930	VTESTPS	VTESTPS	2010	vtestps	appended	4
1931	VUCOMISD	VUCOMISD	2011	vucomisd	appended	5
1932	VUCOMISH	VUCOMISH	2012	vucomish	appended	3
1933	VUCOMISS	VUCOMISS	2013	vucomiss	appended	5
1934	VUCOMXSD	VUCOMXSD	2014	vucomxsd	appended	3
1935	VUCOMXSH	VUCOMXSH	2015	vucomxsh	appended	3
1936	VUCOMXSS	VUCOMXSS	2016	vucomxss	appended	3
1937	VUNPACKB	VUNPACKB	2017	vunpackb	appended	6
1938	VUNPCKHPD	VUNPCKHPD	2018	vunpckhpd	appended	10
1939	VUNPCKHPS	VUNPCKHPS	2019	vunpckhps	appended	10
1940	VUNPCKLPD	VUNPCKLPD	2020	vunpcklpd	appended	10
1941	VUNPCKLPS	VUNPCKLPS	2021	vunpcklps	appended	10
1942	VXORPD	VXORPD	641	vxorpd	existing	10
1943	VXORPS	VXORPS	640	vxorps	existing	10
1944	VZEROALL	VZEROALL	270	vzeroall	existing	1
1945	VZEROUPPER	VZEROUPPER	271	vzeroupper	existing	1
1946	WBINVD	WBINVD	205	wbinvd	existing	2
1947	WBNOINVD	WBNOINVD	924	wbnoinvd	existing	1
1948	WRFSBASE	WRFSBASE	1163	wrfsbase	existing	1
1949	WRGSBASE	WRGSBASE	1164	wrgsbase	existing	1
1950	WRMSR	WRMSR	206	wrmsr	existing	1
1951	WRMSRLIST	WRMSRLIST	2022	wrmsrlist	appended	1
1952	WRMSRNS	WRMSRNS	2023	wrmsrns	appended	3
1953	WRPKRU	WRPKRU	1166	wrpkru	existing	1
1954	WRSSD	WRSSD	836	wrssd	existing	2
1955	WRSSQ	WRSSQ	837	wrssq	existing	2
1956	WRUSSD	WRUSSD	838	wrussd	existing	2
1957	WRUSSQ	WRUSSQ	839	wrussq	existing	2
1958	XABORT	XABORT	740	xabort	existing	1
1959	XADD	XADD	207	xadd	existing	4
1960	XADD_LOCK	XADD_LOCK	2024	xadd_lock	appended	2
1961	XBEGIN	XBEGIN	739	xbegin	existing	1
1962	XCHG	XCHG	208	xchg	existing	9
1963	XEND	XEND	741	xend	existing	1
1964	XGETBV	XGETBV	1155	xgetbv	existing	1
1965	XLAT	XLAT	2025	xlat	appended	1
1966	XOR	XOR	210	xor	existing	106
1967	XORPD	XORPD	350	xorpd	existing	2
1968	XORPS	XORPS	292	xorps	existing	2
1969	XOR_LOCK	XOR_LOCK	2026	xor_lock	appended	6
1970	XRESLDTRK	XRESLDTRK	1178	xresldtrk	existing	1
1971	XRSTOR	XRSTOR	1145	xrstor	existing	1
1972	XRSTOR64	XRSTOR64	1146	xrstor64	existing	1
1973	XRSTORS	XRSTORS	1153	xrstors	existing	1
1974	XRSTORS64	XRSTORS64	1154	xrstors64	existing	1
1975	XSAVE	XSAVE	1143	xsave	existing	1
1976	XSAVE64	XSAVE64	1144	xsave64	existing	1
1977	XSAVEC	XSAVEC	1149	xsavec	existing	1
1978	XSAVEC64	XSAVEC64	1150	xsavec64	existing	1
1979	XSAVEOPT	XSAVEOPT	1147	xsaveopt	existing	1
1980	XSAVEOPT64	XSAVEOPT64	1148	xsaveopt64	existing	1
1981	XSAVES	XSAVES	1151	xsaves	existing	1
1982	XSAVES64	XSAVES64	1152	xsaves64	existing	1
1983	XSETBV	XSETBV	1156	xsetbv	existing	1
1984	XSTORE	XSTORE	2027	xstore	appended	1
1985	XSUSLDTRK	XSUSLDTRK	1177	xsusldtrk	existing	1
1986	XTEST	XTEST	742	xtest	existing	1
