xed_index	isa_set	macro_token	group_token	group_id	group_allocation	decode_bit_token	decode_bit_id	decode_bitmap_index	decode_bitmap_mask	bit_allocation	record_count
0	3DNOW	3DNOW	3DNOW	16	existing	3DNOW	2	0	0x0000000000000004	existing	49
1	ACE_1	ACE_1	ACE_1	116	appended	ACE_1	64	1	0x0000000000000001	appended	25
2	ADOX_ADCX	ADOX_ADCX	ADOX_ADCX	117	appended	ADOX_ADCX	65	1	0x0000000000000002	appended	8
3	AES	AES	AESNI	34	existing_alias	AES	14	0	0x0000000000004000	existing	12
4	AMD	AMD	AMD	118	appended	AMD	66	1	0x0000000000000004	appended	2
5	AMD_INVLPGB	AMD_INVLPGB	AMD_INVLPGB	119	appended	AMD_INVLPGB	67	1	0x0000000000000008	appended	3
6	AMX_AVX512	AMX_AVX512	AMX_AVX512	101	existing	AMX_AVX512	50	0	0x0004000000000000	existing	12
7	AMX_BF16	AMX_BF16	AMX_BF16	87	existing	AMX_BF16	45	0	0x0000200000000000	existing	1
8	AMX_COMPLEX	AMX_COMPLEX	AMX_COMPLEX	98	existing	AMX_COMPLEX	47	0	0x0000800000000000	existing	2
9	AMX_FP16	AMX_FP16	AMX_FP16	93	existing	AMX_FP16	46	0	0x0000400000000000	existing	1
10	AMX_FP8	AMX_FP8	AMX_FP8	99	existing	AMX_FP8	48	0	0x0001000000000000	existing	4
11	AMX_INT8	AMX_INT8	AMX_INT8	86	existing	AMX_INT8	44	0	0x0000100000000000	existing	4
12	AMX_MOVRS	AMX_MOVRS	AMX_MOVRS	100	existing	AMX_MOVRS	49	0	0x0002000000000000	existing	2
13	AMX_TILE	AMX_TILE	AMX_TILE	85	existing	AMX_TILE	43	0	0x0000080000000000	existing	3
14	AMX_TILE_BASE	AMX_TILE_BASE	AMX_TILE_BASE	120	appended	AMX_TILE_BASE	68	1	0x0000000000000010	appended	4
15	APX_F	APX_F	APX_F	91	existing	APX	22	0	0x0000000000400000	existing	383
16	APX_F_ADX	APX_F_ADX	APX_F_ADX	121	appended	APX_F_ADX	69	1	0x0000000000000020	appended	8
17	APX_F_ADX_N3	APX_F_ADX_N3	APX_F_ADX_N3	122	appended	APX_F_ADX_N3	70	1	0x0000000000000040	appended	8
18	APX_F_AMX	APX_F_AMX	APX_F_AMX	123	appended	APX_F_AMX	71	1	0x0000000000000080	appended	3
19	APX_F_AMX_BASE	APX_F_AMX_BASE	APX_F_AMX_BASE	124	appended	APX_F_AMX_BASE	72	1	0x0000000000000100	appended	2
20	APX_F_AMX_MOVRS	APX_F_AMX_MOVRS	APX_F_AMX_MOVRS	125	appended	APX_F_AMX_MOVRS	73	1	0x0000000000000200	appended	2
21	APX_F_BMI1	APX_F_BMI1	APX_F_BMI1	126	appended	APX_F_BMI1	74	1	0x0000000000000400	appended	24
22	APX_F_BMI1_N3	APX_F_BMI1_N3	APX_F_BMI1_N3	127	appended	APX_F_BMI1_N3	75	1	0x0000000000000800	appended	24
23	APX_F_BMI2	APX_F_BMI2	APX_F_BMI2	128	appended	APX_F_BMI2	76	1	0x0000000000001000	appended	32
24	APX_F_BMI2_N3	APX_F_BMI2_N3	APX_F_BMI2_N3	129	appended	APX_F_BMI2_N3	77	1	0x0000000000002000	appended	4
25	APX_F_CET	APX_F_CET	APX_F_CET	130	appended	APX_F_CET	78	1	0x0000000000004000	appended	4
26	APX_F_CMPCCXADD	APX_F_CMPCCXADD	APX_F_CMPCCXADD	131	appended	APX_F_CMPCCXADD	79	1	0x0000000000008000	appended	32
27	APX_F_ENQCMD	APX_F_ENQCMD	APX_F_ENQCMD	132	appended	APX_F_ENQCMD	80	1	0x0000000000010000	appended	2
28	APX_F_INVPCID	APX_F_INVPCID	APX_F_INVPCID	133	appended	APX_F_INVPCID	81	1	0x0000000000020000	appended	1
29	APX_F_KOPB	APX_F_KOPB	APX_F_KOPB	134	appended	APX_F_KOPB	82	1	0x0000000000040000	appended	5
30	APX_F_KOPD	APX_F_KOPD	APX_F_KOPD	135	appended	APX_F_KOPD	83	1	0x0000000000080000	appended	5
31	APX_F_KOPQ	APX_F_KOPQ	APX_F_KOPQ	136	appended	APX_F_KOPQ	84	1	0x0000000000100000	appended	5
32	APX_F_KOPW	APX_F_KOPW	APX_F_KOPW	137	appended	APX_F_KOPW	85	1	0x0000000000200000	appended	5
33	APX_F_LZCNT	APX_F_LZCNT	APX_F_LZCNT	138	appended	APX_F_LZCNT	86	1	0x0000000000400000	appended	4
34	APX_F_LZCNT_N3	APX_F_LZCNT_N3	APX_F_LZCNT_N3	139	appended	APX_F_LZCNT_N3	87	1	0x0000000000800000	appended	4
35	APX_F_MOVBE	APX_F_MOVBE	APX_F_MOVBE	140	appended	APX_F_MOVBE	88	1	0x0000000001000000	appended	8
36	APX_F_MOVDIR64B	APX_F_MOVDIR64B	APX_F_MOVDIR64B	141	appended	APX_F_MOVDIR64B	89	1	0x0000000002000000	appended	1
37	APX_F_MOVDIRI	APX_F_MOVDIRI	APX_F_MOVDIRI	142	appended	APX_F_MOVDIRI	90	1	0x0000000004000000	appended	1
38	APX_F_MOVRS	APX_F_MOVRS	APX_F_MOVRS	143	appended	APX_F_MOVRS	91	1	0x0000000008000000	appended	3
39	APX_F_MSR_IMM	APX_F_MSR_IMM	APX_F_MSR_IMM	144	appended	APX_F_MSR_IMM	92	1	0x0000000010000000	appended	2
40	APX_F_N3	APX_F_N3	APX_F_N3	145	appended	APX_F_N3	93	1	0x0000000020000000	appended	1866
41	APX_F_POPCNT	APX_F_POPCNT	APX_F_POPCNT	146	appended	APX_F_POPCNT	94	1	0x0000000040000000	appended	4
42	APX_F_POPCNT_N3	APX_F_POPCNT_N3	APX_F_POPCNT_N3	147	appended	APX_F_POPCNT_N3	95	1	0x0000000080000000	appended	4
43	APX_F_RAO_INT	APX_F_RAO_INT	APX_F_RAO_INT	148	appended	APX_F_RAO_INT	96	1	0x0000000100000000	appended	8
44	APX_F_USER_MSR	APX_F_USER_MSR	APX_F_USER_MSR	149	appended	APX_F_USER_MSR	97	1	0x0000000200000000	appended	4
45	APX_F_VMX	APX_F_VMX	APX_F_VMX	150	appended	APX_F_VMX	98	1	0x0000000400000000	appended	2
46	AVX	AVX	AVX	37	existing	AVX	8	0	0x0000000000000100	existing	728
47	AVX10_2_BF16_128	AVX10_2_BF16_128	AVX10_2_BF16_128	151	appended	AVX10_2_BF16_128	99	1	0x0000000800000000	appended	56
48	AVX10_2_BF16_256	AVX10_2_BF16_256	AVX10_2_BF16_256	152	appended	AVX10_2_BF16_256	100	1	0x0000001000000000	appended	56
49	AVX10_2_BF16_512	AVX10_2_BF16_512	AVX10_2_BF16_512	153	appended	AVX10_2_BF16_512	101	1	0x0000002000000000	appended	56
50	AVX10_2_BF16_SCALAR	AVX10_2_BF16_SCALAR	AVX10_2_BF16_SCALAR	154	appended	AVX10_2_BF16_SCALAR	102	1	0x0000004000000000	appended	2
51	AVX10_MOVRS_128	AVX10_MOVRS_128	AVX10_MOVRS_128	155	appended	AVX10_MOVRS_128	103	1	0x0000008000000000	appended	4
52	AVX10_MOVRS_256	AVX10_MOVRS_256	AVX10_MOVRS_256	156	appended	AVX10_MOVRS_256	104	1	0x0000010000000000	appended	4
53	AVX10_MOVRS_512	AVX10_MOVRS_512	AVX10_MOVRS_512	157	appended	AVX10_MOVRS_512	105	1	0x0000020000000000	appended	4
54	AVX10_V2_AUX_128	AVX10_V2_AUX_128	AVX10_V2_AUX_128	158	appended	AVX10_V2_AUX_128	106	1	0x0000040000000000	appended	38
55	AVX10_V2_AUX_256	AVX10_V2_AUX_256	AVX10_V2_AUX_256	159	appended	AVX10_V2_AUX_256	107	1	0x0000080000000000	appended	38
56	AVX10_V2_AUX_512	AVX10_V2_AUX_512	AVX10_V2_AUX_512	160	appended	AVX10_V2_AUX_512	108	1	0x0000100000000000	appended	38
57	AVX2	AVX2	AVX2	46	existing	AVX2	9	0	0x0000000000000200	existing	286
58	AVX2GATHER	AVX2GATHER	AVX2GATHER	161	appended	AVX2GATHER	109	1	0x0000200000000000	appended	16
59	AVX512BW_128	AVX512BW_128	AVX512BW_128	162	appended	AVX512BW_128	110	1	0x0000400000000000	appended	172
60	AVX512BW_128N	AVX512BW_128N	AVX512BW_128N	163	appended	AVX512BW_128N	111	1	0x0000800000000000	appended	10
61	AVX512BW_256	AVX512BW_256	AVX512BW_256	164	appended	AVX512BW_256	112	1	0x0001000000000000	appended	172
62	AVX512BW_512	AVX512BW_512	AVX512BW_512	165	appended	AVX512BW_512	113	1	0x0002000000000000	appended	172
63	AVX512BW_KOPD	AVX512BW_KOPD	AVX512BW_KOPD	166	appended	AVX512BW_KOPD	114	1	0x0004000000000000	appended	19
64	AVX512BW_KOPQ	AVX512BW_KOPQ	AVX512BW_KOPQ	167	appended	AVX512BW_KOPQ	115	1	0x0008000000000000	appended	17
65	AVX512CD_128	AVX512CD_128	AVX512CD_128	168	appended	AVX512CD_128	116	1	0x0010000000000000	appended	10
66	AVX512CD_256	AVX512CD_256	AVX512CD_256	169	appended	AVX512CD_256	117	1	0x0020000000000000	appended	10
67	AVX512CD_512	AVX512CD_512	AVX512CD_512	170	appended	AVX512CD_512	118	1	0x0040000000000000	appended	10
68	AVX512DQ_128	AVX512DQ_128	AVX512DQ_128	171	appended	AVX512DQ_128	119	1	0x0080000000000000	appended	60
69	AVX512DQ_128N	AVX512DQ_128N	AVX512DQ_128N	172	appended	AVX512DQ_128N	120	1	0x0100000000000000	appended	12
70	AVX512DQ_256	AVX512DQ_256	AVX512DQ_256	173	appended	AVX512DQ_256	121	1	0x0200000000000000	appended	72
71	AVX512DQ_512	AVX512DQ_512	AVX512DQ_512	174	appended	AVX512DQ_512	122	1	0x0400000000000000	appended	98
72	AVX512DQ_KOPB	AVX512DQ_KOPB	AVX512DQ_KOPB	175	appended	AVX512DQ_KOPB	123	1	0x0800000000000000	appended	16
73	AVX512DQ_KOPW	AVX512DQ_KOPW	AVX512DQ_KOPW	176	appended	AVX512DQ_KOPW	124	1	0x1000000000000000	appended	2
74	AVX512DQ_SCALAR	AVX512DQ_SCALAR	AVX512DQ_SCALAR	177	appended	AVX512DQ_SCALAR	125	1	0x2000000000000000	appended	16
75	AVX512ER_512	AVX512ER_512	AVX512ER_512	178	appended	AVX512ER_512	126	1	0x4000000000000000	appended	18
76	AVX512ER_SCALAR	AVX512ER_SCALAR	AVX512ER_SCALAR	179	appended	AVX512ER_SCALAR	127	1	0x8000000000000000	appended	12
77	AVX512F_128	AVX512F_128	AVX512F_128	180	appended	AVX512F_128	128	2	0x0000000000000001	appended	485
78	AVX512F_128N	AVX512F_128N	AVX512F_128N	181	appended	AVX512F_128N	129	2	0x0000000000000002	appended	30
79	AVX512F_256	AVX512F_256	AVX512F_256	182	appended	AVX512F_256	130	2	0x0000000000000004	appended	517
80	AVX512F_512	AVX512F_512	AVX512F_512	183	appended	AVX512F_512	131	2	0x0000000000000008	appended	605
81	AVX512F_KOPW	AVX512F_KOPW	AVX512F_KOPW	184	appended	AVX512F_KOPW	132	2	0x0000000000000010	appended	15
82	AVX512F_SCALAR	AVX512F_SCALAR	AVX512F_SCALAR	185	appended	AVX512F_SCALAR	133	2	0x0000000000000020	appended	288
83	AVX512PF_512	AVX512PF_512	AVX512PF_512	186	appended	AVX512PF_512	134	2	0x0000000000000040	appended	16
84	AVX512_4FMAPS_512	AVX512_4FMAPS_512	AVX512_4FMAPS_512	187	appended	AVX512_4FMAPS_512	135	2	0x0000000000000080	appended	2
85	AVX512_4FMAPS_SCALAR	AVX512_4FMAPS_SCALAR	AVX512_4FMAPS_SCALAR	188	appended	AVX512_4FMAPS_SCALAR	136	2	0x0000000000000100	appended	2
86	AVX512_4VNNIW_512	AVX512_4VNNIW_512	AVX512_4VNNIW_512	189	appended	AVX512_4VNNIW_512	137	2	0x0000000000000200	appended	2
87	AVX512_BF16_128	AVX512_BF16_128	AVX512_BF16_128	190	appended	AVX512_BF16_128	138	2	0x0000000000000400	appended	6
88	AVX512_BF16_256	AVX512_BF16_256	AVX512_BF16_256	191	appended	AVX512_BF16_256	139	2	0x0000000000000800	appended	6
89	AVX512_BF16_512	AVX512_BF16_512	AVX512_BF16_512	192	appended	AVX512_BF16_512	140	2	0x0000000000001000	appended	6
90	AVX512_BITALG_128	AVX512_BITALG_128	AVX512_BITALG_128	193	appended	AVX512_BITALG_128	141	2	0x0000000000002000	appended	6
91	AVX512_BITALG_256	AVX512_BITALG_256	AVX512_BITALG_256	194	appended	AVX512_BITALG_256	142	2	0x0000000000004000	appended	6
92	AVX512_BITALG_512	AVX512_BITALG_512	AVX512_BITALG_512	195	appended	AVX512_BITALG_512	143	2	0x0000000000008000	appended	6
93	AVX512_COM_EF_SCALAR	AVX512_COM_EF_SCALAR	AVX512_COM_EF_SCALAR	196	appended	AVX512_COM_EF_SCALAR	144	2	0x0000000000010000	appended	18
94	AVX512_FP16_128	AVX512_FP16_128	AVX512_FP16_128	197	appended	AVX512_FP16_128	145	2	0x0000000000020000	appended	120
95	AVX512_FP16_128N	AVX512_FP16_128N	AVX512_FP16_128N	198	appended	AVX512_FP16_128N	146	2	0x0000000000040000	appended	4
96	AVX512_FP16_256	AVX512_FP16_256	AVX512_FP16_256	199	appended	AVX512_FP16_256	147	2	0x0000000000080000	appended	120
97	AVX512_FP16_512	AVX512_FP16_512	AVX512_FP16_512	200	appended	AVX512_FP16_512	148	2	0x0000000000100000	appended	177
98	AVX512_FP16_CONVERT_128	AVX512_FP16_CONVERT_128	AVX512_FP16_CONVERT_128	201	appended	AVX512_FP16_CONVERT_128	149	2	0x0000000000200000	appended	2
99	AVX512_FP16_CONVERT_256	AVX512_FP16_CONVERT_256	AVX512_FP16_CONVERT_256	202	appended	AVX512_FP16_CONVERT_256	150	2	0x0000000000400000	appended	2
100	AVX512_FP16_CONVERT_512	AVX512_FP16_CONVERT_512	AVX512_FP16_CONVERT_512	203	appended	AVX512_FP16_CONVERT_512	151	2	0x0000000000800000	appended	3
101	AVX512_FP16_SCALAR	AVX512_FP16_SCALAR	AVX512_FP16_SCALAR	204	appended	AVX512_FP16_SCALAR	152	2	0x0000000001000000	appended	169
102	AVX512_FP8_CONVERT_128	AVX512_FP8_CONVERT_128	AVX512_FP8_CONVERT_128	205	appended	AVX512_FP8_CONVERT_128	153	2	0x0000000002000000	appended	26
103	AVX512_FP8_CONVERT_256	AVX512_FP8_CONVERT_256	AVX512_FP8_CONVERT_256	206	appended	AVX512_FP8_CONVERT_256	154	2	0x0000000004000000	appended	26
104	AVX512_FP8_CONVERT_512	AVX512_FP8_CONVERT_512	AVX512_FP8_CONVERT_512	207	appended	AVX512_FP8_CONVERT_512	155	2	0x0000000008000000	appended	26
105	AVX512_GFNI_128	AVX512_GFNI_128	AVX512_GFNI_128	208	appended	AVX512_GFNI_128	156	2	0x0000000010000000	appended	6
106	AVX512_GFNI_256	AVX512_GFNI_256	AVX512_GFNI_256	209	appended	AVX512_GFNI_256	157	2	0x0000000020000000	appended	6
107	AVX512_GFNI_512	AVX512_GFNI_512	AVX512_GFNI_512	210	appended	AVX512_GFNI_512	158	2	0x0000000040000000	appended	6
108	AVX512_IFMA_128	AVX512_IFMA_128	AVX512_IFMA_128	211	appended	AVX512_IFMA_128	159	2	0x0000000080000000	appended	4
109	AVX512_IFMA_256	AVX512_IFMA_256	AVX512_IFMA_256	212	appended	AVX512_IFMA_256	160	2	0x0000000100000000	appended	4
110	AVX512_IFMA_512	AVX512_IFMA_512	AVX512_IFMA_512	213	appended	AVX512_IFMA_512	161	2	0x0000000200000000	appended	4
111	AVX512_MEDIAX_128	AVX512_MEDIAX_128	AVX512_MEDIAX_128	214	appended	AVX512_MEDIAX_128	162	2	0x0000000400000000	appended	2
112	AVX512_MEDIAX_256	AVX512_MEDIAX_256	AVX512_MEDIAX_256	215	appended	AVX512_MEDIAX_256	163	2	0x0000000800000000	appended	2
113	AVX512_MEDIAX_512	AVX512_MEDIAX_512	AVX512_MEDIAX_512	216	appended	AVX512_MEDIAX_512	164	2	0x0000001000000000	appended	2
114	AVX512_MINMAX_128	AVX512_MINMAX_128	AVX512_MINMAX_128	217	appended	AVX512_MINMAX_128	165	2	0x0000002000000000	appended	8
115	AVX512_MINMAX_256	AVX512_MINMAX_256	AVX512_MINMAX_256	218	appended	AVX512_MINMAX_256	166	2	0x0000004000000000	appended	8
116	AVX512_MINMAX_512	AVX512_MINMAX_512	AVX512_MINMAX_512	219	appended	AVX512_MINMAX_512	167	2	0x0000008000000000	appended	11
117	AVX512_MINMAX_SCALAR	AVX512_MINMAX_SCALAR	AVX512_MINMAX_SCALAR	220	appended	AVX512_MINMAX_SCALAR	168	2	0x0000010000000000	appended	9
118	AVX512_MOVZXC_128	AVX512_MOVZXC_128	AVX512_MOVZXC_128	221	appended	AVX512_MOVZXC_128	169	2	0x0000020000000000	appended	8
119	AVX512_SAT_CVT_128	AVX512_SAT_CVT_128	AVX512_SAT_CVT_128	222	appended	AVX512_SAT_CVT_128	170	2	0x0000040000000000	appended	24
120	AVX512_SAT_CVT_256	AVX512_SAT_CVT_256	AVX512_SAT_CVT_256	223	appended	AVX512_SAT_CVT_256	171	2	0x0000080000000000	appended	24
121	AVX512_SAT_CVT_512	AVX512_SAT_CVT_512	AVX512_SAT_CVT_512	224	appended	AVX512_SAT_CVT_512	172	2	0x0000100000000000	appended	34
122	AVX512_SAT_CVT_DS_128	AVX512_SAT_CVT_DS_128	AVX512_SAT_CVT_DS_128	225	appended	AVX512_SAT_CVT_DS_128	173	2	0x0000200000000000	appended	16
123	AVX512_SAT_CVT_DS_256	AVX512_SAT_CVT_DS_256	AVX512_SAT_CVT_DS_256	226	appended	AVX512_SAT_CVT_DS_256	174	2	0x0000400000000000	appended	16
124	AVX512_SAT_CVT_DS_512	AVX512_SAT_CVT_DS_512	AVX512_SAT_CVT_DS_512	227	appended	AVX512_SAT_CVT_DS_512	175	2	0x0000800000000000	appended	24
125	AVX512_SAT_CVT_DS_SCALAR	AVX512_SAT_CVT_DS_SCALAR	AVX512_SAT_CVT_DS_SCALAR	228	appended	AVX512_SAT_CVT_DS_SCALAR	176	2	0x0001000000000000	appended	36
126	AVX512_VAES_128	AVX512_VAES_128	AVX512_VAES_128	229	appended	AVX512_VAES_128	177	2	0x0002000000000000	appended	8
127	AVX512_VAES_256	AVX512_VAES_256	AVX512_VAES_256	230	appended	AVX512_VAES_256	178	2	0x0004000000000000	appended	8
128	AVX512_VAES_512	AVX512_VAES_512	AVX512_VAES_512	231	appended	AVX512_VAES_512	179	2	0x0008000000000000	appended	8
129	AVX512_VBMI2_128	AVX512_VBMI2_128	AVX512_VBMI2_128	232	appended	AVX512_VBMI2_128	180	2	0x0010000000000000	appended	32
130	AVX512_VBMI2_256	AVX512_VBMI2_256	AVX512_VBMI2_256	233	appended	AVX512_VBMI2_256	181	2	0x0020000000000000	appended	32
131	AVX512_VBMI2_512	AVX512_VBMI2_512	AVX512_VBMI2_512	234	appended	AVX512_VBMI2_512	182	2	0x0040000000000000	appended	32
132	AVX512_VBMI_128	AVX512_VBMI_128	AVX512_VBMI_128	235	appended	AVX512_VBMI_128	183	2	0x0080000000000000	appended	8
133	AVX512_VBMI_256	AVX512_VBMI_256	AVX512_VBMI_256	236	appended	AVX512_VBMI_256	184	2	0x0100000000000000	appended	8
134	AVX512_VBMI_512	AVX512_VBMI_512	AVX512_VBMI_512	237	appended	AVX512_VBMI_512	185	2	0x0200000000000000	appended	8
135	AVX512_VNNI_128	AVX512_VNNI_128	AVX512_VNNI_128	238	appended	AVX512_VNNI_128	186	2	0x0400000000000000	appended	8
136	AVX512_VNNI_256	AVX512_VNNI_256	AVX512_VNNI_256	239	appended	AVX512_VNNI_256	187	2	0x0800000000000000	appended	8
137	AVX512_VNNI_512	AVX512_VNNI_512	AVX512_VNNI_512	240	appended	AVX512_VNNI_512	188	2	0x1000000000000000	appended	8
138	AVX512_VNNI_FP16_128	AVX512_VNNI_FP16_128	AVX512_VNNI_FP16_128	241	appended	AVX512_VNNI_FP16_128	189	2	0x2000000000000000	appended	2
139	AVX512_VNNI_FP16_256	AVX512_VNNI_FP16_256	AVX512_VNNI_FP16_256	242	appended	AVX512_VNNI_FP16_256	190	2	0x4000000000000000	appended	2
140	AVX512_VNNI_FP16_512	AVX512_VNNI_FP16_512	AVX512_VNNI_FP16_512	243	appended	AVX512_VNNI_FP16_512	191	2	0x8000000000000000	appended	2
141	AVX512_VNNI_INT16_128	AVX512_VNNI_INT16_128	AVX512_VNNI_INT16_128	244	appended	AVX512_VNNI_INT16_128	192	3	0x0000000000000001	appended	12
142	AVX512_VNNI_INT16_256	AVX512_VNNI_INT16_256	AVX512_VNNI_INT16_256	245	appended	AVX512_VNNI_INT16_256	193	3	0x0000000000000002	appended	12
143	AVX512_VNNI_INT16_512	AVX512_VNNI_INT16_512	AVX512_VNNI_INT16_512	246	appended	AVX512_VNNI_INT16_512	194	3	0x0000000000000004	appended	12
144	AVX512_VNNI_INT8_128	AVX512_VNNI_INT8_128	AVX512_VNNI_INT8_128	247	appended	AVX512_VNNI_INT8_128	195	3	0x0000000000000008	appended	12
145	AVX512_VNNI_INT8_256	AVX512_VNNI_INT8_256	AVX512_VNNI_INT8_256	248	appended	AVX512_VNNI_INT8_256	196	3	0x0000000000000010	appended	12
146	AVX512_VNNI_INT8_512	AVX512_VNNI_INT8_512	AVX512_VNNI_INT8_512	249	appended	AVX512_VNNI_INT8_512	197	3	0x0000000000000020	appended	12
147	AVX512_VP2INTERSECT_128	AVX512_VP2INTERSECT_128	AVX512_VP2INTERSECT_128	250	appended	AVX512_VP2INTERSECT_128	198	3	0x0000000000000040	appended	4
148	AVX512_VP2INTERSECT_256	AVX512_VP2INTERSECT_256	AVX512_VP2INTERSECT_256	251	appended	AVX512_VP2INTERSECT_256	199	3	0x0000000000000080	appended	4
149	AVX512_VP2INTERSECT_512	AVX512_VP2INTERSECT_512	AVX512_VP2INTERSECT_512	252	appended	AVX512_VP2INTERSECT_512	200	3	0x0000000000000100	appended	4
150	AVX512_VPCLMULQDQ_128	AVX512_VPCLMULQDQ_128	AVX512_VPCLMULQDQ_128	253	appended	AVX512_VPCLMULQDQ_128	201	3	0x0000000000000200	appended	2
151	AVX512_VPCLMULQDQ_256	AVX512_VPCLMULQDQ_256	AVX512_VPCLMULQDQ_256	254	appended	AVX512_VPCLMULQDQ_256	202	3	0x0000000000000400	appended	2
152	AVX512_VPCLMULQDQ_512	AVX512_VPCLMULQDQ_512	AVX512_VPCLMULQDQ_512	255	appended	AVX512_VPCLMULQDQ_512	203	3	0x0000000000000800	appended	2
153	AVX512_VPOPCNTDQ_128	AVX512_VPOPCNTDQ_128	AVX512_VPOPCNTDQ_128	256	appended	AVX512_VPOPCNTDQ_128	204	3	0x0000000000001000	appended	4
154	AVX512_VPOPCNTDQ_256	AVX512_VPOPCNTDQ_256	AVX512_VPOPCNTDQ_256	257	appended	AVX512_VPOPCNTDQ_256	205	3	0x0000000000002000	appended	4
155	AVX512_VPOPCNTDQ_512	AVX512_VPOPCNTDQ_512	AVX512_VPOPCNTDQ_512	258	appended	AVX512_VPOPCNTDQ_512	206	3	0x0000000000004000	appended	4
156	AVXAES	AVXAES	AVXAES	259	appended	AVXAES	207	3	0x0000000000008000	appended	12
157	AVX_GFNI	AVX_GFNI	AVX_GFNI	260	appended	AVX_GFNI	208	3	0x0000000000010000	appended	12
158	AVX_IFMA	AVX_IFMA	AVX_IFMA	261	appended	AVX_IFMA	209	3	0x0000000000020000	appended	8
159	AVX_NE_CONVERT	AVX_NE_CONVERT	AVX_NE_CONVERT	262	appended	AVX_NE_CONVERT	210	3	0x0000000000040000	appended	16
160	AVX_VNNI	AVX_VNNI	AVX_VNNI	83	existing	AVX_VNNI	61	0	0x2000000000000000	existing	16
161	AVX_VNNI_INT16	AVX_VNNI_INT16	AVX_VNNI_INT16	109	existing	AVX_VNNI_INT16	63	0	0x8000000000000000	existing	24
162	AVX_VNNI_INT8	AVX_VNNI_INT8	AVX_VNNI_INT8	108	existing	AVX_VNNI_INT8	62	0	0x4000000000000000	existing	24
163	BMI1	BMI1	BMI1	48	existing	BMI1	58	0	0x0400000000000000	existing	32
164	BMI2	BMI2	BMI2	49	existing	BMI2	59	0	0x0800000000000000	existing	48
165	CET	CET	CET	263	appended	CET_ISA_SET	269	4	0x0000000000002000	appended	14
166	CLDEMOTE	CLDEMOTE	CLDEMOTE	264	appended	CLDEMOTE	211	3	0x0000000000080000	appended	1
167	CLFLUSHOPT	CLFLUSHOPT	CLFLUSHOPT	58	existing	MEMORY_HINTS	29	0	0x0000000020000000	existing	1
168	CLFSH	CLFSH	CLFSH	265	appended	CLFSH	212	3	0x0000000000100000	appended	1
169	CLWB	CLWB	CLWB	102	existing	MEMORY_HINTS	29	0	0x0000000020000000	existing	1
170	CLZERO	CLZERO	CLZERO	266	appended	CLZERO	213	3	0x0000000000200000	appended	1
171	CMOV	CMOV	CMOV	10	existing	NONE	none	none	0x0000000000000000	base	32
172	CMPCCXADD	CMPCCXADD	CMPCCXADD	267	appended	CMPCCXADD	214	3	0x0000000000400000	appended	32
173	CMPXCHG16B	CMPXCHG16B	CMPXCHG16B	112	existing	NONE	none	none	0x0000000000000000	base	2
174	ENQCMD	ENQCMD	ENQCMD	115	existing	SYSTEM	24	0	0x0000000001000000	existing	2
175	F16C	F16C	F16C	44	existing	F16C	10	0	0x0000000000000400	existing	8
176	FAT_NOP	FAT_NOP	FAT_NOP	268	appended	FAT_NOP	215	3	0x0000000000800000	appended	18
177	FCMOV	FCMOV	FCMOV	11	existing	FPU	0	0	0x0000000000000001	existing	8
178	FCOMI	FCOMI	FCOMI	12	existing	FPU	0	0	0x0000000000000001	existing	4
179	FMA	FMA	FMA3	47	existing_alias	FMA3	11	0	0x0000000000000800	existing	192
180	FMA4	FMA4	FMA4	39	existing	FMA4	13	0	0x0000000000002000	existing	128
181	FRED	FRED	FRED	269	appended	FRED	216	3	0x0000000001000000	appended	2
182	FXSAVE	FXSAVE	FXSR	15	existing_alias	STATE	26	0	0x0000000004000000	existing	2
183	FXSAVE64	FXSAVE64	FXSAVE64	270	appended	FXSAVE64	217	3	0x0000000002000000	appended	2
184	GFNI	GFNI	GFNI	76	existing	GFNI	17	0	0x0000000000020000	existing	6
185	HRESET	HRESET	HRESET	271	appended	HRESET	218	3	0x0000000004000000	appended	1
186	I186	I186	I186	2	existing	NONE	none	none	0x0000000000000000	base	72
187	I286PROTECTED	I286PROTECTED	I286PROTECTED	272	appended	I286PROTECTED	219	3	0x0000000008000000	appended	18
188	I286REAL	I286REAL	I286REAL	273	appended	I286REAL	220	3	0x0000000010000000	appended	13
189	I386	I386	I386	4	existing	NONE	none	none	0x0000000000000000	base	176
190	I486	I486	I486	5	existing	NONE	none	none	0x0000000000000000	base	1
191	I486REAL	I486REAL	I486REAL	274	appended	I486REAL	221	3	0x0000000020000000	appended	18
192	I86	I86	I86	1	existing	NONE	none	none	0x0000000000000000	base	566
193	IBHF	IBHF	IBHF	275	appended	IBHF	222	3	0x0000000040000000	appended	1
194	ICACHE_PREFETCH	ICACHE_PREFETCH	ICACHE_PREFETCH	276	appended	ICACHE_PREFETCH	223	3	0x0000000080000000	appended	2
195	INVPCID	INVPCID	INVPCID	53	existing	SYSTEM	24	0	0x0000000001000000	existing	2
196	KEYLOCKER	KEYLOCKER	KEYLOCKER	277	appended	KEYLOCKER	224	3	0x0000000100000000	appended	7
197	KEYLOCKER_WIDE	KEYLOCKER_WIDE	KEYLOCKER_WIDE	278	appended	KEYLOCKER_WIDE	225	3	0x0000000200000000	appended	4
198	LAHF	LAHF	LAHF	279	appended	LAHF	226	3	0x0000000400000000	appended	2
199	LKGS	LKGS	LKGS	280	appended	LKGS	227	3	0x0000000800000000	appended	2
200	LONGMODE	LONGMODE	LONGMODE	281	appended	LONGMODE	228	3	0x0000001000000000	appended	30
201	LWP	LWP	LWP	41	existing	SYSTEM	24	0	0x0000000001000000	existing	6
202	LZCNT	LZCNT	LZCNT	31	existing	BITMANIP	18	0	0x0000000000040000	existing	2
203	MCOMMIT	MCOMMIT	MCOMMIT	282	appended	MCOMMIT	229	3	0x0000002000000000	appended	1
204	MONITOR	MONITOR	MONITOR	283	appended	MONITOR	230	3	0x0000004000000000	appended	5
205	MONITORX	MONITORX	MONITORX	284	appended	MONITORX	231	3	0x0000008000000000	appended	5
206	MOVBE	MOVBE	MOVBE	52	existing	NONE	none	none	0x0000000000000000	base	2
207	MOVDIR64B	MOVDIR64B	MOVDIR64B	106	existing	SYSTEM	24	0	0x0000000001000000	existing	2
208	MOVDIRI	MOVDIRI	MOVDIRI	105	existing	SYSTEM	24	0	0x0000000001000000	existing	2
209	MOVRS	MOVRS	MOVRS	285	appended	MOVRS	232	3	0x0000010000000000	appended	3
210	MPX	MPX	MPX	57	existing	SECURITY	28	0	0x0000000010000000	existing	30
211	MSRLIST	MSRLIST	MSRLIST	286	appended	MSRLIST	233	3	0x0000020000000000	appended	2
212	MSR_IMM	MSR_IMM	MSR_IMM	287	appended	MSR_IMM	234	3	0x0000040000000000	appended	2
213	PAUSE	PAUSE	PAUSE	22	existing	MEMORY_HINTS	29	0	0x0000000020000000	existing	1
214	PBNDKB	PBNDKB	PBNDKB	288	appended	PBNDKB	235	3	0x0000080000000000	appended	1
215	PCLMULQDQ	PCLMULQDQ	PCLMULQDQ	35	existing	PCLMUL	15	0	0x0000000000008000	existing	2
216	PCONFIG	PCONFIG	PCONFIG	289	appended	PCONFIG	236	3	0x0000100000000000	appended	2
217	PENTIUMMMX	PENTIUMMMX	PENTIUMMMX	290	appended	PENTIUMMMX	237	3	0x0000200000000000	appended	136
218	PENTIUMREAL	PENTIUMREAL	PENTIUMREAL	291	appended	PENTIUMREAL	238	3	0x0000400000000000	appended	7
219	PKU	PKU	PKU	110	existing	SECURITY	28	0	0x0000000010000000	existing	2
220	POPCNT	POPCNT	POPCNT	32	existing	BITMANIP	18	0	0x0000000000040000	existing	2
221	PPRO	PPRO	PPRO	292	appended	PPRO	239	3	0x0000800000000000	appended	40
222	PPRO_UD0_LONG	PPRO_UD0_LONG	PPRO_UD0_LONG	293	appended	PPRO_UD0_LONG	240	3	0x0001000000000000	appended	2
223	PPRO_UD0_SHORT	PPRO_UD0_SHORT	PPRO_UD0_SHORT	294	appended	PPRO_UD0_SHORT	241	3	0x0002000000000000	appended	1
224	PREFETCHWT1	PREFETCHWT1	PREFETCHWT1	295	appended	PREFETCHWT1	242	3	0x0004000000000000	appended	1
225	PREFETCH_NOP	PREFETCH_NOP	PREFETCH_NOP	296	appended	PREFETCH_NOP	243	3	0x0008000000000000	appended	8
226	PTWRITE	PTWRITE	PTWRITE	297	appended	PTWRITE	244	3	0x0010000000000000	appended	2
227	RAO_INT	RAO_INT	RAO_INT	298	appended	RAO_INT	245	3	0x0020000000000000	appended	8
228	RDPID	RDPID	RDPID	103	existing	SYSTEM	24	0	0x0000000001000000	existing	2
229	RDPMC	RDPMC	RDPMC	299	appended	RDPMC	246	3	0x0040000000000000	appended	1
230	RDPRU	RDPRU	RDPRU	300	appended	RDPRU	247	3	0x0080000000000000	appended	1
231	RDRAND	RDRAND	RDRAND	43	existing	SECURITY	28	0	0x0000000010000000	existing	1
232	RDSEED	RDSEED	RDSEED	55	existing	SECURITY	28	0	0x0000000010000000	existing	1
233	RDTSCP	RDTSCP	RDTSCP	111	existing	SYSTEM	24	0	0x0000000001000000	existing	1
234	RDWRFSGS	RDWRFSGS	RDWRFSGS	301	appended	RDWRFSGS	248	3	0x0100000000000000	appended	4
235	RTM	RTM	RTM	51	existing	TRANSACTIONAL	27	0	0x0000000008000000	existing	4
236	SEP	SEP	SEP	14	existing	SYSTEM	24	0	0x0000000001000000	existing	4
237	SERIALIZE	SERIALIZE	SERIALIZE	104	existing	SYSTEM	24	0	0x0000000001000000	existing	1
238	SGX	SGX	SGX	56	existing	SECURITY	28	0	0x0000000010000000	existing	2
239	SGX_ENCLV	SGX_ENCLV	SGX_ENCLV	302	appended	SGX_ENCLV	249	3	0x0200000000000000	appended	1
240	SHA	SHA	SHA	61	existing	SHA	16	0	0x0000000000010000	existing	14
241	SHA512	SHA512	SHA512	95	existing	SHA512	42	0	0x0000040000000000	existing	3
242	SM3	SM3	SM3	96	existing	SM3	31	0	0x0000000080000000	existing	6
243	SM4	SM4	SM4	97	existing	SM4	32	0	0x0000000100000000	existing	8
244	SM4_128	SM4_128	SM4_128	303	appended	SM4_128	250	3	0x0400000000000000	appended	4
245	SM4_256	SM4_256	SM4_256	304	appended	SM4_256	251	3	0x0800000000000000	appended	4
246	SM4_512	SM4_512	SM4_512	305	appended	SM4_512	252	3	0x1000000000000000	appended	4
247	SMAP	SMAP	SMAP	306	appended	SMAP	253	3	0x2000000000000000	appended	2
248	SMX	SMX	SMX	92	existing	SMX	23	0	0x0000000000800000	existing	1
249	SNP	SNP	SNP	307	appended	SNP	254	3	0x4000000000000000	appended	4
250	SSE	SSE	SSE	19	existing	SSE	3	0	0x0000000000000008	existing	98
251	SSE2	SSE2	SSE2	20	existing	SSE2	4	0	0x0000000000000010	existing	273
252	SSE2MMX	SSE2MMX	SSE2MMX	308	appended	SSE2MMX	255	3	0x8000000000000000	appended	6
253	SSE3	SSE3	SSE3	24	existing	SSE3	5	0	0x0000000000000020	existing	19
254	SSE3X87	SSE3X87	SSE3X87	309	appended	SSE3X87	256	4	0x0000000000000001	appended	3
255	SSE4	SSE4	SSE4	310	appended	SSE4_ISA_SET	270	4	0x0000000000004000	appended	97
256	SSE42	SSE42	SSE42	33	existing	SSE42	56	0	0x0100000000000000	existing	26
257	SSE4a	SSE4A	SSE4A	30	existing	SSE4A	57	0	0x0200000000000000	existing	6
258	SSEMXCSR	SSEMXCSR	SSEMXCSR	311	appended	SSEMXCSR	257	4	0x0000000000000002	appended	2
259	SSE_PREFETCH	SSE_PREFETCH	SSE_PREFETCH	312	appended	SSE_PREFETCH	258	4	0x0000000000000004	appended	4
260	SSSE3	SSSE3	SSSE3	28	existing	SSSE3	6	0	0x0000000000000040	existing	32
261	SSSE3MMX	SSSE3MMX	SSSE3MMX	313	appended	SSSE3MMX	259	4	0x0000000000000008	appended	32
262	SVM	SVM	SVM	27	existing	SVM	54	0	0x0040000000000000	existing	8
263	TBM	TBM	TBM	40	existing	BITMANIP	18	0	0x0000000000040000	existing	40
264	TDX	TDX	TDX	314	appended	TDX	260	4	0x0000000000000010	appended	5
265	TSX_LDTRK	TSX_LDTRK	TSX_LDTRK	114	existing	TRANSACTIONAL	27	0	0x0000000008000000	existing	2
266	UINTR	UINTR	UINTR	113	existing	SYSTEM	24	0	0x0000000001000000	existing	5
267	USER_MSR	USER_MSR	USER_MSR	315	appended	USER_MSR	261	4	0x0000000000000020	appended	4
268	VAES	VAES	VAES	77	existing	VAES	40	0	0x0000010000000000	existing	8
269	VIA_PADLOCK_AES	VIA_PADLOCK_AES	VIA_PADLOCK_AES	316	appended	VIA_PADLOCK_AES	262	4	0x0000000000000040	appended	5
270	VIA_PADLOCK_MONTMUL	VIA_PADLOCK_MONTMUL	VIA_PADLOCK_MONTMUL	317	appended	VIA_PADLOCK_MONTMUL	263	4	0x0000000000000080	appended	2
271	VIA_PADLOCK_RNG	VIA_PADLOCK_RNG	VIA_PADLOCK_RNG	318	appended	VIA_PADLOCK_RNG	264	4	0x0000000000000100	appended	2
272	VIA_PADLOCK_SHA	VIA_PADLOCK_SHA	VIA_PADLOCK_SHA	319	appended	VIA_PADLOCK_SHA	265	4	0x0000000000000200	appended	2
273	VMFUNC	VMFUNC	VMFUNC	320	appended	VMFUNC	266	4	0x0000000000000400	appended	1
274	VPCLMULQDQ	VPCLMULQDQ	VPCLMULQDQ	78	existing	VPCLMULQDQ	41	0	0x0000020000000000	existing	2
275	VTX	VTX	VTX	321	appended	VTX	267	4	0x0000000000000800	appended	20
276	WAITPKG	WAITPKG	WAITPKG	94	existing	SYSTEM	24	0	0x0000000001000000	existing	3
277	WBNOINVD	WBNOINVD	WBNOINVD	107	existing	SYSTEM	24	0	0x0000000001000000	existing	1
278	WRMSRNS	WRMSRNS	WRMSRNS	322	appended	WRMSRNS	268	4	0x0000000000001000	appended	1
279	X87	X87	X87	6	existing	FPU	0	0	0x0000000000000001	existing	154
280	XOP	XOP	XOP	38	existing	XOP	12	0	0x0000000000001000	existing	166
281	XSAVE	XSAVE	XSAVE	36	existing	STATE	26	0	0x0000000004000000	existing	6
282	XSAVEC	XSAVEC	XSAVEC	59	existing	STATE	26	0	0x0000000004000000	existing	2
283	XSAVEOPT	XSAVEOPT	XSAVEOPT	42	existing	STATE	26	0	0x0000000004000000	existing	2
284	XSAVES	XSAVES	XSAVES	60	existing	STATE	26	0	0x0000000004000000	existing	4
